[2026-07-13 13:59:35] local.ERROR: Cannot redeclare province_name() (previously declared in C:\Users\AMIN\Desktop\bigstore\app\helpers.php:7) {"exception":"[object] (Symfony\\Component\\ErrorHandler\\Error\\FatalError(code: 0): Cannot redeclare province_name() (previously declared in C:\\Users\\AMIN\\Desktop\\bigstore\\app\\helpers.php:7) at C:\\Users\\AMIN\\Desktop\\bigstore\\app\\helpers.php:9)
[stacktrace]
#0 {main}
"} 
[2026-07-13 14:00:35] local.ERROR: Cannot redeclare province_name() (previously declared in C:\Users\AMIN\Desktop\bigstore\app\helpers.php:7) {"exception":"[object] (Symfony\\Component\\ErrorHandler\\Error\\FatalError(code: 0): Cannot redeclare province_name() (previously declared in C:\\Users\\AMIN\\Desktop\\bigstore\\app\\helpers.php:7) at C:\\Users\\AMIN\\Desktop\\bigstore\\app\\helpers.php:9)
[stacktrace]
#0 {main}
"} 
[2026-07-13 14:01:35] local.ERROR: Cannot redeclare province_name() (previously declared in C:\Users\AMIN\Desktop\bigstore\app\helpers.php:7) {"exception":"[object] (Symfony\\Component\\ErrorHandler\\Error\\FatalError(code: 0): Cannot redeclare province_name() (previously declared in C:\\Users\\AMIN\\Desktop\\bigstore\\app\\helpers.php:7) at C:\\Users\\AMIN\\Desktop\\bigstore\\app\\helpers.php:9)
[stacktrace]
#0 {main}
"} 
[2026-07-13 14:02:35] local.ERROR: Cannot redeclare province_name() (previously declared in C:\Users\AMIN\Desktop\bigstore\app\helpers.php:7) {"exception":"[object] (Symfony\\Component\\ErrorHandler\\Error\\FatalError(code: 0): Cannot redeclare province_name() (previously declared in C:\\Users\\AMIN\\Desktop\\bigstore\\app\\helpers.php:7) at C:\\Users\\AMIN\\Desktop\\bigstore\\app\\helpers.php:9)
[stacktrace]
#0 {main}
"} 
[2026-07-13 14:03:35] local.ERROR: Cannot redeclare province_name() (previously declared in C:\Users\AMIN\Desktop\bigstore\app\helpers.php:7) {"exception":"[object] (Symfony\\Component\\ErrorHandler\\Error\\FatalError(code: 0): Cannot redeclare province_name() (previously declared in C:\\Users\\AMIN\\Desktop\\bigstore\\app\\helpers.php:7) at C:\\Users\\AMIN\\Desktop\\bigstore\\app\\helpers.php:9)
[stacktrace]
#0 {main}
"} 
[2026-07-13 14:04:35] local.ERROR: Cannot redeclare province_name() (previously declared in C:\Users\AMIN\Desktop\bigstore\app\helpers.php:7) {"exception":"[object] (Symfony\\Component\\ErrorHandler\\Error\\FatalError(code: 0): Cannot redeclare province_name() (previously declared in C:\\Users\\AMIN\\Desktop\\bigstore\\app\\helpers.php:7) at C:\\Users\\AMIN\\Desktop\\bigstore\\app\\helpers.php:9)
[stacktrace]
#0 {main}
"} 
[2026-07-13 14:05:35] local.ERROR: Cannot redeclare province_name() (previously declared in C:\Users\AMIN\Desktop\bigstore\app\helpers.php:7) {"exception":"[object] (Symfony\\Component\\ErrorHandler\\Error\\FatalError(code: 0): Cannot redeclare province_name() (previously declared in C:\\Users\\AMIN\\Desktop\\bigstore\\app\\helpers.php:7) at C:\\Users\\AMIN\\Desktop\\bigstore\\app\\helpers.php:9)
[stacktrace]
#0 {main}
"} 
[2026-07-13 14:06:35] local.ERROR: Cannot redeclare province_name() (previously declared in C:\Users\AMIN\Desktop\bigstore\app\helpers.php:7) {"exception":"[object] (Symfony\\Component\\ErrorHandler\\Error\\FatalError(code: 0): Cannot redeclare province_name() (previously declared in C:\\Users\\AMIN\\Desktop\\bigstore\\app\\helpers.php:7) at C:\\Users\\AMIN\\Desktop\\bigstore\\app\\helpers.php:9)
[stacktrace]
#0 {main}
"} 
[2026-07-13 14:07:35] local.ERROR: Cannot redeclare province_name() (previously declared in C:\Users\AMIN\Desktop\bigstore\app\helpers.php:7) {"exception":"[object] (Symfony\\Component\\ErrorHandler\\Error\\FatalError(code: 0): Cannot redeclare province_name() (previously declared in C:\\Users\\AMIN\\Desktop\\bigstore\\app\\helpers.php:7) at C:\\Users\\AMIN\\Desktop\\bigstore\\app\\helpers.php:9)
[stacktrace]
#0 {main}
"} 
[2026-07-13 14:08:35] local.ERROR: Cannot redeclare province_name() (previously declared in C:\Users\AMIN\Desktop\bigstore\app\helpers.php:7) {"exception":"[object] (Symfony\\Component\\ErrorHandler\\Error\\FatalError(code: 0): Cannot redeclare province_name() (previously declared in C:\\Users\\AMIN\\Desktop\\bigstore\\app\\helpers.php:7) at C:\\Users\\AMIN\\Desktop\\bigstore\\app\\helpers.php:9)
[stacktrace]
#0 {main}
"} 
[2026-07-13 14:09:35] local.ERROR: Cannot redeclare province_name() (previously declared in C:\Users\AMIN\Desktop\bigstore\app\helpers.php:7) {"exception":"[object] (Symfony\\Component\\ErrorHandler\\Error\\FatalError(code: 0): Cannot redeclare province_name() (previously declared in C:\\Users\\AMIN\\Desktop\\bigstore\\app\\helpers.php:7) at C:\\Users\\AMIN\\Desktop\\bigstore\\app\\helpers.php:9)
[stacktrace]
#0 {main}
"} 
[2026-07-13 14:10:35] local.ERROR: Cannot redeclare province_name() (previously declared in C:\Users\AMIN\Desktop\bigstore\app\helpers.php:7) {"exception":"[object] (Symfony\\Component\\ErrorHandler\\Error\\FatalError(code: 0): Cannot redeclare province_name() (previously declared in C:\\Users\\AMIN\\Desktop\\bigstore\\app\\helpers.php:7) at C:\\Users\\AMIN\\Desktop\\bigstore\\app\\helpers.php:9)
[stacktrace]
#0 {main}
"} 
[2026-07-13 14:11:35] local.ERROR: Cannot redeclare province_name() (previously declared in C:\Users\AMIN\Desktop\bigstore\app\helpers.php:7) {"exception":"[object] (Symfony\\Component\\ErrorHandler\\Error\\FatalError(code: 0): Cannot redeclare province_name() (previously declared in C:\\Users\\AMIN\\Desktop\\bigstore\\app\\helpers.php:7) at C:\\Users\\AMIN\\Desktop\\bigstore\\app\\helpers.php:9)
[stacktrace]
#0 {main}
"} 
[2026-07-13 14:12:35] local.ERROR: Cannot redeclare province_name() (previously declared in C:\Users\AMIN\Desktop\bigstore\app\helpers.php:7) {"exception":"[object] (Symfony\\Component\\ErrorHandler\\Error\\FatalError(code: 0): Cannot redeclare province_name() (previously declared in C:\\Users\\AMIN\\Desktop\\bigstore\\app\\helpers.php:7) at C:\\Users\\AMIN\\Desktop\\bigstore\\app\\helpers.php:9)
[stacktrace]
#0 {main}
"} 
[2026-07-13 14:13:35] local.ERROR: Cannot redeclare province_name() (previously declared in C:\Users\AMIN\Desktop\bigstore\app\helpers.php:7) {"exception":"[object] (Symfony\\Component\\ErrorHandler\\Error\\FatalError(code: 0): Cannot redeclare province_name() (previously declared in C:\\Users\\AMIN\\Desktop\\bigstore\\app\\helpers.php:7) at C:\\Users\\AMIN\\Desktop\\bigstore\\app\\helpers.php:9)
[stacktrace]
#0 {main}
"} 
[2026-07-13 14:14:35] local.ERROR: Cannot redeclare province_name() (previously declared in C:\Users\AMIN\Desktop\bigstore\app\helpers.php:7) {"exception":"[object] (Symfony\\Component\\ErrorHandler\\Error\\FatalError(code: 0): Cannot redeclare province_name() (previously declared in C:\\Users\\AMIN\\Desktop\\bigstore\\app\\helpers.php:7) at C:\\Users\\AMIN\\Desktop\\bigstore\\app\\helpers.php:9)
[stacktrace]
#0 {main}
"} 
[2026-07-13 14:15:35] local.ERROR: Cannot redeclare province_name() (previously declared in C:\Users\AMIN\Desktop\bigstore\app\helpers.php:7) {"exception":"[object] (Symfony\\Component\\ErrorHandler\\Error\\FatalError(code: 0): Cannot redeclare province_name() (previously declared in C:\\Users\\AMIN\\Desktop\\bigstore\\app\\helpers.php:7) at C:\\Users\\AMIN\\Desktop\\bigstore\\app\\helpers.php:9)
[stacktrace]
#0 {main}
"} 
[2026-07-13 14:16:35] local.ERROR: Cannot redeclare province_name() (previously declared in C:\Users\AMIN\Desktop\bigstore\app\helpers.php:7) {"exception":"[object] (Symfony\\Component\\ErrorHandler\\Error\\FatalError(code: 0): Cannot redeclare province_name() (previously declared in C:\\Users\\AMIN\\Desktop\\bigstore\\app\\helpers.php:7) at C:\\Users\\AMIN\\Desktop\\bigstore\\app\\helpers.php:9)
[stacktrace]
#0 {main}
"} 
[2026-07-13 14:17:35] local.ERROR: Cannot redeclare province_name() (previously declared in C:\Users\AMIN\Desktop\bigstore\app\helpers.php:7) {"exception":"[object] (Symfony\\Component\\ErrorHandler\\Error\\FatalError(code: 0): Cannot redeclare province_name() (previously declared in C:\\Users\\AMIN\\Desktop\\bigstore\\app\\helpers.php:7) at C:\\Users\\AMIN\\Desktop\\bigstore\\app\\helpers.php:9)
[stacktrace]
#0 {main}
"} 
[2026-07-13 14:18:35] local.ERROR: Cannot redeclare province_name() (previously declared in C:\Users\AMIN\Desktop\bigstore\app\helpers.php:7) {"exception":"[object] (Symfony\\Component\\ErrorHandler\\Error\\FatalError(code: 0): Cannot redeclare province_name() (previously declared in C:\\Users\\AMIN\\Desktop\\bigstore\\app\\helpers.php:7) at C:\\Users\\AMIN\\Desktop\\bigstore\\app\\helpers.php:9)
[stacktrace]
#0 {main}
"} 
[2026-07-13 14:19:36] local.ERROR: Cannot redeclare province_name() (previously declared in C:\Users\AMIN\Desktop\bigstore\app\helpers.php:7) {"exception":"[object] (Symfony\\Component\\ErrorHandler\\Error\\FatalError(code: 0): Cannot redeclare province_name() (previously declared in C:\\Users\\AMIN\\Desktop\\bigstore\\app\\helpers.php:7) at C:\\Users\\AMIN\\Desktop\\bigstore\\app\\helpers.php:9)
[stacktrace]
#0 {main}
"} 
[2026-07-13 14:20:35] local.ERROR: Cannot redeclare province_name() (previously declared in C:\Users\AMIN\Desktop\bigstore\app\helpers.php:7) {"exception":"[object] (Symfony\\Component\\ErrorHandler\\Error\\FatalError(code: 0): Cannot redeclare province_name() (previously declared in C:\\Users\\AMIN\\Desktop\\bigstore\\app\\helpers.php:7) at C:\\Users\\AMIN\\Desktop\\bigstore\\app\\helpers.php:9)
[stacktrace]
#0 {main}
"} 
[2026-07-13 14:21:35] local.ERROR: Cannot redeclare province_name() (previously declared in C:\Users\AMIN\Desktop\bigstore\app\helpers.php:7) {"exception":"[object] (Symfony\\Component\\ErrorHandler\\Error\\FatalError(code: 0): Cannot redeclare province_name() (previously declared in C:\\Users\\AMIN\\Desktop\\bigstore\\app\\helpers.php:7) at C:\\Users\\AMIN\\Desktop\\bigstore\\app\\helpers.php:9)
[stacktrace]
#0 {main}
"} 
[2026-07-13 14:22:35] local.ERROR: Cannot redeclare province_name() (previously declared in C:\Users\AMIN\Desktop\bigstore\app\helpers.php:7) {"exception":"[object] (Symfony\\Component\\ErrorHandler\\Error\\FatalError(code: 0): Cannot redeclare province_name() (previously declared in C:\\Users\\AMIN\\Desktop\\bigstore\\app\\helpers.php:7) at C:\\Users\\AMIN\\Desktop\\bigstore\\app\\helpers.php:9)
[stacktrace]
#0 {main}
"} 
[2026-07-13 14:23:35] local.ERROR: Cannot redeclare province_name() (previously declared in C:\Users\AMIN\Desktop\bigstore\app\helpers.php:7) {"exception":"[object] (Symfony\\Component\\ErrorHandler\\Error\\FatalError(code: 0): Cannot redeclare province_name() (previously declared in C:\\Users\\AMIN\\Desktop\\bigstore\\app\\helpers.php:7) at C:\\Users\\AMIN\\Desktop\\bigstore\\app\\helpers.php:9)
[stacktrace]
#0 {main}
"} 
[2026-07-13 14:24:35] local.ERROR: Cannot redeclare province_name() (previously declared in C:\Users\AMIN\Desktop\bigstore\app\helpers.php:7) {"exception":"[object] (Symfony\\Component\\ErrorHandler\\Error\\FatalError(code: 0): Cannot redeclare province_name() (previously declared in C:\\Users\\AMIN\\Desktop\\bigstore\\app\\helpers.php:7) at C:\\Users\\AMIN\\Desktop\\bigstore\\app\\helpers.php:9)
[stacktrace]
#0 {main}
"} 
[2026-07-13 14:25:35] local.ERROR: Cannot redeclare province_name() (previously declared in C:\Users\AMIN\Desktop\bigstore\app\helpers.php:7) {"exception":"[object] (Symfony\\Component\\ErrorHandler\\Error\\FatalError(code: 0): Cannot redeclare province_name() (previously declared in C:\\Users\\AMIN\\Desktop\\bigstore\\app\\helpers.php:7) at C:\\Users\\AMIN\\Desktop\\bigstore\\app\\helpers.php:9)
[stacktrace]
#0 {main}
"} 
[2026-07-13 14:26:35] local.ERROR: Cannot redeclare province_name() (previously declared in C:\Users\AMIN\Desktop\bigstore\app\helpers.php:7) {"exception":"[object] (Symfony\\Component\\ErrorHandler\\Error\\FatalError(code: 0): Cannot redeclare province_name() (previously declared in C:\\Users\\AMIN\\Desktop\\bigstore\\app\\helpers.php:7) at C:\\Users\\AMIN\\Desktop\\bigstore\\app\\helpers.php:9)
[stacktrace]
#0 {main}
"} 
[2026-07-13 14:27:35] local.ERROR: Cannot redeclare province_name() (previously declared in C:\Users\AMIN\Desktop\bigstore\app\helpers.php:7) {"exception":"[object] (Symfony\\Component\\ErrorHandler\\Error\\FatalError(code: 0): Cannot redeclare province_name() (previously declared in C:\\Users\\AMIN\\Desktop\\bigstore\\app\\helpers.php:7) at C:\\Users\\AMIN\\Desktop\\bigstore\\app\\helpers.php:9)
[stacktrace]
#0 {main}
"} 
[2026-07-13 14:28:35] local.ERROR: Cannot redeclare province_name() (previously declared in C:\Users\AMIN\Desktop\bigstore\app\helpers.php:7) {"exception":"[object] (Symfony\\Component\\ErrorHandler\\Error\\FatalError(code: 0): Cannot redeclare province_name() (previously declared in C:\\Users\\AMIN\\Desktop\\bigstore\\app\\helpers.php:7) at C:\\Users\\AMIN\\Desktop\\bigstore\\app\\helpers.php:9)
[stacktrace]
#0 {main}
"} 
[2026-07-13 14:29:35] local.ERROR: Cannot redeclare province_name() (previously declared in C:\Users\AMIN\Desktop\bigstore\app\helpers.php:7) {"exception":"[object] (Symfony\\Component\\ErrorHandler\\Error\\FatalError(code: 0): Cannot redeclare province_name() (previously declared in C:\\Users\\AMIN\\Desktop\\bigstore\\app\\helpers.php:7) at C:\\Users\\AMIN\\Desktop\\bigstore\\app\\helpers.php:9)
[stacktrace]
#0 {main}
"} 
[2026-07-13 14:30:35] local.ERROR: Cannot redeclare province_name() (previously declared in C:\Users\AMIN\Desktop\bigstore\app\helpers.php:7) {"exception":"[object] (Symfony\\Component\\ErrorHandler\\Error\\FatalError(code: 0): Cannot redeclare province_name() (previously declared in C:\\Users\\AMIN\\Desktop\\bigstore\\app\\helpers.php:7) at C:\\Users\\AMIN\\Desktop\\bigstore\\app\\helpers.php:9)
[stacktrace]
#0 {main}
"} 
[2026-07-13 14:31:35] local.ERROR: Cannot redeclare province_name() (previously declared in C:\Users\AMIN\Desktop\bigstore\app\helpers.php:7) {"exception":"[object] (Symfony\\Component\\ErrorHandler\\Error\\FatalError(code: 0): Cannot redeclare province_name() (previously declared in C:\\Users\\AMIN\\Desktop\\bigstore\\app\\helpers.php:7) at C:\\Users\\AMIN\\Desktop\\bigstore\\app\\helpers.php:9)
[stacktrace]
#0 {main}
"} 
[2026-07-13 14:32:35] local.ERROR: Cannot redeclare province_name() (previously declared in C:\Users\AMIN\Desktop\bigstore\app\helpers.php:7) {"exception":"[object] (Symfony\\Component\\ErrorHandler\\Error\\FatalError(code: 0): Cannot redeclare province_name() (previously declared in C:\\Users\\AMIN\\Desktop\\bigstore\\app\\helpers.php:7) at C:\\Users\\AMIN\\Desktop\\bigstore\\app\\helpers.php:9)
[stacktrace]
#0 {main}
"} 
[2026-07-13 14:33:35] local.ERROR: Cannot redeclare province_name() (previously declared in C:\Users\AMIN\Desktop\bigstore\app\helpers.php:7) {"exception":"[object] (Symfony\\Component\\ErrorHandler\\Error\\FatalError(code: 0): Cannot redeclare province_name() (previously declared in C:\\Users\\AMIN\\Desktop\\bigstore\\app\\helpers.php:7) at C:\\Users\\AMIN\\Desktop\\bigstore\\app\\helpers.php:9)
[stacktrace]
#0 {main}
"} 
[2026-07-13 14:34:35] local.ERROR: Cannot redeclare province_name() (previously declared in C:\Users\AMIN\Desktop\bigstore\app\helpers.php:7) {"exception":"[object] (Symfony\\Component\\ErrorHandler\\Error\\FatalError(code: 0): Cannot redeclare province_name() (previously declared in C:\\Users\\AMIN\\Desktop\\bigstore\\app\\helpers.php:7) at C:\\Users\\AMIN\\Desktop\\bigstore\\app\\helpers.php:9)
[stacktrace]
#0 {main}
"} 
[2026-07-13 14:35:35] local.ERROR: Cannot redeclare province_name() (previously declared in C:\Users\AMIN\Desktop\bigstore\app\helpers.php:7) {"exception":"[object] (Symfony\\Component\\ErrorHandler\\Error\\FatalError(code: 0): Cannot redeclare province_name() (previously declared in C:\\Users\\AMIN\\Desktop\\bigstore\\app\\helpers.php:7) at C:\\Users\\AMIN\\Desktop\\bigstore\\app\\helpers.php:9)
[stacktrace]
#0 {main}
"} 
[2026-07-13 14:36:35] local.ERROR: Cannot redeclare province_name() (previously declared in C:\Users\AMIN\Desktop\bigstore\app\helpers.php:7) {"exception":"[object] (Symfony\\Component\\ErrorHandler\\Error\\FatalError(code: 0): Cannot redeclare province_name() (previously declared in C:\\Users\\AMIN\\Desktop\\bigstore\\app\\helpers.php:7) at C:\\Users\\AMIN\\Desktop\\bigstore\\app\\helpers.php:9)
[stacktrace]
#0 {main}
"} 
[2026-07-13 14:37:35] local.ERROR: Cannot redeclare province_name() (previously declared in C:\Users\AMIN\Desktop\bigstore\app\helpers.php:7) {"exception":"[object] (Symfony\\Component\\ErrorHandler\\Error\\FatalError(code: 0): Cannot redeclare province_name() (previously declared in C:\\Users\\AMIN\\Desktop\\bigstore\\app\\helpers.php:7) at C:\\Users\\AMIN\\Desktop\\bigstore\\app\\helpers.php:9)
[stacktrace]
#0 {main}
"} 
[2026-07-13 14:38:35] local.ERROR: Cannot redeclare province_name() (previously declared in C:\Users\AMIN\Desktop\bigstore\app\helpers.php:7) {"exception":"[object] (Symfony\\Component\\ErrorHandler\\Error\\FatalError(code: 0): Cannot redeclare province_name() (previously declared in C:\\Users\\AMIN\\Desktop\\bigstore\\app\\helpers.php:7) at C:\\Users\\AMIN\\Desktop\\bigstore\\app\\helpers.php:9)
[stacktrace]
#0 {main}
"} 
[2026-07-13 14:39:35] local.ERROR: Cannot redeclare province_name() (previously declared in C:\Users\AMIN\Desktop\bigstore\app\helpers.php:7) {"exception":"[object] (Symfony\\Component\\ErrorHandler\\Error\\FatalError(code: 0): Cannot redeclare province_name() (previously declared in C:\\Users\\AMIN\\Desktop\\bigstore\\app\\helpers.php:7) at C:\\Users\\AMIN\\Desktop\\bigstore\\app\\helpers.php:9)
[stacktrace]
#0 {main}
"} 
[2026-07-13 14:40:35] local.ERROR: Cannot redeclare province_name() (previously declared in C:\Users\AMIN\Desktop\bigstore\app\helpers.php:7) {"exception":"[object] (Symfony\\Component\\ErrorHandler\\Error\\FatalError(code: 0): Cannot redeclare province_name() (previously declared in C:\\Users\\AMIN\\Desktop\\bigstore\\app\\helpers.php:7) at C:\\Users\\AMIN\\Desktop\\bigstore\\app\\helpers.php:9)
[stacktrace]
#0 {main}
"} 
[2026-07-13 14:41:35] local.ERROR: Cannot redeclare province_name() (previously declared in C:\Users\AMIN\Desktop\bigstore\app\helpers.php:7) {"exception":"[object] (Symfony\\Component\\ErrorHandler\\Error\\FatalError(code: 0): Cannot redeclare province_name() (previously declared in C:\\Users\\AMIN\\Desktop\\bigstore\\app\\helpers.php:7) at C:\\Users\\AMIN\\Desktop\\bigstore\\app\\helpers.php:9)
[stacktrace]
#0 {main}
"} 
[2026-07-13 14:42:35] local.ERROR: Cannot redeclare province_name() (previously declared in C:\Users\AMIN\Desktop\bigstore\app\helpers.php:7) {"exception":"[object] (Symfony\\Component\\ErrorHandler\\Error\\FatalError(code: 0): Cannot redeclare province_name() (previously declared in C:\\Users\\AMIN\\Desktop\\bigstore\\app\\helpers.php:7) at C:\\Users\\AMIN\\Desktop\\bigstore\\app\\helpers.php:9)
[stacktrace]
#0 {main}
"} 
[2026-07-13 14:43:35] local.ERROR: Cannot redeclare province_name() (previously declared in C:\Users\AMIN\Desktop\bigstore\app\helpers.php:7) {"exception":"[object] (Symfony\\Component\\ErrorHandler\\Error\\FatalError(code: 0): Cannot redeclare province_name() (previously declared in C:\\Users\\AMIN\\Desktop\\bigstore\\app\\helpers.php:7) at C:\\Users\\AMIN\\Desktop\\bigstore\\app\\helpers.php:9)
[stacktrace]
#0 {main}
"} 
[2026-07-13 14:44:35] local.ERROR: Cannot redeclare province_name() (previously declared in C:\Users\AMIN\Desktop\bigstore\app\helpers.php:7) {"exception":"[object] (Symfony\\Component\\ErrorHandler\\Error\\FatalError(code: 0): Cannot redeclare province_name() (previously declared in C:\\Users\\AMIN\\Desktop\\bigstore\\app\\helpers.php:7) at C:\\Users\\AMIN\\Desktop\\bigstore\\app\\helpers.php:9)
[stacktrace]
#0 {main}
"} 
[2026-07-13 14:45:35] local.ERROR: Cannot redeclare province_name() (previously declared in C:\Users\AMIN\Desktop\bigstore\app\helpers.php:7) {"exception":"[object] (Symfony\\Component\\ErrorHandler\\Error\\FatalError(code: 0): Cannot redeclare province_name() (previously declared in C:\\Users\\AMIN\\Desktop\\bigstore\\app\\helpers.php:7) at C:\\Users\\AMIN\\Desktop\\bigstore\\app\\helpers.php:9)
[stacktrace]
#0 {main}
"} 
[2026-07-13 14:46:35] local.ERROR: Cannot redeclare province_name() (previously declared in C:\Users\AMIN\Desktop\bigstore\app\helpers.php:7) {"exception":"[object] (Symfony\\Component\\ErrorHandler\\Error\\FatalError(code: 0): Cannot redeclare province_name() (previously declared in C:\\Users\\AMIN\\Desktop\\bigstore\\app\\helpers.php:7) at C:\\Users\\AMIN\\Desktop\\bigstore\\app\\helpers.php:9)
[stacktrace]
#0 {main}
"} 
[2026-07-13 14:47:35] local.ERROR: Cannot redeclare province_name() (previously declared in C:\Users\AMIN\Desktop\bigstore\app\helpers.php:7) {"exception":"[object] (Symfony\\Component\\ErrorHandler\\Error\\FatalError(code: 0): Cannot redeclare province_name() (previously declared in C:\\Users\\AMIN\\Desktop\\bigstore\\app\\helpers.php:7) at C:\\Users\\AMIN\\Desktop\\bigstore\\app\\helpers.php:9)
[stacktrace]
#0 {main}
"} 
[2026-07-13 14:48:35] local.ERROR: Cannot redeclare province_name() (previously declared in C:\Users\AMIN\Desktop\bigstore\app\helpers.php:7) {"exception":"[object] (Symfony\\Component\\ErrorHandler\\Error\\FatalError(code: 0): Cannot redeclare province_name() (previously declared in C:\\Users\\AMIN\\Desktop\\bigstore\\app\\helpers.php:7) at C:\\Users\\AMIN\\Desktop\\bigstore\\app\\helpers.php:9)
[stacktrace]
#0 {main}
"} 
[2026-07-13 14:49:35] local.ERROR: Cannot redeclare province_name() (previously declared in C:\Users\AMIN\Desktop\bigstore\app\helpers.php:7) {"exception":"[object] (Symfony\\Component\\ErrorHandler\\Error\\FatalError(code: 0): Cannot redeclare province_name() (previously declared in C:\\Users\\AMIN\\Desktop\\bigstore\\app\\helpers.php:7) at C:\\Users\\AMIN\\Desktop\\bigstore\\app\\helpers.php:9)
[stacktrace]
#0 {main}
"} 
[2026-07-13 14:50:35] local.ERROR: Cannot redeclare province_name() (previously declared in C:\Users\AMIN\Desktop\bigstore\app\helpers.php:7) {"exception":"[object] (Symfony\\Component\\ErrorHandler\\Error\\FatalError(code: 0): Cannot redeclare province_name() (previously declared in C:\\Users\\AMIN\\Desktop\\bigstore\\app\\helpers.php:7) at C:\\Users\\AMIN\\Desktop\\bigstore\\app\\helpers.php:9)
[stacktrace]
#0 {main}
"} 
[2026-07-13 14:51:35] local.ERROR: Cannot redeclare province_name() (previously declared in C:\Users\AMIN\Desktop\bigstore\app\helpers.php:7) {"exception":"[object] (Symfony\\Component\\ErrorHandler\\Error\\FatalError(code: 0): Cannot redeclare province_name() (previously declared in C:\\Users\\AMIN\\Desktop\\bigstore\\app\\helpers.php:7) at C:\\Users\\AMIN\\Desktop\\bigstore\\app\\helpers.php:9)
[stacktrace]
#0 {main}
"} 
[2026-07-13 14:52:35] local.ERROR: Cannot redeclare province_name() (previously declared in C:\Users\AMIN\Desktop\bigstore\app\helpers.php:7) {"exception":"[object] (Symfony\\Component\\ErrorHandler\\Error\\FatalError(code: 0): Cannot redeclare province_name() (previously declared in C:\\Users\\AMIN\\Desktop\\bigstore\\app\\helpers.php:7) at C:\\Users\\AMIN\\Desktop\\bigstore\\app\\helpers.php:9)
[stacktrace]
#0 {main}
"} 
[2026-07-13 14:53:35] local.ERROR: Cannot redeclare province_name() (previously declared in C:\Users\AMIN\Desktop\bigstore\app\helpers.php:7) {"exception":"[object] (Symfony\\Component\\ErrorHandler\\Error\\FatalError(code: 0): Cannot redeclare province_name() (previously declared in C:\\Users\\AMIN\\Desktop\\bigstore\\app\\helpers.php:7) at C:\\Users\\AMIN\\Desktop\\bigstore\\app\\helpers.php:9)
[stacktrace]
#0 {main}
"} 
[2026-07-13 14:54:35] local.ERROR: Cannot redeclare province_name() (previously declared in C:\Users\AMIN\Desktop\bigstore\app\helpers.php:7) {"exception":"[object] (Symfony\\Component\\ErrorHandler\\Error\\FatalError(code: 0): Cannot redeclare province_name() (previously declared in C:\\Users\\AMIN\\Desktop\\bigstore\\app\\helpers.php:7) at C:\\Users\\AMIN\\Desktop\\bigstore\\app\\helpers.php:9)
[stacktrace]
#0 {main}
"} 
[2026-07-13 14:55:35] local.ERROR: Cannot redeclare province_name() (previously declared in C:\Users\AMIN\Desktop\bigstore\app\helpers.php:7) {"exception":"[object] (Symfony\\Component\\ErrorHandler\\Error\\FatalError(code: 0): Cannot redeclare province_name() (previously declared in C:\\Users\\AMIN\\Desktop\\bigstore\\app\\helpers.php:7) at C:\\Users\\AMIN\\Desktop\\bigstore\\app\\helpers.php:9)
[stacktrace]
#0 {main}
"} 
[2026-07-13 14:56:35] local.ERROR: Cannot redeclare province_name() (previously declared in C:\Users\AMIN\Desktop\bigstore\app\helpers.php:7) {"exception":"[object] (Symfony\\Component\\ErrorHandler\\Error\\FatalError(code: 0): Cannot redeclare province_name() (previously declared in C:\\Users\\AMIN\\Desktop\\bigstore\\app\\helpers.php:7) at C:\\Users\\AMIN\\Desktop\\bigstore\\app\\helpers.php:9)
[stacktrace]
#0 {main}
"} 
[2026-07-13 14:57:35] local.ERROR: Cannot redeclare province_name() (previously declared in C:\Users\AMIN\Desktop\bigstore\app\helpers.php:7) {"exception":"[object] (Symfony\\Component\\ErrorHandler\\Error\\FatalError(code: 0): Cannot redeclare province_name() (previously declared in C:\\Users\\AMIN\\Desktop\\bigstore\\app\\helpers.php:7) at C:\\Users\\AMIN\\Desktop\\bigstore\\app\\helpers.php:9)
[stacktrace]
#0 {main}
"} 
[2026-07-13 14:58:35] local.ERROR: Cannot redeclare province_name() (previously declared in C:\Users\AMIN\Desktop\bigstore\app\helpers.php:7) {"exception":"[object] (Symfony\\Component\\ErrorHandler\\Error\\FatalError(code: 0): Cannot redeclare province_name() (previously declared in C:\\Users\\AMIN\\Desktop\\bigstore\\app\\helpers.php:7) at C:\\Users\\AMIN\\Desktop\\bigstore\\app\\helpers.php:9)
[stacktrace]
#0 {main}
"} 
[2026-07-13 14:59:35] local.ERROR: Cannot redeclare province_name() (previously declared in C:\Users\AMIN\Desktop\bigstore\app\helpers.php:7) {"exception":"[object] (Symfony\\Component\\ErrorHandler\\Error\\FatalError(code: 0): Cannot redeclare province_name() (previously declared in C:\\Users\\AMIN\\Desktop\\bigstore\\app\\helpers.php:7) at C:\\Users\\AMIN\\Desktop\\bigstore\\app\\helpers.php:9)
[stacktrace]
#0 {main}
"} 
[2026-07-13 15:00:35] local.ERROR: Cannot redeclare province_name() (previously declared in C:\Users\AMIN\Desktop\bigstore\app\helpers.php:7) {"exception":"[object] (Symfony\\Component\\ErrorHandler\\Error\\FatalError(code: 0): Cannot redeclare province_name() (previously declared in C:\\Users\\AMIN\\Desktop\\bigstore\\app\\helpers.php:7) at C:\\Users\\AMIN\\Desktop\\bigstore\\app\\helpers.php:9)
[stacktrace]
#0 {main}
"} 
[2026-07-13 15:01:35] local.ERROR: Cannot redeclare province_name() (previously declared in C:\Users\AMIN\Desktop\bigstore\app\helpers.php:7) {"exception":"[object] (Symfony\\Component\\ErrorHandler\\Error\\FatalError(code: 0): Cannot redeclare province_name() (previously declared in C:\\Users\\AMIN\\Desktop\\bigstore\\app\\helpers.php:7) at C:\\Users\\AMIN\\Desktop\\bigstore\\app\\helpers.php:9)
[stacktrace]
#0 {main}
"} 
[2026-07-13 15:02:35] local.ERROR: Cannot redeclare province_name() (previously declared in C:\Users\AMIN\Desktop\bigstore\app\helpers.php:7) {"exception":"[object] (Symfony\\Component\\ErrorHandler\\Error\\FatalError(code: 0): Cannot redeclare province_name() (previously declared in C:\\Users\\AMIN\\Desktop\\bigstore\\app\\helpers.php:7) at C:\\Users\\AMIN\\Desktop\\bigstore\\app\\helpers.php:9)
[stacktrace]
#0 {main}
"} 
[2026-07-13 15:03:35] local.ERROR: Cannot redeclare province_name() (previously declared in C:\Users\AMIN\Desktop\bigstore\app\helpers.php:7) {"exception":"[object] (Symfony\\Component\\ErrorHandler\\Error\\FatalError(code: 0): Cannot redeclare province_name() (previously declared in C:\\Users\\AMIN\\Desktop\\bigstore\\app\\helpers.php:7) at C:\\Users\\AMIN\\Desktop\\bigstore\\app\\helpers.php:9)
[stacktrace]
#0 {main}
"} 
[2026-07-13 15:04:35] local.ERROR: Cannot redeclare province_name() (previously declared in C:\Users\AMIN\Desktop\bigstore\app\helpers.php:7) {"exception":"[object] (Symfony\\Component\\ErrorHandler\\Error\\FatalError(code: 0): Cannot redeclare province_name() (previously declared in C:\\Users\\AMIN\\Desktop\\bigstore\\app\\helpers.php:7) at C:\\Users\\AMIN\\Desktop\\bigstore\\app\\helpers.php:9)
[stacktrace]
#0 {main}
"} 
[2026-07-13 15:05:35] local.ERROR: Cannot redeclare province_name() (previously declared in C:\Users\AMIN\Desktop\bigstore\app\helpers.php:7) {"exception":"[object] (Symfony\\Component\\ErrorHandler\\Error\\FatalError(code: 0): Cannot redeclare province_name() (previously declared in C:\\Users\\AMIN\\Desktop\\bigstore\\app\\helpers.php:7) at C:\\Users\\AMIN\\Desktop\\bigstore\\app\\helpers.php:9)
[stacktrace]
#0 {main}
"} 
[2026-07-13 15:06:35] local.ERROR: Cannot redeclare province_name() (previously declared in C:\Users\AMIN\Desktop\bigstore\app\helpers.php:7) {"exception":"[object] (Symfony\\Component\\ErrorHandler\\Error\\FatalError(code: 0): Cannot redeclare province_name() (previously declared in C:\\Users\\AMIN\\Desktop\\bigstore\\app\\helpers.php:7) at C:\\Users\\AMIN\\Desktop\\bigstore\\app\\helpers.php:9)
[stacktrace]
#0 {main}
"} 
[2026-07-13 15:07:35] local.ERROR: Cannot redeclare province_name() (previously declared in C:\Users\AMIN\Desktop\bigstore\app\helpers.php:7) {"exception":"[object] (Symfony\\Component\\ErrorHandler\\Error\\FatalError(code: 0): Cannot redeclare province_name() (previously declared in C:\\Users\\AMIN\\Desktop\\bigstore\\app\\helpers.php:7) at C:\\Users\\AMIN\\Desktop\\bigstore\\app\\helpers.php:9)
[stacktrace]
#0 {main}
"} 
[2026-07-13 15:08:35] local.ERROR: Cannot redeclare province_name() (previously declared in C:\Users\AMIN\Desktop\bigstore\app\helpers.php:7) {"exception":"[object] (Symfony\\Component\\ErrorHandler\\Error\\FatalError(code: 0): Cannot redeclare province_name() (previously declared in C:\\Users\\AMIN\\Desktop\\bigstore\\app\\helpers.php:7) at C:\\Users\\AMIN\\Desktop\\bigstore\\app\\helpers.php:9)
[stacktrace]
#0 {main}
"} 
[2026-07-13 15:09:35] local.ERROR: Cannot redeclare province_name() (previously declared in C:\Users\AMIN\Desktop\bigstore\app\helpers.php:7) {"exception":"[object] (Symfony\\Component\\ErrorHandler\\Error\\FatalError(code: 0): Cannot redeclare province_name() (previously declared in C:\\Users\\AMIN\\Desktop\\bigstore\\app\\helpers.php:7) at C:\\Users\\AMIN\\Desktop\\bigstore\\app\\helpers.php:9)
[stacktrace]
#0 {main}
"} 
[2026-07-13 15:10:35] local.ERROR: Cannot redeclare province_name() (previously declared in C:\Users\AMIN\Desktop\bigstore\app\helpers.php:7) {"exception":"[object] (Symfony\\Component\\ErrorHandler\\Error\\FatalError(code: 0): Cannot redeclare province_name() (previously declared in C:\\Users\\AMIN\\Desktop\\bigstore\\app\\helpers.php:7) at C:\\Users\\AMIN\\Desktop\\bigstore\\app\\helpers.php:9)
[stacktrace]
#0 {main}
"} 
[2026-07-13 15:11:35] local.ERROR: Cannot redeclare province_name() (previously declared in C:\Users\AMIN\Desktop\bigstore\app\helpers.php:7) {"exception":"[object] (Symfony\\Component\\ErrorHandler\\Error\\FatalError(code: 0): Cannot redeclare province_name() (previously declared in C:\\Users\\AMIN\\Desktop\\bigstore\\app\\helpers.php:7) at C:\\Users\\AMIN\\Desktop\\bigstore\\app\\helpers.php:9)
[stacktrace]
#0 {main}
"} 
[2026-07-13 15:12:35] local.ERROR: Cannot redeclare province_name() (previously declared in C:\Users\AMIN\Desktop\bigstore\app\helpers.php:7) {"exception":"[object] (Symfony\\Component\\ErrorHandler\\Error\\FatalError(code: 0): Cannot redeclare province_name() (previously declared in C:\\Users\\AMIN\\Desktop\\bigstore\\app\\helpers.php:7) at C:\\Users\\AMIN\\Desktop\\bigstore\\app\\helpers.php:9)
[stacktrace]
#0 {main}
"} 
[2026-07-13 15:13:35] local.ERROR: Cannot redeclare province_name() (previously declared in C:\Users\AMIN\Desktop\bigstore\app\helpers.php:7) {"exception":"[object] (Symfony\\Component\\ErrorHandler\\Error\\FatalError(code: 0): Cannot redeclare province_name() (previously declared in C:\\Users\\AMIN\\Desktop\\bigstore\\app\\helpers.php:7) at C:\\Users\\AMIN\\Desktop\\bigstore\\app\\helpers.php:9)
[stacktrace]
#0 {main}
"} 
[2026-07-13 15:14:35] local.ERROR: Cannot redeclare province_name() (previously declared in C:\Users\AMIN\Desktop\bigstore\app\helpers.php:7) {"exception":"[object] (Symfony\\Component\\ErrorHandler\\Error\\FatalError(code: 0): Cannot redeclare province_name() (previously declared in C:\\Users\\AMIN\\Desktop\\bigstore\\app\\helpers.php:7) at C:\\Users\\AMIN\\Desktop\\bigstore\\app\\helpers.php:9)
[stacktrace]
#0 {main}
"} 
[2026-07-13 15:15:35] local.ERROR: Cannot redeclare province_name() (previously declared in C:\Users\AMIN\Desktop\bigstore\app\helpers.php:7) {"exception":"[object] (Symfony\\Component\\ErrorHandler\\Error\\FatalError(code: 0): Cannot redeclare province_name() (previously declared in C:\\Users\\AMIN\\Desktop\\bigstore\\app\\helpers.php:7) at C:\\Users\\AMIN\\Desktop\\bigstore\\app\\helpers.php:9)
[stacktrace]
#0 {main}
"} 
[2026-07-13 15:16:35] local.ERROR: Cannot redeclare province_name() (previously declared in C:\Users\AMIN\Desktop\bigstore\app\helpers.php:7) {"exception":"[object] (Symfony\\Component\\ErrorHandler\\Error\\FatalError(code: 0): Cannot redeclare province_name() (previously declared in C:\\Users\\AMIN\\Desktop\\bigstore\\app\\helpers.php:7) at C:\\Users\\AMIN\\Desktop\\bigstore\\app\\helpers.php:9)
[stacktrace]
#0 {main}
"} 
[2026-07-13 15:17:35] local.ERROR: Cannot redeclare province_name() (previously declared in C:\Users\AMIN\Desktop\bigstore\app\helpers.php:7) {"exception":"[object] (Symfony\\Component\\ErrorHandler\\Error\\FatalError(code: 0): Cannot redeclare province_name() (previously declared in C:\\Users\\AMIN\\Desktop\\bigstore\\app\\helpers.php:7) at C:\\Users\\AMIN\\Desktop\\bigstore\\app\\helpers.php:9)
[stacktrace]
#0 {main}
"} 
[2026-07-13 15:18:35] local.ERROR: Cannot redeclare province_name() (previously declared in C:\Users\AMIN\Desktop\bigstore\app\helpers.php:7) {"exception":"[object] (Symfony\\Component\\ErrorHandler\\Error\\FatalError(code: 0): Cannot redeclare province_name() (previously declared in C:\\Users\\AMIN\\Desktop\\bigstore\\app\\helpers.php:7) at C:\\Users\\AMIN\\Desktop\\bigstore\\app\\helpers.php:9)
[stacktrace]
#0 {main}
"} 
[2026-07-13 15:19:35] local.ERROR: Cannot redeclare province_name() (previously declared in C:\Users\AMIN\Desktop\bigstore\app\helpers.php:7) {"exception":"[object] (Symfony\\Component\\ErrorHandler\\Error\\FatalError(code: 0): Cannot redeclare province_name() (previously declared in C:\\Users\\AMIN\\Desktop\\bigstore\\app\\helpers.php:7) at C:\\Users\\AMIN\\Desktop\\bigstore\\app\\helpers.php:9)
[stacktrace]
#0 {main}
"} 
[2026-07-13 15:20:35] local.ERROR: Cannot redeclare province_name() (previously declared in C:\Users\AMIN\Desktop\bigstore\app\helpers.php:7) {"exception":"[object] (Symfony\\Component\\ErrorHandler\\Error\\FatalError(code: 0): Cannot redeclare province_name() (previously declared in C:\\Users\\AMIN\\Desktop\\bigstore\\app\\helpers.php:7) at C:\\Users\\AMIN\\Desktop\\bigstore\\app\\helpers.php:9)
[stacktrace]
#0 {main}
"} 
[2026-07-13 15:21:35] local.ERROR: Cannot redeclare province_name() (previously declared in C:\Users\AMIN\Desktop\bigstore\app\helpers.php:7) {"exception":"[object] (Symfony\\Component\\ErrorHandler\\Error\\FatalError(code: 0): Cannot redeclare province_name() (previously declared in C:\\Users\\AMIN\\Desktop\\bigstore\\app\\helpers.php:7) at C:\\Users\\AMIN\\Desktop\\bigstore\\app\\helpers.php:9)
[stacktrace]
#0 {main}
"} 
[2026-07-13 15:22:35] local.ERROR: Cannot redeclare province_name() (previously declared in C:\Users\AMIN\Desktop\bigstore\app\helpers.php:7) {"exception":"[object] (Symfony\\Component\\ErrorHandler\\Error\\FatalError(code: 0): Cannot redeclare province_name() (previously declared in C:\\Users\\AMIN\\Desktop\\bigstore\\app\\helpers.php:7) at C:\\Users\\AMIN\\Desktop\\bigstore\\app\\helpers.php:9)
[stacktrace]
#0 {main}
"} 
[2026-07-13 15:23:35] local.ERROR: Cannot redeclare province_name() (previously declared in C:\Users\AMIN\Desktop\bigstore\app\helpers.php:7) {"exception":"[object] (Symfony\\Component\\ErrorHandler\\Error\\FatalError(code: 0): Cannot redeclare province_name() (previously declared in C:\\Users\\AMIN\\Desktop\\bigstore\\app\\helpers.php:7) at C:\\Users\\AMIN\\Desktop\\bigstore\\app\\helpers.php:9)
[stacktrace]
#0 {main}
"} 
[2026-07-13 15:24:35] local.ERROR: Cannot redeclare province_name() (previously declared in C:\Users\AMIN\Desktop\bigstore\app\helpers.php:7) {"exception":"[object] (Symfony\\Component\\ErrorHandler\\Error\\FatalError(code: 0): Cannot redeclare province_name() (previously declared in C:\\Users\\AMIN\\Desktop\\bigstore\\app\\helpers.php:7) at C:\\Users\\AMIN\\Desktop\\bigstore\\app\\helpers.php:9)
[stacktrace]
#0 {main}
"} 
[2026-07-13 15:25:35] local.ERROR: Cannot redeclare province_name() (previously declared in C:\Users\AMIN\Desktop\bigstore\app\helpers.php:7) {"exception":"[object] (Symfony\\Component\\ErrorHandler\\Error\\FatalError(code: 0): Cannot redeclare province_name() (previously declared in C:\\Users\\AMIN\\Desktop\\bigstore\\app\\helpers.php:7) at C:\\Users\\AMIN\\Desktop\\bigstore\\app\\helpers.php:9)
[stacktrace]
#0 {main}
"} 
[2026-07-13 15:26:35] local.ERROR: Cannot redeclare province_name() (previously declared in C:\Users\AMIN\Desktop\bigstore\app\helpers.php:7) {"exception":"[object] (Symfony\\Component\\ErrorHandler\\Error\\FatalError(code: 0): Cannot redeclare province_name() (previously declared in C:\\Users\\AMIN\\Desktop\\bigstore\\app\\helpers.php:7) at C:\\Users\\AMIN\\Desktop\\bigstore\\app\\helpers.php:9)
[stacktrace]
#0 {main}
"} 
[2026-07-13 15:27:35] local.ERROR: Cannot redeclare province_name() (previously declared in C:\Users\AMIN\Desktop\bigstore\app\helpers.php:7) {"exception":"[object] (Symfony\\Component\\ErrorHandler\\Error\\FatalError(code: 0): Cannot redeclare province_name() (previously declared in C:\\Users\\AMIN\\Desktop\\bigstore\\app\\helpers.php:7) at C:\\Users\\AMIN\\Desktop\\bigstore\\app\\helpers.php:9)
[stacktrace]
#0 {main}
"} 
[2026-07-13 15:28:35] local.ERROR: Cannot redeclare province_name() (previously declared in C:\Users\AMIN\Desktop\bigstore\app\helpers.php:7) {"exception":"[object] (Symfony\\Component\\ErrorHandler\\Error\\FatalError(code: 0): Cannot redeclare province_name() (previously declared in C:\\Users\\AMIN\\Desktop\\bigstore\\app\\helpers.php:7) at C:\\Users\\AMIN\\Desktop\\bigstore\\app\\helpers.php:9)
[stacktrace]
#0 {main}
"} 
[2026-07-13 15:29:35] local.ERROR: Cannot redeclare province_name() (previously declared in C:\Users\AMIN\Desktop\bigstore\app\helpers.php:7) {"exception":"[object] (Symfony\\Component\\ErrorHandler\\Error\\FatalError(code: 0): Cannot redeclare province_name() (previously declared in C:\\Users\\AMIN\\Desktop\\bigstore\\app\\helpers.php:7) at C:\\Users\\AMIN\\Desktop\\bigstore\\app\\helpers.php:9)
[stacktrace]
#0 {main}
"} 
[2026-07-13 15:30:35] local.ERROR: Cannot redeclare province_name() (previously declared in C:\Users\AMIN\Desktop\bigstore\app\helpers.php:7) {"exception":"[object] (Symfony\\Component\\ErrorHandler\\Error\\FatalError(code: 0): Cannot redeclare province_name() (previously declared in C:\\Users\\AMIN\\Desktop\\bigstore\\app\\helpers.php:7) at C:\\Users\\AMIN\\Desktop\\bigstore\\app\\helpers.php:9)
[stacktrace]
#0 {main}
"} 
[2026-07-13 15:31:35] local.ERROR: Cannot redeclare province_name() (previously declared in C:\Users\AMIN\Desktop\bigstore\app\helpers.php:7) {"exception":"[object] (Symfony\\Component\\ErrorHandler\\Error\\FatalError(code: 0): Cannot redeclare province_name() (previously declared in C:\\Users\\AMIN\\Desktop\\bigstore\\app\\helpers.php:7) at C:\\Users\\AMIN\\Desktop\\bigstore\\app\\helpers.php:9)
[stacktrace]
#0 {main}
"} 
[2026-07-13 15:32:35] local.ERROR: Cannot redeclare province_name() (previously declared in C:\Users\AMIN\Desktop\bigstore\app\helpers.php:7) {"exception":"[object] (Symfony\\Component\\ErrorHandler\\Error\\FatalError(code: 0): Cannot redeclare province_name() (previously declared in C:\\Users\\AMIN\\Desktop\\bigstore\\app\\helpers.php:7) at C:\\Users\\AMIN\\Desktop\\bigstore\\app\\helpers.php:9)
[stacktrace]
#0 {main}
"} 
[2026-07-13 15:33:35] local.ERROR: Cannot redeclare province_name() (previously declared in C:\Users\AMIN\Desktop\bigstore\app\helpers.php:7) {"exception":"[object] (Symfony\\Component\\ErrorHandler\\Error\\FatalError(code: 0): Cannot redeclare province_name() (previously declared in C:\\Users\\AMIN\\Desktop\\bigstore\\app\\helpers.php:7) at C:\\Users\\AMIN\\Desktop\\bigstore\\app\\helpers.php:9)
[stacktrace]
#0 {main}
"} 
[2026-07-13 15:34:35] local.ERROR: Cannot redeclare province_name() (previously declared in C:\Users\AMIN\Desktop\bigstore\app\helpers.php:7) {"exception":"[object] (Symfony\\Component\\ErrorHandler\\Error\\FatalError(code: 0): Cannot redeclare province_name() (previously declared in C:\\Users\\AMIN\\Desktop\\bigstore\\app\\helpers.php:7) at C:\\Users\\AMIN\\Desktop\\bigstore\\app\\helpers.php:9)
[stacktrace]
#0 {main}
"} 
[2026-07-13 15:35:35] local.ERROR: Cannot redeclare province_name() (previously declared in C:\Users\AMIN\Desktop\bigstore\app\helpers.php:7) {"exception":"[object] (Symfony\\Component\\ErrorHandler\\Error\\FatalError(code: 0): Cannot redeclare province_name() (previously declared in C:\\Users\\AMIN\\Desktop\\bigstore\\app\\helpers.php:7) at C:\\Users\\AMIN\\Desktop\\bigstore\\app\\helpers.php:9)
[stacktrace]
#0 {main}
"} 
[2026-07-13 15:36:35] local.ERROR: Cannot redeclare province_name() (previously declared in C:\Users\AMIN\Desktop\bigstore\app\helpers.php:7) {"exception":"[object] (Symfony\\Component\\ErrorHandler\\Error\\FatalError(code: 0): Cannot redeclare province_name() (previously declared in C:\\Users\\AMIN\\Desktop\\bigstore\\app\\helpers.php:7) at C:\\Users\\AMIN\\Desktop\\bigstore\\app\\helpers.php:9)
[stacktrace]
#0 {main}
"} 
[2026-07-13 15:37:35] local.ERROR: Cannot redeclare province_name() (previously declared in C:\Users\AMIN\Desktop\bigstore\app\helpers.php:7) {"exception":"[object] (Symfony\\Component\\ErrorHandler\\Error\\FatalError(code: 0): Cannot redeclare province_name() (previously declared in C:\\Users\\AMIN\\Desktop\\bigstore\\app\\helpers.php:7) at C:\\Users\\AMIN\\Desktop\\bigstore\\app\\helpers.php:9)
[stacktrace]
#0 {main}
"} 
[2026-07-13 15:38:35] local.ERROR: Cannot redeclare province_name() (previously declared in C:\Users\AMIN\Desktop\bigstore\app\helpers.php:7) {"exception":"[object] (Symfony\\Component\\ErrorHandler\\Error\\FatalError(code: 0): Cannot redeclare province_name() (previously declared in C:\\Users\\AMIN\\Desktop\\bigstore\\app\\helpers.php:7) at C:\\Users\\AMIN\\Desktop\\bigstore\\app\\helpers.php:9)
[stacktrace]
#0 {main}
"} 
[2026-07-13 15:39:35] local.ERROR: Cannot redeclare province_name() (previously declared in C:\Users\AMIN\Desktop\bigstore\app\helpers.php:7) {"exception":"[object] (Symfony\\Component\\ErrorHandler\\Error\\FatalError(code: 0): Cannot redeclare province_name() (previously declared in C:\\Users\\AMIN\\Desktop\\bigstore\\app\\helpers.php:7) at C:\\Users\\AMIN\\Desktop\\bigstore\\app\\helpers.php:9)
[stacktrace]
#0 {main}
"} 
[2026-07-13 15:40:35] local.ERROR: Cannot redeclare province_name() (previously declared in C:\Users\AMIN\Desktop\bigstore\app\helpers.php:7) {"exception":"[object] (Symfony\\Component\\ErrorHandler\\Error\\FatalError(code: 0): Cannot redeclare province_name() (previously declared in C:\\Users\\AMIN\\Desktop\\bigstore\\app\\helpers.php:7) at C:\\Users\\AMIN\\Desktop\\bigstore\\app\\helpers.php:9)
[stacktrace]
#0 {main}
"} 
[2026-07-13 15:41:35] local.ERROR: Cannot redeclare province_name() (previously declared in C:\Users\AMIN\Desktop\bigstore\app\helpers.php:7) {"exception":"[object] (Symfony\\Component\\ErrorHandler\\Error\\FatalError(code: 0): Cannot redeclare province_name() (previously declared in C:\\Users\\AMIN\\Desktop\\bigstore\\app\\helpers.php:7) at C:\\Users\\AMIN\\Desktop\\bigstore\\app\\helpers.php:9)
[stacktrace]
#0 {main}
"} 
[2026-07-13 15:42:35] local.ERROR: Cannot redeclare province_name() (previously declared in C:\Users\AMIN\Desktop\bigstore\app\helpers.php:7) {"exception":"[object] (Symfony\\Component\\ErrorHandler\\Error\\FatalError(code: 0): Cannot redeclare province_name() (previously declared in C:\\Users\\AMIN\\Desktop\\bigstore\\app\\helpers.php:7) at C:\\Users\\AMIN\\Desktop\\bigstore\\app\\helpers.php:9)
[stacktrace]
#0 {main}
"} 
[2026-07-13 15:43:35] local.ERROR: Cannot redeclare province_name() (previously declared in C:\Users\AMIN\Desktop\bigstore\app\helpers.php:7) {"exception":"[object] (Symfony\\Component\\ErrorHandler\\Error\\FatalError(code: 0): Cannot redeclare province_name() (previously declared in C:\\Users\\AMIN\\Desktop\\bigstore\\app\\helpers.php:7) at C:\\Users\\AMIN\\Desktop\\bigstore\\app\\helpers.php:9)
[stacktrace]
#0 {main}
"} 
[2026-07-13 15:44:36] local.ERROR: Cannot redeclare province_name() (previously declared in C:\Users\AMIN\Desktop\bigstore\app\helpers.php:7) {"exception":"[object] (Symfony\\Component\\ErrorHandler\\Error\\FatalError(code: 0): Cannot redeclare province_name() (previously declared in C:\\Users\\AMIN\\Desktop\\bigstore\\app\\helpers.php:7) at C:\\Users\\AMIN\\Desktop\\bigstore\\app\\helpers.php:9)
[stacktrace]
#0 {main}
"} 
[2026-07-13 15:45:35] local.ERROR: Cannot redeclare province_name() (previously declared in C:\Users\AMIN\Desktop\bigstore\app\helpers.php:7) {"exception":"[object] (Symfony\\Component\\ErrorHandler\\Error\\FatalError(code: 0): Cannot redeclare province_name() (previously declared in C:\\Users\\AMIN\\Desktop\\bigstore\\app\\helpers.php:7) at C:\\Users\\AMIN\\Desktop\\bigstore\\app\\helpers.php:9)
[stacktrace]
#0 {main}
"} 
[2026-07-13 15:46:35] local.ERROR: Cannot redeclare province_name() (previously declared in C:\Users\AMIN\Desktop\bigstore\app\helpers.php:7) {"exception":"[object] (Symfony\\Component\\ErrorHandler\\Error\\FatalError(code: 0): Cannot redeclare province_name() (previously declared in C:\\Users\\AMIN\\Desktop\\bigstore\\app\\helpers.php:7) at C:\\Users\\AMIN\\Desktop\\bigstore\\app\\helpers.php:9)
[stacktrace]
#0 {main}
"} 
[2026-07-13 15:47:35] local.ERROR: Cannot redeclare province_name() (previously declared in C:\Users\AMIN\Desktop\bigstore\app\helpers.php:7) {"exception":"[object] (Symfony\\Component\\ErrorHandler\\Error\\FatalError(code: 0): Cannot redeclare province_name() (previously declared in C:\\Users\\AMIN\\Desktop\\bigstore\\app\\helpers.php:7) at C:\\Users\\AMIN\\Desktop\\bigstore\\app\\helpers.php:9)
[stacktrace]
#0 {main}
"} 
[2026-07-13 15:48:35] local.ERROR: Cannot redeclare province_name() (previously declared in C:\Users\AMIN\Desktop\bigstore\app\helpers.php:7) {"exception":"[object] (Symfony\\Component\\ErrorHandler\\Error\\FatalError(code: 0): Cannot redeclare province_name() (previously declared in C:\\Users\\AMIN\\Desktop\\bigstore\\app\\helpers.php:7) at C:\\Users\\AMIN\\Desktop\\bigstore\\app\\helpers.php:9)
[stacktrace]
#0 {main}
"} 
[2026-07-13 15:49:35] local.ERROR: Cannot redeclare province_name() (previously declared in C:\Users\AMIN\Desktop\bigstore\app\helpers.php:7) {"exception":"[object] (Symfony\\Component\\ErrorHandler\\Error\\FatalError(code: 0): Cannot redeclare province_name() (previously declared in C:\\Users\\AMIN\\Desktop\\bigstore\\app\\helpers.php:7) at C:\\Users\\AMIN\\Desktop\\bigstore\\app\\helpers.php:9)
[stacktrace]
#0 {main}
"} 
[2026-07-13 15:50:35] local.ERROR: Cannot redeclare province_name() (previously declared in C:\Users\AMIN\Desktop\bigstore\app\helpers.php:7) {"exception":"[object] (Symfony\\Component\\ErrorHandler\\Error\\FatalError(code: 0): Cannot redeclare province_name() (previously declared in C:\\Users\\AMIN\\Desktop\\bigstore\\app\\helpers.php:7) at C:\\Users\\AMIN\\Desktop\\bigstore\\app\\helpers.php:9)
[stacktrace]
#0 {main}
"} 
[2026-07-13 15:51:35] local.ERROR: Cannot redeclare province_name() (previously declared in C:\Users\AMIN\Desktop\bigstore\app\helpers.php:7) {"exception":"[object] (Symfony\\Component\\ErrorHandler\\Error\\FatalError(code: 0): Cannot redeclare province_name() (previously declared in C:\\Users\\AMIN\\Desktop\\bigstore\\app\\helpers.php:7) at C:\\Users\\AMIN\\Desktop\\bigstore\\app\\helpers.php:9)
[stacktrace]
#0 {main}
"} 
[2026-07-13 15:52:35] local.ERROR: Cannot redeclare province_name() (previously declared in C:\Users\AMIN\Desktop\bigstore\app\helpers.php:7) {"exception":"[object] (Symfony\\Component\\ErrorHandler\\Error\\FatalError(code: 0): Cannot redeclare province_name() (previously declared in C:\\Users\\AMIN\\Desktop\\bigstore\\app\\helpers.php:7) at C:\\Users\\AMIN\\Desktop\\bigstore\\app\\helpers.php:9)
[stacktrace]
#0 {main}
"} 
[2026-07-13 15:53:35] local.ERROR: Cannot redeclare province_name() (previously declared in C:\Users\AMIN\Desktop\bigstore\app\helpers.php:7) {"exception":"[object] (Symfony\\Component\\ErrorHandler\\Error\\FatalError(code: 0): Cannot redeclare province_name() (previously declared in C:\\Users\\AMIN\\Desktop\\bigstore\\app\\helpers.php:7) at C:\\Users\\AMIN\\Desktop\\bigstore\\app\\helpers.php:9)
[stacktrace]
#0 {main}
"} 
[2026-07-13 15:54:35] local.ERROR: Cannot redeclare province_name() (previously declared in C:\Users\AMIN\Desktop\bigstore\app\helpers.php:7) {"exception":"[object] (Symfony\\Component\\ErrorHandler\\Error\\FatalError(code: 0): Cannot redeclare province_name() (previously declared in C:\\Users\\AMIN\\Desktop\\bigstore\\app\\helpers.php:7) at C:\\Users\\AMIN\\Desktop\\bigstore\\app\\helpers.php:9)
[stacktrace]
#0 {main}
"} 
[2026-07-13 15:55:36] local.ERROR: Cannot redeclare province_name() (previously declared in C:\Users\AMIN\Desktop\bigstore\app\helpers.php:7) {"exception":"[object] (Symfony\\Component\\ErrorHandler\\Error\\FatalError(code: 0): Cannot redeclare province_name() (previously declared in C:\\Users\\AMIN\\Desktop\\bigstore\\app\\helpers.php:7) at C:\\Users\\AMIN\\Desktop\\bigstore\\app\\helpers.php:9)
[stacktrace]
#0 {main}
"} 
[2026-07-13 15:56:35] local.ERROR: Cannot redeclare province_name() (previously declared in C:\Users\AMIN\Desktop\bigstore\app\helpers.php:7) {"exception":"[object] (Symfony\\Component\\ErrorHandler\\Error\\FatalError(code: 0): Cannot redeclare province_name() (previously declared in C:\\Users\\AMIN\\Desktop\\bigstore\\app\\helpers.php:7) at C:\\Users\\AMIN\\Desktop\\bigstore\\app\\helpers.php:9)
[stacktrace]
#0 {main}
"} 
[2026-07-13 15:57:36] local.ERROR: Cannot redeclare province_name() (previously declared in C:\Users\AMIN\Desktop\bigstore\app\helpers.php:7) {"exception":"[object] (Symfony\\Component\\ErrorHandler\\Error\\FatalError(code: 0): Cannot redeclare province_name() (previously declared in C:\\Users\\AMIN\\Desktop\\bigstore\\app\\helpers.php:7) at C:\\Users\\AMIN\\Desktop\\bigstore\\app\\helpers.php:9)
[stacktrace]
#0 {main}
"} 
[2026-07-13 15:58:35] local.ERROR: Cannot redeclare province_name() (previously declared in C:\Users\AMIN\Desktop\bigstore\app\helpers.php:7) {"exception":"[object] (Symfony\\Component\\ErrorHandler\\Error\\FatalError(code: 0): Cannot redeclare province_name() (previously declared in C:\\Users\\AMIN\\Desktop\\bigstore\\app\\helpers.php:7) at C:\\Users\\AMIN\\Desktop\\bigstore\\app\\helpers.php:9)
[stacktrace]
#0 {main}
"} 
[2026-07-13 15:59:36] local.ERROR: Cannot redeclare province_name() (previously declared in C:\Users\AMIN\Desktop\bigstore\app\helpers.php:7) {"exception":"[object] (Symfony\\Component\\ErrorHandler\\Error\\FatalError(code: 0): Cannot redeclare province_name() (previously declared in C:\\Users\\AMIN\\Desktop\\bigstore\\app\\helpers.php:7) at C:\\Users\\AMIN\\Desktop\\bigstore\\app\\helpers.php:9)
[stacktrace]
#0 {main}
"} 
[2026-07-13 16:00:35] local.ERROR: Cannot redeclare province_name() (previously declared in C:\Users\AMIN\Desktop\bigstore\app\helpers.php:7) {"exception":"[object] (Symfony\\Component\\ErrorHandler\\Error\\FatalError(code: 0): Cannot redeclare province_name() (previously declared in C:\\Users\\AMIN\\Desktop\\bigstore\\app\\helpers.php:7) at C:\\Users\\AMIN\\Desktop\\bigstore\\app\\helpers.php:9)
[stacktrace]
#0 {main}
"} 
[2026-07-13 19:00:46] local.ERROR: Cannot redeclare province_name() (previously declared in C:\Users\AMIN\Desktop\bigstore\app\helpers.php:7) {"exception":"[object] (Symfony\\Component\\ErrorHandler\\Error\\FatalError(code: 0): Cannot redeclare province_name() (previously declared in C:\\Users\\AMIN\\Desktop\\bigstore\\app\\helpers.php:7) at C:\\Users\\AMIN\\Desktop\\bigstore\\app\\helpers.php:9)
[stacktrace]
#0 {main}
"} 
[2026-07-14 12:09:46] local.ERROR: Cannot redeclare province_name() (previously declared in C:\Users\AMIN\Desktop\bigstore\app\helpers.php:7) {"exception":"[object] (Symfony\\Component\\ErrorHandler\\Error\\FatalError(code: 0): Cannot redeclare province_name() (previously declared in C:\\Users\\AMIN\\Desktop\\bigstore\\app\\helpers.php:7) at C:\\Users\\AMIN\\Desktop\\bigstore\\app\\helpers.php:9)
[stacktrace]
#0 {main}
"} 
[2026-07-14 12:10:43] local.ERROR: Cannot redeclare province_name() (previously declared in C:\Users\AMIN\Desktop\bigstore\app\helpers.php:7) {"exception":"[object] (Symfony\\Component\\ErrorHandler\\Error\\FatalError(code: 0): Cannot redeclare province_name() (previously declared in C:\\Users\\AMIN\\Desktop\\bigstore\\app\\helpers.php:7) at C:\\Users\\AMIN\\Desktop\\bigstore\\app\\helpers.php:9)
[stacktrace]
#0 {main}
"} 
[2026-07-14 12:11:43] local.ERROR: Cannot redeclare province_name() (previously declared in C:\Users\AMIN\Desktop\bigstore\app\helpers.php:7) {"exception":"[object] (Symfony\\Component\\ErrorHandler\\Error\\FatalError(code: 0): Cannot redeclare province_name() (previously declared in C:\\Users\\AMIN\\Desktop\\bigstore\\app\\helpers.php:7) at C:\\Users\\AMIN\\Desktop\\bigstore\\app\\helpers.php:9)
[stacktrace]
#0 {main}
"} 
[2026-07-14 12:12:43] local.ERROR: Cannot redeclare province_name() (previously declared in C:\Users\AMIN\Desktop\bigstore\app\helpers.php:7) {"exception":"[object] (Symfony\\Component\\ErrorHandler\\Error\\FatalError(code: 0): Cannot redeclare province_name() (previously declared in C:\\Users\\AMIN\\Desktop\\bigstore\\app\\helpers.php:7) at C:\\Users\\AMIN\\Desktop\\bigstore\\app\\helpers.php:9)
[stacktrace]
#0 {main}
"} 
[2026-07-14 12:13:43] local.ERROR: Cannot redeclare province_name() (previously declared in C:\Users\AMIN\Desktop\bigstore\app\helpers.php:7) {"exception":"[object] (Symfony\\Component\\ErrorHandler\\Error\\FatalError(code: 0): Cannot redeclare province_name() (previously declared in C:\\Users\\AMIN\\Desktop\\bigstore\\app\\helpers.php:7) at C:\\Users\\AMIN\\Desktop\\bigstore\\app\\helpers.php:9)
[stacktrace]
#0 {main}
"} 
[2026-07-14 12:14:43] local.ERROR: Cannot redeclare province_name() (previously declared in C:\Users\AMIN\Desktop\bigstore\app\helpers.php:7) {"exception":"[object] (Symfony\\Component\\ErrorHandler\\Error\\FatalError(code: 0): Cannot redeclare province_name() (previously declared in C:\\Users\\AMIN\\Desktop\\bigstore\\app\\helpers.php:7) at C:\\Users\\AMIN\\Desktop\\bigstore\\app\\helpers.php:9)
[stacktrace]
#0 {main}
"} 
[2026-07-14 12:15:43] local.ERROR: Cannot redeclare province_name() (previously declared in C:\Users\AMIN\Desktop\bigstore\app\helpers.php:7) {"exception":"[object] (Symfony\\Component\\ErrorHandler\\Error\\FatalError(code: 0): Cannot redeclare province_name() (previously declared in C:\\Users\\AMIN\\Desktop\\bigstore\\app\\helpers.php:7) at C:\\Users\\AMIN\\Desktop\\bigstore\\app\\helpers.php:9)
[stacktrace]
#0 {main}
"} 
[2026-07-14 12:16:43] local.ERROR: Cannot redeclare province_name() (previously declared in C:\Users\AMIN\Desktop\bigstore\app\helpers.php:7) {"exception":"[object] (Symfony\\Component\\ErrorHandler\\Error\\FatalError(code: 0): Cannot redeclare province_name() (previously declared in C:\\Users\\AMIN\\Desktop\\bigstore\\app\\helpers.php:7) at C:\\Users\\AMIN\\Desktop\\bigstore\\app\\helpers.php:9)
[stacktrace]
#0 {main}
"} 
[2026-07-14 12:17:43] local.ERROR: Cannot redeclare province_name() (previously declared in C:\Users\AMIN\Desktop\bigstore\app\helpers.php:7) {"exception":"[object] (Symfony\\Component\\ErrorHandler\\Error\\FatalError(code: 0): Cannot redeclare province_name() (previously declared in C:\\Users\\AMIN\\Desktop\\bigstore\\app\\helpers.php:7) at C:\\Users\\AMIN\\Desktop\\bigstore\\app\\helpers.php:9)
[stacktrace]
#0 {main}
"} 
[2026-07-14 12:18:43] local.ERROR: Cannot redeclare province_name() (previously declared in C:\Users\AMIN\Desktop\bigstore\app\helpers.php:7) {"exception":"[object] (Symfony\\Component\\ErrorHandler\\Error\\FatalError(code: 0): Cannot redeclare province_name() (previously declared in C:\\Users\\AMIN\\Desktop\\bigstore\\app\\helpers.php:7) at C:\\Users\\AMIN\\Desktop\\bigstore\\app\\helpers.php:9)
[stacktrace]
#0 {main}
"} 
[2026-07-14 12:19:43] local.ERROR: Cannot redeclare province_name() (previously declared in C:\Users\AMIN\Desktop\bigstore\app\helpers.php:7) {"exception":"[object] (Symfony\\Component\\ErrorHandler\\Error\\FatalError(code: 0): Cannot redeclare province_name() (previously declared in C:\\Users\\AMIN\\Desktop\\bigstore\\app\\helpers.php:7) at C:\\Users\\AMIN\\Desktop\\bigstore\\app\\helpers.php:9)
[stacktrace]
#0 {main}
"} 
[2026-07-14 12:20:43] local.ERROR: Cannot redeclare province_name() (previously declared in C:\Users\AMIN\Desktop\bigstore\app\helpers.php:7) {"exception":"[object] (Symfony\\Component\\ErrorHandler\\Error\\FatalError(code: 0): Cannot redeclare province_name() (previously declared in C:\\Users\\AMIN\\Desktop\\bigstore\\app\\helpers.php:7) at C:\\Users\\AMIN\\Desktop\\bigstore\\app\\helpers.php:9)
[stacktrace]
#0 {main}
"} 
[2026-07-14 12:21:43] local.ERROR: Cannot redeclare province_name() (previously declared in C:\Users\AMIN\Desktop\bigstore\app\helpers.php:7) {"exception":"[object] (Symfony\\Component\\ErrorHandler\\Error\\FatalError(code: 0): Cannot redeclare province_name() (previously declared in C:\\Users\\AMIN\\Desktop\\bigstore\\app\\helpers.php:7) at C:\\Users\\AMIN\\Desktop\\bigstore\\app\\helpers.php:9)
[stacktrace]
#0 {main}
"} 
[2026-07-14 12:22:43] local.ERROR: Cannot redeclare province_name() (previously declared in C:\Users\AMIN\Desktop\bigstore\app\helpers.php:7) {"exception":"[object] (Symfony\\Component\\ErrorHandler\\Error\\FatalError(code: 0): Cannot redeclare province_name() (previously declared in C:\\Users\\AMIN\\Desktop\\bigstore\\app\\helpers.php:7) at C:\\Users\\AMIN\\Desktop\\bigstore\\app\\helpers.php:9)
[stacktrace]
#0 {main}
"} 
[2026-07-14 12:23:43] local.ERROR: Cannot redeclare province_name() (previously declared in C:\Users\AMIN\Desktop\bigstore\app\helpers.php:7) {"exception":"[object] (Symfony\\Component\\ErrorHandler\\Error\\FatalError(code: 0): Cannot redeclare province_name() (previously declared in C:\\Users\\AMIN\\Desktop\\bigstore\\app\\helpers.php:7) at C:\\Users\\AMIN\\Desktop\\bigstore\\app\\helpers.php:9)
[stacktrace]
#0 {main}
"} 
[2026-07-14 12:24:43] local.ERROR: Cannot redeclare province_name() (previously declared in C:\Users\AMIN\Desktop\bigstore\app\helpers.php:7) {"exception":"[object] (Symfony\\Component\\ErrorHandler\\Error\\FatalError(code: 0): Cannot redeclare province_name() (previously declared in C:\\Users\\AMIN\\Desktop\\bigstore\\app\\helpers.php:7) at C:\\Users\\AMIN\\Desktop\\bigstore\\app\\helpers.php:9)
[stacktrace]
#0 {main}
"} 
[2026-07-14 12:25:43] local.ERROR: Cannot redeclare province_name() (previously declared in C:\Users\AMIN\Desktop\bigstore\app\helpers.php:7) {"exception":"[object] (Symfony\\Component\\ErrorHandler\\Error\\FatalError(code: 0): Cannot redeclare province_name() (previously declared in C:\\Users\\AMIN\\Desktop\\bigstore\\app\\helpers.php:7) at C:\\Users\\AMIN\\Desktop\\bigstore\\app\\helpers.php:9)
[stacktrace]
#0 {main}
"} 
[2026-07-14 12:26:43] local.ERROR: Cannot redeclare province_name() (previously declared in C:\Users\AMIN\Desktop\bigstore\app\helpers.php:7) {"exception":"[object] (Symfony\\Component\\ErrorHandler\\Error\\FatalError(code: 0): Cannot redeclare province_name() (previously declared in C:\\Users\\AMIN\\Desktop\\bigstore\\app\\helpers.php:7) at C:\\Users\\AMIN\\Desktop\\bigstore\\app\\helpers.php:9)
[stacktrace]
#0 {main}
"} 
[2026-07-14 12:27:43] local.ERROR: Cannot redeclare province_name() (previously declared in C:\Users\AMIN\Desktop\bigstore\app\helpers.php:7) {"exception":"[object] (Symfony\\Component\\ErrorHandler\\Error\\FatalError(code: 0): Cannot redeclare province_name() (previously declared in C:\\Users\\AMIN\\Desktop\\bigstore\\app\\helpers.php:7) at C:\\Users\\AMIN\\Desktop\\bigstore\\app\\helpers.php:9)
[stacktrace]
#0 {main}
"} 
[2026-07-14 12:28:56] local.ERROR: Cannot redeclare province_name() (previously declared in C:\Users\AMIN\Desktop\bigstore\app\helpers.php:7) {"exception":"[object] (Symfony\\Component\\ErrorHandler\\Error\\FatalError(code: 0): Cannot redeclare province_name() (previously declared in C:\\Users\\AMIN\\Desktop\\bigstore\\app\\helpers.php:7) at C:\\Users\\AMIN\\Desktop\\bigstore\\app\\helpers.php:9)
[stacktrace]
#0 {main}
"} 
[2026-07-14 12:29:43] local.ERROR: Cannot redeclare province_name() (previously declared in C:\Users\AMIN\Desktop\bigstore\app\helpers.php:7) {"exception":"[object] (Symfony\\Component\\ErrorHandler\\Error\\FatalError(code: 0): Cannot redeclare province_name() (previously declared in C:\\Users\\AMIN\\Desktop\\bigstore\\app\\helpers.php:7) at C:\\Users\\AMIN\\Desktop\\bigstore\\app\\helpers.php:9)
[stacktrace]
#0 {main}
"} 
[2026-07-14 12:30:43] local.ERROR: Cannot redeclare province_name() (previously declared in C:\Users\AMIN\Desktop\bigstore\app\helpers.php:7) {"exception":"[object] (Symfony\\Component\\ErrorHandler\\Error\\FatalError(code: 0): Cannot redeclare province_name() (previously declared in C:\\Users\\AMIN\\Desktop\\bigstore\\app\\helpers.php:7) at C:\\Users\\AMIN\\Desktop\\bigstore\\app\\helpers.php:9)
[stacktrace]
#0 {main}
"} 
[2026-07-14 12:31:43] local.ERROR: Cannot redeclare province_name() (previously declared in C:\Users\AMIN\Desktop\bigstore\app\helpers.php:7) {"exception":"[object] (Symfony\\Component\\ErrorHandler\\Error\\FatalError(code: 0): Cannot redeclare province_name() (previously declared in C:\\Users\\AMIN\\Desktop\\bigstore\\app\\helpers.php:7) at C:\\Users\\AMIN\\Desktop\\bigstore\\app\\helpers.php:9)
[stacktrace]
#0 {main}
"} 
[2026-07-14 12:32:43] local.ERROR: Cannot redeclare province_name() (previously declared in C:\Users\AMIN\Desktop\bigstore\app\helpers.php:7) {"exception":"[object] (Symfony\\Component\\ErrorHandler\\Error\\FatalError(code: 0): Cannot redeclare province_name() (previously declared in C:\\Users\\AMIN\\Desktop\\bigstore\\app\\helpers.php:7) at C:\\Users\\AMIN\\Desktop\\bigstore\\app\\helpers.php:9)
[stacktrace]
#0 {main}
"} 
[2026-07-14 12:33:43] local.ERROR: Cannot redeclare province_name() (previously declared in C:\Users\AMIN\Desktop\bigstore\app\helpers.php:7) {"exception":"[object] (Symfony\\Component\\ErrorHandler\\Error\\FatalError(code: 0): Cannot redeclare province_name() (previously declared in C:\\Users\\AMIN\\Desktop\\bigstore\\app\\helpers.php:7) at C:\\Users\\AMIN\\Desktop\\bigstore\\app\\helpers.php:9)
[stacktrace]
#0 {main}
"} 
[2026-07-14 12:34:43] local.ERROR: Cannot redeclare province_name() (previously declared in C:\Users\AMIN\Desktop\bigstore\app\helpers.php:7) {"exception":"[object] (Symfony\\Component\\ErrorHandler\\Error\\FatalError(code: 0): Cannot redeclare province_name() (previously declared in C:\\Users\\AMIN\\Desktop\\bigstore\\app\\helpers.php:7) at C:\\Users\\AMIN\\Desktop\\bigstore\\app\\helpers.php:9)
[stacktrace]
#0 {main}
"} 
[2026-07-14 12:35:43] local.ERROR: Cannot redeclare province_name() (previously declared in C:\Users\AMIN\Desktop\bigstore\app\helpers.php:7) {"exception":"[object] (Symfony\\Component\\ErrorHandler\\Error\\FatalError(code: 0): Cannot redeclare province_name() (previously declared in C:\\Users\\AMIN\\Desktop\\bigstore\\app\\helpers.php:7) at C:\\Users\\AMIN\\Desktop\\bigstore\\app\\helpers.php:9)
[stacktrace]
#0 {main}
"} 
[2026-07-14 12:36:43] local.ERROR: Cannot redeclare province_name() (previously declared in C:\Users\AMIN\Desktop\bigstore\app\helpers.php:7) {"exception":"[object] (Symfony\\Component\\ErrorHandler\\Error\\FatalError(code: 0): Cannot redeclare province_name() (previously declared in C:\\Users\\AMIN\\Desktop\\bigstore\\app\\helpers.php:7) at C:\\Users\\AMIN\\Desktop\\bigstore\\app\\helpers.php:9)
[stacktrace]
#0 {main}
"} 
[2026-07-14 12:37:43] local.ERROR: Cannot redeclare province_name() (previously declared in C:\Users\AMIN\Desktop\bigstore\app\helpers.php:7) {"exception":"[object] (Symfony\\Component\\ErrorHandler\\Error\\FatalError(code: 0): Cannot redeclare province_name() (previously declared in C:\\Users\\AMIN\\Desktop\\bigstore\\app\\helpers.php:7) at C:\\Users\\AMIN\\Desktop\\bigstore\\app\\helpers.php:9)
[stacktrace]
#0 {main}
"} 
[2026-07-14 12:38:43] local.ERROR: Cannot redeclare province_name() (previously declared in C:\Users\AMIN\Desktop\bigstore\app\helpers.php:7) {"exception":"[object] (Symfony\\Component\\ErrorHandler\\Error\\FatalError(code: 0): Cannot redeclare province_name() (previously declared in C:\\Users\\AMIN\\Desktop\\bigstore\\app\\helpers.php:7) at C:\\Users\\AMIN\\Desktop\\bigstore\\app\\helpers.php:9)
[stacktrace]
#0 {main}
"} 
[2026-07-14 12:39:43] local.ERROR: Cannot redeclare province_name() (previously declared in C:\Users\AMIN\Desktop\bigstore\app\helpers.php:7) {"exception":"[object] (Symfony\\Component\\ErrorHandler\\Error\\FatalError(code: 0): Cannot redeclare province_name() (previously declared in C:\\Users\\AMIN\\Desktop\\bigstore\\app\\helpers.php:7) at C:\\Users\\AMIN\\Desktop\\bigstore\\app\\helpers.php:9)
[stacktrace]
#0 {main}
"} 
[2026-07-14 12:40:43] local.ERROR: Cannot redeclare province_name() (previously declared in C:\Users\AMIN\Desktop\bigstore\app\helpers.php:7) {"exception":"[object] (Symfony\\Component\\ErrorHandler\\Error\\FatalError(code: 0): Cannot redeclare province_name() (previously declared in C:\\Users\\AMIN\\Desktop\\bigstore\\app\\helpers.php:7) at C:\\Users\\AMIN\\Desktop\\bigstore\\app\\helpers.php:9)
[stacktrace]
#0 {main}
"} 
[2026-07-14 12:41:43] local.ERROR: Cannot redeclare province_name() (previously declared in C:\Users\AMIN\Desktop\bigstore\app\helpers.php:7) {"exception":"[object] (Symfony\\Component\\ErrorHandler\\Error\\FatalError(code: 0): Cannot redeclare province_name() (previously declared in C:\\Users\\AMIN\\Desktop\\bigstore\\app\\helpers.php:7) at C:\\Users\\AMIN\\Desktop\\bigstore\\app\\helpers.php:9)
[stacktrace]
#0 {main}
"} 
[2026-07-14 12:42:43] local.ERROR: Cannot redeclare province_name() (previously declared in C:\Users\AMIN\Desktop\bigstore\app\helpers.php:7) {"exception":"[object] (Symfony\\Component\\ErrorHandler\\Error\\FatalError(code: 0): Cannot redeclare province_name() (previously declared in C:\\Users\\AMIN\\Desktop\\bigstore\\app\\helpers.php:7) at C:\\Users\\AMIN\\Desktop\\bigstore\\app\\helpers.php:9)
[stacktrace]
#0 {main}
"} 
[2026-07-14 12:43:43] local.ERROR: Cannot redeclare province_name() (previously declared in C:\Users\AMIN\Desktop\bigstore\app\helpers.php:7) {"exception":"[object] (Symfony\\Component\\ErrorHandler\\Error\\FatalError(code: 0): Cannot redeclare province_name() (previously declared in C:\\Users\\AMIN\\Desktop\\bigstore\\app\\helpers.php:7) at C:\\Users\\AMIN\\Desktop\\bigstore\\app\\helpers.php:9)
[stacktrace]
#0 {main}
"} 
[2026-07-14 12:44:43] local.ERROR: Cannot redeclare province_name() (previously declared in C:\Users\AMIN\Desktop\bigstore\app\helpers.php:7) {"exception":"[object] (Symfony\\Component\\ErrorHandler\\Error\\FatalError(code: 0): Cannot redeclare province_name() (previously declared in C:\\Users\\AMIN\\Desktop\\bigstore\\app\\helpers.php:7) at C:\\Users\\AMIN\\Desktop\\bigstore\\app\\helpers.php:9)
[stacktrace]
#0 {main}
"} 
[2026-07-14 12:45:43] local.ERROR: Cannot redeclare province_name() (previously declared in C:\Users\AMIN\Desktop\bigstore\app\helpers.php:7) {"exception":"[object] (Symfony\\Component\\ErrorHandler\\Error\\FatalError(code: 0): Cannot redeclare province_name() (previously declared in C:\\Users\\AMIN\\Desktop\\bigstore\\app\\helpers.php:7) at C:\\Users\\AMIN\\Desktop\\bigstore\\app\\helpers.php:9)
[stacktrace]
#0 {main}
"} 
[2026-07-14 12:46:43] local.ERROR: Cannot redeclare province_name() (previously declared in C:\Users\AMIN\Desktop\bigstore\app\helpers.php:7) {"exception":"[object] (Symfony\\Component\\ErrorHandler\\Error\\FatalError(code: 0): Cannot redeclare province_name() (previously declared in C:\\Users\\AMIN\\Desktop\\bigstore\\app\\helpers.php:7) at C:\\Users\\AMIN\\Desktop\\bigstore\\app\\helpers.php:9)
[stacktrace]
#0 {main}
"} 
[2026-07-14 12:47:43] local.ERROR: Cannot redeclare province_name() (previously declared in C:\Users\AMIN\Desktop\bigstore\app\helpers.php:7) {"exception":"[object] (Symfony\\Component\\ErrorHandler\\Error\\FatalError(code: 0): Cannot redeclare province_name() (previously declared in C:\\Users\\AMIN\\Desktop\\bigstore\\app\\helpers.php:7) at C:\\Users\\AMIN\\Desktop\\bigstore\\app\\helpers.php:9)
[stacktrace]
#0 {main}
"} 
[2026-07-14 12:48:43] local.ERROR: Cannot redeclare province_name() (previously declared in C:\Users\AMIN\Desktop\bigstore\app\helpers.php:7) {"exception":"[object] (Symfony\\Component\\ErrorHandler\\Error\\FatalError(code: 0): Cannot redeclare province_name() (previously declared in C:\\Users\\AMIN\\Desktop\\bigstore\\app\\helpers.php:7) at C:\\Users\\AMIN\\Desktop\\bigstore\\app\\helpers.php:9)
[stacktrace]
#0 {main}
"} 
[2026-07-14 12:49:43] local.ERROR: Cannot redeclare province_name() (previously declared in C:\Users\AMIN\Desktop\bigstore\app\helpers.php:7) {"exception":"[object] (Symfony\\Component\\ErrorHandler\\Error\\FatalError(code: 0): Cannot redeclare province_name() (previously declared in C:\\Users\\AMIN\\Desktop\\bigstore\\app\\helpers.php:7) at C:\\Users\\AMIN\\Desktop\\bigstore\\app\\helpers.php:9)
[stacktrace]
#0 {main}
"} 
[2026-07-14 12:50:43] local.ERROR: Cannot redeclare province_name() (previously declared in C:\Users\AMIN\Desktop\bigstore\app\helpers.php:7) {"exception":"[object] (Symfony\\Component\\ErrorHandler\\Error\\FatalError(code: 0): Cannot redeclare province_name() (previously declared in C:\\Users\\AMIN\\Desktop\\bigstore\\app\\helpers.php:7) at C:\\Users\\AMIN\\Desktop\\bigstore\\app\\helpers.php:9)
[stacktrace]
#0 {main}
"} 
[2026-07-14 12:51:43] local.ERROR: Cannot redeclare province_name() (previously declared in C:\Users\AMIN\Desktop\bigstore\app\helpers.php:7) {"exception":"[object] (Symfony\\Component\\ErrorHandler\\Error\\FatalError(code: 0): Cannot redeclare province_name() (previously declared in C:\\Users\\AMIN\\Desktop\\bigstore\\app\\helpers.php:7) at C:\\Users\\AMIN\\Desktop\\bigstore\\app\\helpers.php:9)
[stacktrace]
#0 {main}
"} 
[2026-07-14 12:52:43] local.ERROR: Cannot redeclare province_name() (previously declared in C:\Users\AMIN\Desktop\bigstore\app\helpers.php:7) {"exception":"[object] (Symfony\\Component\\ErrorHandler\\Error\\FatalError(code: 0): Cannot redeclare province_name() (previously declared in C:\\Users\\AMIN\\Desktop\\bigstore\\app\\helpers.php:7) at C:\\Users\\AMIN\\Desktop\\bigstore\\app\\helpers.php:9)
[stacktrace]
#0 {main}
"} 
[2026-07-14 12:53:43] local.ERROR: Cannot redeclare province_name() (previously declared in C:\Users\AMIN\Desktop\bigstore\app\helpers.php:7) {"exception":"[object] (Symfony\\Component\\ErrorHandler\\Error\\FatalError(code: 0): Cannot redeclare province_name() (previously declared in C:\\Users\\AMIN\\Desktop\\bigstore\\app\\helpers.php:7) at C:\\Users\\AMIN\\Desktop\\bigstore\\app\\helpers.php:9)
[stacktrace]
#0 {main}
"} 
[2026-07-14 12:54:43] local.ERROR: Cannot redeclare province_name() (previously declared in C:\Users\AMIN\Desktop\bigstore\app\helpers.php:7) {"exception":"[object] (Symfony\\Component\\ErrorHandler\\Error\\FatalError(code: 0): Cannot redeclare province_name() (previously declared in C:\\Users\\AMIN\\Desktop\\bigstore\\app\\helpers.php:7) at C:\\Users\\AMIN\\Desktop\\bigstore\\app\\helpers.php:9)
[stacktrace]
#0 {main}
"} 
[2026-07-14 12:55:43] local.ERROR: Cannot redeclare province_name() (previously declared in C:\Users\AMIN\Desktop\bigstore\app\helpers.php:7) {"exception":"[object] (Symfony\\Component\\ErrorHandler\\Error\\FatalError(code: 0): Cannot redeclare province_name() (previously declared in C:\\Users\\AMIN\\Desktop\\bigstore\\app\\helpers.php:7) at C:\\Users\\AMIN\\Desktop\\bigstore\\app\\helpers.php:9)
[stacktrace]
#0 {main}
"} 
[2026-07-14 12:56:43] local.ERROR: Cannot redeclare province_name() (previously declared in C:\Users\AMIN\Desktop\bigstore\app\helpers.php:7) {"exception":"[object] (Symfony\\Component\\ErrorHandler\\Error\\FatalError(code: 0): Cannot redeclare province_name() (previously declared in C:\\Users\\AMIN\\Desktop\\bigstore\\app\\helpers.php:7) at C:\\Users\\AMIN\\Desktop\\bigstore\\app\\helpers.php:9)
[stacktrace]
#0 {main}
"} 
[2026-07-14 12:57:43] local.ERROR: Cannot redeclare province_name() (previously declared in C:\Users\AMIN\Desktop\bigstore\app\helpers.php:7) {"exception":"[object] (Symfony\\Component\\ErrorHandler\\Error\\FatalError(code: 0): Cannot redeclare province_name() (previously declared in C:\\Users\\AMIN\\Desktop\\bigstore\\app\\helpers.php:7) at C:\\Users\\AMIN\\Desktop\\bigstore\\app\\helpers.php:9)
[stacktrace]
#0 {main}
"} 
[2026-07-14 12:58:43] local.ERROR: Cannot redeclare province_name() (previously declared in C:\Users\AMIN\Desktop\bigstore\app\helpers.php:7) {"exception":"[object] (Symfony\\Component\\ErrorHandler\\Error\\FatalError(code: 0): Cannot redeclare province_name() (previously declared in C:\\Users\\AMIN\\Desktop\\bigstore\\app\\helpers.php:7) at C:\\Users\\AMIN\\Desktop\\bigstore\\app\\helpers.php:9)
[stacktrace]
#0 {main}
"} 
[2026-07-14 12:59:43] local.ERROR: Cannot redeclare province_name() (previously declared in C:\Users\AMIN\Desktop\bigstore\app\helpers.php:7) {"exception":"[object] (Symfony\\Component\\ErrorHandler\\Error\\FatalError(code: 0): Cannot redeclare province_name() (previously declared in C:\\Users\\AMIN\\Desktop\\bigstore\\app\\helpers.php:7) at C:\\Users\\AMIN\\Desktop\\bigstore\\app\\helpers.php:9)
[stacktrace]
#0 {main}
"} 
[2026-07-14 13:00:43] local.ERROR: Cannot redeclare province_name() (previously declared in C:\Users\AMIN\Desktop\bigstore\app\helpers.php:7) {"exception":"[object] (Symfony\\Component\\ErrorHandler\\Error\\FatalError(code: 0): Cannot redeclare province_name() (previously declared in C:\\Users\\AMIN\\Desktop\\bigstore\\app\\helpers.php:7) at C:\\Users\\AMIN\\Desktop\\bigstore\\app\\helpers.php:9)
[stacktrace]
#0 {main}
"} 
[2026-07-14 13:01:43] local.ERROR: Cannot redeclare province_name() (previously declared in C:\Users\AMIN\Desktop\bigstore\app\helpers.php:7) {"exception":"[object] (Symfony\\Component\\ErrorHandler\\Error\\FatalError(code: 0): Cannot redeclare province_name() (previously declared in C:\\Users\\AMIN\\Desktop\\bigstore\\app\\helpers.php:7) at C:\\Users\\AMIN\\Desktop\\bigstore\\app\\helpers.php:9)
[stacktrace]
#0 {main}
"} 
[2026-07-14 13:02:43] local.ERROR: Cannot redeclare province_name() (previously declared in C:\Users\AMIN\Desktop\bigstore\app\helpers.php:7) {"exception":"[object] (Symfony\\Component\\ErrorHandler\\Error\\FatalError(code: 0): Cannot redeclare province_name() (previously declared in C:\\Users\\AMIN\\Desktop\\bigstore\\app\\helpers.php:7) at C:\\Users\\AMIN\\Desktop\\bigstore\\app\\helpers.php:9)
[stacktrace]
#0 {main}
"} 
[2026-07-14 13:03:43] local.ERROR: Cannot redeclare province_name() (previously declared in C:\Users\AMIN\Desktop\bigstore\app\helpers.php:7) {"exception":"[object] (Symfony\\Component\\ErrorHandler\\Error\\FatalError(code: 0): Cannot redeclare province_name() (previously declared in C:\\Users\\AMIN\\Desktop\\bigstore\\app\\helpers.php:7) at C:\\Users\\AMIN\\Desktop\\bigstore\\app\\helpers.php:9)
[stacktrace]
#0 {main}
"} 
[2026-07-14 13:04:43] local.ERROR: Cannot redeclare province_name() (previously declared in C:\Users\AMIN\Desktop\bigstore\app\helpers.php:7) {"exception":"[object] (Symfony\\Component\\ErrorHandler\\Error\\FatalError(code: 0): Cannot redeclare province_name() (previously declared in C:\\Users\\AMIN\\Desktop\\bigstore\\app\\helpers.php:7) at C:\\Users\\AMIN\\Desktop\\bigstore\\app\\helpers.php:9)
[stacktrace]
#0 {main}
"} 
[2026-07-14 13:05:43] local.ERROR: Cannot redeclare province_name() (previously declared in C:\Users\AMIN\Desktop\bigstore\app\helpers.php:7) {"exception":"[object] (Symfony\\Component\\ErrorHandler\\Error\\FatalError(code: 0): Cannot redeclare province_name() (previously declared in C:\\Users\\AMIN\\Desktop\\bigstore\\app\\helpers.php:7) at C:\\Users\\AMIN\\Desktop\\bigstore\\app\\helpers.php:9)
[stacktrace]
#0 {main}
"} 
[2026-07-14 13:06:43] local.ERROR: Cannot redeclare province_name() (previously declared in C:\Users\AMIN\Desktop\bigstore\app\helpers.php:7) {"exception":"[object] (Symfony\\Component\\ErrorHandler\\Error\\FatalError(code: 0): Cannot redeclare province_name() (previously declared in C:\\Users\\AMIN\\Desktop\\bigstore\\app\\helpers.php:7) at C:\\Users\\AMIN\\Desktop\\bigstore\\app\\helpers.php:9)
[stacktrace]
#0 {main}
"} 
[2026-07-14 13:07:43] local.ERROR: Cannot redeclare province_name() (previously declared in C:\Users\AMIN\Desktop\bigstore\app\helpers.php:7) {"exception":"[object] (Symfony\\Component\\ErrorHandler\\Error\\FatalError(code: 0): Cannot redeclare province_name() (previously declared in C:\\Users\\AMIN\\Desktop\\bigstore\\app\\helpers.php:7) at C:\\Users\\AMIN\\Desktop\\bigstore\\app\\helpers.php:9)
[stacktrace]
#0 {main}
"} 
[2026-07-14 13:08:43] local.ERROR: Cannot redeclare province_name() (previously declared in C:\Users\AMIN\Desktop\bigstore\app\helpers.php:7) {"exception":"[object] (Symfony\\Component\\ErrorHandler\\Error\\FatalError(code: 0): Cannot redeclare province_name() (previously declared in C:\\Users\\AMIN\\Desktop\\bigstore\\app\\helpers.php:7) at C:\\Users\\AMIN\\Desktop\\bigstore\\app\\helpers.php:9)
[stacktrace]
#0 {main}
"} 
[2026-07-14 13:09:43] local.ERROR: Cannot redeclare province_name() (previously declared in C:\Users\AMIN\Desktop\bigstore\app\helpers.php:7) {"exception":"[object] (Symfony\\Component\\ErrorHandler\\Error\\FatalError(code: 0): Cannot redeclare province_name() (previously declared in C:\\Users\\AMIN\\Desktop\\bigstore\\app\\helpers.php:7) at C:\\Users\\AMIN\\Desktop\\bigstore\\app\\helpers.php:9)
[stacktrace]
#0 {main}
"} 
[2026-07-14 13:10:43] local.ERROR: Cannot redeclare province_name() (previously declared in C:\Users\AMIN\Desktop\bigstore\app\helpers.php:7) {"exception":"[object] (Symfony\\Component\\ErrorHandler\\Error\\FatalError(code: 0): Cannot redeclare province_name() (previously declared in C:\\Users\\AMIN\\Desktop\\bigstore\\app\\helpers.php:7) at C:\\Users\\AMIN\\Desktop\\bigstore\\app\\helpers.php:9)
[stacktrace]
#0 {main}
"} 
[2026-07-14 13:11:43] local.ERROR: Cannot redeclare province_name() (previously declared in C:\Users\AMIN\Desktop\bigstore\app\helpers.php:7) {"exception":"[object] (Symfony\\Component\\ErrorHandler\\Error\\FatalError(code: 0): Cannot redeclare province_name() (previously declared in C:\\Users\\AMIN\\Desktop\\bigstore\\app\\helpers.php:7) at C:\\Users\\AMIN\\Desktop\\bigstore\\app\\helpers.php:9)
[stacktrace]
#0 {main}
"} 
[2026-07-14 13:12:43] local.ERROR: Cannot redeclare province_name() (previously declared in C:\Users\AMIN\Desktop\bigstore\app\helpers.php:7) {"exception":"[object] (Symfony\\Component\\ErrorHandler\\Error\\FatalError(code: 0): Cannot redeclare province_name() (previously declared in C:\\Users\\AMIN\\Desktop\\bigstore\\app\\helpers.php:7) at C:\\Users\\AMIN\\Desktop\\bigstore\\app\\helpers.php:9)
[stacktrace]
#0 {main}
"} 
[2026-07-14 13:13:43] local.ERROR: Cannot redeclare province_name() (previously declared in C:\Users\AMIN\Desktop\bigstore\app\helpers.php:7) {"exception":"[object] (Symfony\\Component\\ErrorHandler\\Error\\FatalError(code: 0): Cannot redeclare province_name() (previously declared in C:\\Users\\AMIN\\Desktop\\bigstore\\app\\helpers.php:7) at C:\\Users\\AMIN\\Desktop\\bigstore\\app\\helpers.php:9)
[stacktrace]
#0 {main}
"} 
[2026-07-14 13:14:43] local.ERROR: Cannot redeclare province_name() (previously declared in C:\Users\AMIN\Desktop\bigstore\app\helpers.php:7) {"exception":"[object] (Symfony\\Component\\ErrorHandler\\Error\\FatalError(code: 0): Cannot redeclare province_name() (previously declared in C:\\Users\\AMIN\\Desktop\\bigstore\\app\\helpers.php:7) at C:\\Users\\AMIN\\Desktop\\bigstore\\app\\helpers.php:9)
[stacktrace]
#0 {main}
"} 
[2026-07-14 13:15:43] local.ERROR: Cannot redeclare province_name() (previously declared in C:\Users\AMIN\Desktop\bigstore\app\helpers.php:7) {"exception":"[object] (Symfony\\Component\\ErrorHandler\\Error\\FatalError(code: 0): Cannot redeclare province_name() (previously declared in C:\\Users\\AMIN\\Desktop\\bigstore\\app\\helpers.php:7) at C:\\Users\\AMIN\\Desktop\\bigstore\\app\\helpers.php:9)
[stacktrace]
#0 {main}
"} 
[2026-07-14 13:16:43] local.ERROR: Cannot redeclare province_name() (previously declared in C:\Users\AMIN\Desktop\bigstore\app\helpers.php:7) {"exception":"[object] (Symfony\\Component\\ErrorHandler\\Error\\FatalError(code: 0): Cannot redeclare province_name() (previously declared in C:\\Users\\AMIN\\Desktop\\bigstore\\app\\helpers.php:7) at C:\\Users\\AMIN\\Desktop\\bigstore\\app\\helpers.php:9)
[stacktrace]
#0 {main}
"} 
[2026-07-14 13:17:44] local.ERROR: Cannot redeclare province_name() (previously declared in C:\Users\AMIN\Desktop\bigstore\app\helpers.php:7) {"exception":"[object] (Symfony\\Component\\ErrorHandler\\Error\\FatalError(code: 0): Cannot redeclare province_name() (previously declared in C:\\Users\\AMIN\\Desktop\\bigstore\\app\\helpers.php:7) at C:\\Users\\AMIN\\Desktop\\bigstore\\app\\helpers.php:9)
[stacktrace]
#0 {main}
"} 
[2026-07-14 13:18:43] local.ERROR: Cannot redeclare province_name() (previously declared in C:\Users\AMIN\Desktop\bigstore\app\helpers.php:7) {"exception":"[object] (Symfony\\Component\\ErrorHandler\\Error\\FatalError(code: 0): Cannot redeclare province_name() (previously declared in C:\\Users\\AMIN\\Desktop\\bigstore\\app\\helpers.php:7) at C:\\Users\\AMIN\\Desktop\\bigstore\\app\\helpers.php:9)
[stacktrace]
#0 {main}
"} 
[2026-07-14 13:19:43] local.ERROR: Cannot redeclare province_name() (previously declared in C:\Users\AMIN\Desktop\bigstore\app\helpers.php:7) {"exception":"[object] (Symfony\\Component\\ErrorHandler\\Error\\FatalError(code: 0): Cannot redeclare province_name() (previously declared in C:\\Users\\AMIN\\Desktop\\bigstore\\app\\helpers.php:7) at C:\\Users\\AMIN\\Desktop\\bigstore\\app\\helpers.php:9)
[stacktrace]
#0 {main}
"} 
[2026-07-14 13:20:43] local.ERROR: Cannot redeclare province_name() (previously declared in C:\Users\AMIN\Desktop\bigstore\app\helpers.php:7) {"exception":"[object] (Symfony\\Component\\ErrorHandler\\Error\\FatalError(code: 0): Cannot redeclare province_name() (previously declared in C:\\Users\\AMIN\\Desktop\\bigstore\\app\\helpers.php:7) at C:\\Users\\AMIN\\Desktop\\bigstore\\app\\helpers.php:9)
[stacktrace]
#0 {main}
"} 
[2026-07-14 13:21:43] local.ERROR: Cannot redeclare province_name() (previously declared in C:\Users\AMIN\Desktop\bigstore\app\helpers.php:7) {"exception":"[object] (Symfony\\Component\\ErrorHandler\\Error\\FatalError(code: 0): Cannot redeclare province_name() (previously declared in C:\\Users\\AMIN\\Desktop\\bigstore\\app\\helpers.php:7) at C:\\Users\\AMIN\\Desktop\\bigstore\\app\\helpers.php:9)
[stacktrace]
#0 {main}
"} 
[2026-07-14 13:22:43] local.ERROR: Cannot redeclare province_name() (previously declared in C:\Users\AMIN\Desktop\bigstore\app\helpers.php:7) {"exception":"[object] (Symfony\\Component\\ErrorHandler\\Error\\FatalError(code: 0): Cannot redeclare province_name() (previously declared in C:\\Users\\AMIN\\Desktop\\bigstore\\app\\helpers.php:7) at C:\\Users\\AMIN\\Desktop\\bigstore\\app\\helpers.php:9)
[stacktrace]
#0 {main}
"} 
[2026-07-14 13:23:43] local.ERROR: Cannot redeclare province_name() (previously declared in C:\Users\AMIN\Desktop\bigstore\app\helpers.php:7) {"exception":"[object] (Symfony\\Component\\ErrorHandler\\Error\\FatalError(code: 0): Cannot redeclare province_name() (previously declared in C:\\Users\\AMIN\\Desktop\\bigstore\\app\\helpers.php:7) at C:\\Users\\AMIN\\Desktop\\bigstore\\app\\helpers.php:9)
[stacktrace]
#0 {main}
"} 
[2026-07-14 13:24:43] local.ERROR: Cannot redeclare province_name() (previously declared in C:\Users\AMIN\Desktop\bigstore\app\helpers.php:7) {"exception":"[object] (Symfony\\Component\\ErrorHandler\\Error\\FatalError(code: 0): Cannot redeclare province_name() (previously declared in C:\\Users\\AMIN\\Desktop\\bigstore\\app\\helpers.php:7) at C:\\Users\\AMIN\\Desktop\\bigstore\\app\\helpers.php:9)
[stacktrace]
#0 {main}
"} 
[2026-07-14 13:25:43] local.ERROR: Cannot redeclare province_name() (previously declared in C:\Users\AMIN\Desktop\bigstore\app\helpers.php:7) {"exception":"[object] (Symfony\\Component\\ErrorHandler\\Error\\FatalError(code: 0): Cannot redeclare province_name() (previously declared in C:\\Users\\AMIN\\Desktop\\bigstore\\app\\helpers.php:7) at C:\\Users\\AMIN\\Desktop\\bigstore\\app\\helpers.php:9)
[stacktrace]
#0 {main}
"} 
[2026-07-14 13:26:43] local.ERROR: Cannot redeclare province_name() (previously declared in C:\Users\AMIN\Desktop\bigstore\app\helpers.php:7) {"exception":"[object] (Symfony\\Component\\ErrorHandler\\Error\\FatalError(code: 0): Cannot redeclare province_name() (previously declared in C:\\Users\\AMIN\\Desktop\\bigstore\\app\\helpers.php:7) at C:\\Users\\AMIN\\Desktop\\bigstore\\app\\helpers.php:9)
[stacktrace]
#0 {main}
"} 
[2026-07-14 13:27:44] local.ERROR: Cannot redeclare province_name() (previously declared in C:\Users\AMIN\Desktop\bigstore\app\helpers.php:7) {"exception":"[object] (Symfony\\Component\\ErrorHandler\\Error\\FatalError(code: 0): Cannot redeclare province_name() (previously declared in C:\\Users\\AMIN\\Desktop\\bigstore\\app\\helpers.php:7) at C:\\Users\\AMIN\\Desktop\\bigstore\\app\\helpers.php:9)
[stacktrace]
#0 {main}
"} 
[2026-07-14 13:28:43] local.ERROR: Cannot redeclare province_name() (previously declared in C:\Users\AMIN\Desktop\bigstore\app\helpers.php:7) {"exception":"[object] (Symfony\\Component\\ErrorHandler\\Error\\FatalError(code: 0): Cannot redeclare province_name() (previously declared in C:\\Users\\AMIN\\Desktop\\bigstore\\app\\helpers.php:7) at C:\\Users\\AMIN\\Desktop\\bigstore\\app\\helpers.php:9)
[stacktrace]
#0 {main}
"} 
[2026-07-14 13:29:43] local.ERROR: Cannot redeclare province_name() (previously declared in C:\Users\AMIN\Desktop\bigstore\app\helpers.php:7) {"exception":"[object] (Symfony\\Component\\ErrorHandler\\Error\\FatalError(code: 0): Cannot redeclare province_name() (previously declared in C:\\Users\\AMIN\\Desktop\\bigstore\\app\\helpers.php:7) at C:\\Users\\AMIN\\Desktop\\bigstore\\app\\helpers.php:9)
[stacktrace]
#0 {main}
"} 
[2026-07-14 13:30:44] local.ERROR: Cannot redeclare province_name() (previously declared in C:\Users\AMIN\Desktop\bigstore\app\helpers.php:7) {"exception":"[object] (Symfony\\Component\\ErrorHandler\\Error\\FatalError(code: 0): Cannot redeclare province_name() (previously declared in C:\\Users\\AMIN\\Desktop\\bigstore\\app\\helpers.php:7) at C:\\Users\\AMIN\\Desktop\\bigstore\\app\\helpers.php:9)
[stacktrace]
#0 {main}
"} 
[2026-07-14 13:31:44] local.ERROR: Cannot redeclare province_name() (previously declared in C:\Users\AMIN\Desktop\bigstore\app\helpers.php:7) {"exception":"[object] (Symfony\\Component\\ErrorHandler\\Error\\FatalError(code: 0): Cannot redeclare province_name() (previously declared in C:\\Users\\AMIN\\Desktop\\bigstore\\app\\helpers.php:7) at C:\\Users\\AMIN\\Desktop\\bigstore\\app\\helpers.php:9)
[stacktrace]
#0 {main}
"} 
[2026-07-14 13:32:43] local.ERROR: Cannot redeclare province_name() (previously declared in C:\Users\AMIN\Desktop\bigstore\app\helpers.php:7) {"exception":"[object] (Symfony\\Component\\ErrorHandler\\Error\\FatalError(code: 0): Cannot redeclare province_name() (previously declared in C:\\Users\\AMIN\\Desktop\\bigstore\\app\\helpers.php:7) at C:\\Users\\AMIN\\Desktop\\bigstore\\app\\helpers.php:9)
[stacktrace]
#0 {main}
"} 
[2026-07-14 13:33:44] local.ERROR: Cannot redeclare province_name() (previously declared in C:\Users\AMIN\Desktop\bigstore\app\helpers.php:7) {"exception":"[object] (Symfony\\Component\\ErrorHandler\\Error\\FatalError(code: 0): Cannot redeclare province_name() (previously declared in C:\\Users\\AMIN\\Desktop\\bigstore\\app\\helpers.php:7) at C:\\Users\\AMIN\\Desktop\\bigstore\\app\\helpers.php:9)
[stacktrace]
#0 {main}
"} 
[2026-07-14 13:34:43] local.ERROR: Cannot redeclare province_name() (previously declared in C:\Users\AMIN\Desktop\bigstore\app\helpers.php:7) {"exception":"[object] (Symfony\\Component\\ErrorHandler\\Error\\FatalError(code: 0): Cannot redeclare province_name() (previously declared in C:\\Users\\AMIN\\Desktop\\bigstore\\app\\helpers.php:7) at C:\\Users\\AMIN\\Desktop\\bigstore\\app\\helpers.php:9)
[stacktrace]
#0 {main}
"} 
[2026-07-14 13:35:44] local.ERROR: Cannot redeclare province_name() (previously declared in C:\Users\AMIN\Desktop\bigstore\app\helpers.php:7) {"exception":"[object] (Symfony\\Component\\ErrorHandler\\Error\\FatalError(code: 0): Cannot redeclare province_name() (previously declared in C:\\Users\\AMIN\\Desktop\\bigstore\\app\\helpers.php:7) at C:\\Users\\AMIN\\Desktop\\bigstore\\app\\helpers.php:9)
[stacktrace]
#0 {main}
"} 
[2026-07-14 13:36:44] local.ERROR: Cannot redeclare province_name() (previously declared in C:\Users\AMIN\Desktop\bigstore\app\helpers.php:7) {"exception":"[object] (Symfony\\Component\\ErrorHandler\\Error\\FatalError(code: 0): Cannot redeclare province_name() (previously declared in C:\\Users\\AMIN\\Desktop\\bigstore\\app\\helpers.php:7) at C:\\Users\\AMIN\\Desktop\\bigstore\\app\\helpers.php:9)
[stacktrace]
#0 {main}
"} 
[2026-07-14 13:37:44] local.ERROR: Cannot redeclare province_name() (previously declared in C:\Users\AMIN\Desktop\bigstore\app\helpers.php:7) {"exception":"[object] (Symfony\\Component\\ErrorHandler\\Error\\FatalError(code: 0): Cannot redeclare province_name() (previously declared in C:\\Users\\AMIN\\Desktop\\bigstore\\app\\helpers.php:7) at C:\\Users\\AMIN\\Desktop\\bigstore\\app\\helpers.php:9)
[stacktrace]
#0 {main}
"} 
[2026-07-14 13:38:43] local.ERROR: Cannot redeclare province_name() (previously declared in C:\Users\AMIN\Desktop\bigstore\app\helpers.php:7) {"exception":"[object] (Symfony\\Component\\ErrorHandler\\Error\\FatalError(code: 0): Cannot redeclare province_name() (previously declared in C:\\Users\\AMIN\\Desktop\\bigstore\\app\\helpers.php:7) at C:\\Users\\AMIN\\Desktop\\bigstore\\app\\helpers.php:9)
[stacktrace]
#0 {main}
"} 
[2026-07-14 13:39:43] local.ERROR: Cannot redeclare province_name() (previously declared in C:\Users\AMIN\Desktop\bigstore\app\helpers.php:7) {"exception":"[object] (Symfony\\Component\\ErrorHandler\\Error\\FatalError(code: 0): Cannot redeclare province_name() (previously declared in C:\\Users\\AMIN\\Desktop\\bigstore\\app\\helpers.php:7) at C:\\Users\\AMIN\\Desktop\\bigstore\\app\\helpers.php:9)
[stacktrace]
#0 {main}
"} 
[2026-07-14 13:40:44] local.ERROR: Cannot redeclare province_name() (previously declared in C:\Users\AMIN\Desktop\bigstore\app\helpers.php:7) {"exception":"[object] (Symfony\\Component\\ErrorHandler\\Error\\FatalError(code: 0): Cannot redeclare province_name() (previously declared in C:\\Users\\AMIN\\Desktop\\bigstore\\app\\helpers.php:7) at C:\\Users\\AMIN\\Desktop\\bigstore\\app\\helpers.php:9)
[stacktrace]
#0 {main}
"} 
[2026-07-14 13:41:44] local.ERROR: Cannot redeclare province_name() (previously declared in C:\Users\AMIN\Desktop\bigstore\app\helpers.php:7) {"exception":"[object] (Symfony\\Component\\ErrorHandler\\Error\\FatalError(code: 0): Cannot redeclare province_name() (previously declared in C:\\Users\\AMIN\\Desktop\\bigstore\\app\\helpers.php:7) at C:\\Users\\AMIN\\Desktop\\bigstore\\app\\helpers.php:9)
[stacktrace]
#0 {main}
"} 
[2026-07-14 13:42:44] local.ERROR: Cannot redeclare province_name() (previously declared in C:\Users\AMIN\Desktop\bigstore\app\helpers.php:7) {"exception":"[object] (Symfony\\Component\\ErrorHandler\\Error\\FatalError(code: 0): Cannot redeclare province_name() (previously declared in C:\\Users\\AMIN\\Desktop\\bigstore\\app\\helpers.php:7) at C:\\Users\\AMIN\\Desktop\\bigstore\\app\\helpers.php:9)
[stacktrace]
#0 {main}
"} 
[2026-07-14 13:43:44] local.ERROR: Cannot redeclare province_name() (previously declared in C:\Users\AMIN\Desktop\bigstore\app\helpers.php:7) {"exception":"[object] (Symfony\\Component\\ErrorHandler\\Error\\FatalError(code: 0): Cannot redeclare province_name() (previously declared in C:\\Users\\AMIN\\Desktop\\bigstore\\app\\helpers.php:7) at C:\\Users\\AMIN\\Desktop\\bigstore\\app\\helpers.php:9)
[stacktrace]
#0 {main}
"} 
[2026-07-14 13:44:44] local.ERROR: Cannot redeclare province_name() (previously declared in C:\Users\AMIN\Desktop\bigstore\app\helpers.php:7) {"exception":"[object] (Symfony\\Component\\ErrorHandler\\Error\\FatalError(code: 0): Cannot redeclare province_name() (previously declared in C:\\Users\\AMIN\\Desktop\\bigstore\\app\\helpers.php:7) at C:\\Users\\AMIN\\Desktop\\bigstore\\app\\helpers.php:9)
[stacktrace]
#0 {main}
"} 
[2026-07-14 13:45:44] local.ERROR: Cannot redeclare province_name() (previously declared in C:\Users\AMIN\Desktop\bigstore\app\helpers.php:7) {"exception":"[object] (Symfony\\Component\\ErrorHandler\\Error\\FatalError(code: 0): Cannot redeclare province_name() (previously declared in C:\\Users\\AMIN\\Desktop\\bigstore\\app\\helpers.php:7) at C:\\Users\\AMIN\\Desktop\\bigstore\\app\\helpers.php:9)
[stacktrace]
#0 {main}
"} 
[2026-07-14 13:46:44] local.ERROR: Cannot redeclare province_name() (previously declared in C:\Users\AMIN\Desktop\bigstore\app\helpers.php:7) {"exception":"[object] (Symfony\\Component\\ErrorHandler\\Error\\FatalError(code: 0): Cannot redeclare province_name() (previously declared in C:\\Users\\AMIN\\Desktop\\bigstore\\app\\helpers.php:7) at C:\\Users\\AMIN\\Desktop\\bigstore\\app\\helpers.php:9)
[stacktrace]
#0 {main}
"} 
[2026-07-14 13:47:44] local.ERROR: Cannot redeclare province_name() (previously declared in C:\Users\AMIN\Desktop\bigstore\app\helpers.php:7) {"exception":"[object] (Symfony\\Component\\ErrorHandler\\Error\\FatalError(code: 0): Cannot redeclare province_name() (previously declared in C:\\Users\\AMIN\\Desktop\\bigstore\\app\\helpers.php:7) at C:\\Users\\AMIN\\Desktop\\bigstore\\app\\helpers.php:9)
[stacktrace]
#0 {main}
"} 
[2026-07-14 13:48:44] local.ERROR: Cannot redeclare province_name() (previously declared in C:\Users\AMIN\Desktop\bigstore\app\helpers.php:7) {"exception":"[object] (Symfony\\Component\\ErrorHandler\\Error\\FatalError(code: 0): Cannot redeclare province_name() (previously declared in C:\\Users\\AMIN\\Desktop\\bigstore\\app\\helpers.php:7) at C:\\Users\\AMIN\\Desktop\\bigstore\\app\\helpers.php:9)
[stacktrace]
#0 {main}
"} 
[2026-07-14 13:49:44] local.ERROR: Cannot redeclare province_name() (previously declared in C:\Users\AMIN\Desktop\bigstore\app\helpers.php:7) {"exception":"[object] (Symfony\\Component\\ErrorHandler\\Error\\FatalError(code: 0): Cannot redeclare province_name() (previously declared in C:\\Users\\AMIN\\Desktop\\bigstore\\app\\helpers.php:7) at C:\\Users\\AMIN\\Desktop\\bigstore\\app\\helpers.php:9)
[stacktrace]
#0 {main}
"} 
[2026-07-14 13:50:44] local.ERROR: Cannot redeclare province_name() (previously declared in C:\Users\AMIN\Desktop\bigstore\app\helpers.php:7) {"exception":"[object] (Symfony\\Component\\ErrorHandler\\Error\\FatalError(code: 0): Cannot redeclare province_name() (previously declared in C:\\Users\\AMIN\\Desktop\\bigstore\\app\\helpers.php:7) at C:\\Users\\AMIN\\Desktop\\bigstore\\app\\helpers.php:9)
[stacktrace]
#0 {main}
"} 
[2026-07-14 13:51:44] local.ERROR: Cannot redeclare province_name() (previously declared in C:\Users\AMIN\Desktop\bigstore\app\helpers.php:7) {"exception":"[object] (Symfony\\Component\\ErrorHandler\\Error\\FatalError(code: 0): Cannot redeclare province_name() (previously declared in C:\\Users\\AMIN\\Desktop\\bigstore\\app\\helpers.php:7) at C:\\Users\\AMIN\\Desktop\\bigstore\\app\\helpers.php:9)
[stacktrace]
#0 {main}
"} 
[2026-07-14 13:52:44] local.ERROR: Cannot redeclare province_name() (previously declared in C:\Users\AMIN\Desktop\bigstore\app\helpers.php:7) {"exception":"[object] (Symfony\\Component\\ErrorHandler\\Error\\FatalError(code: 0): Cannot redeclare province_name() (previously declared in C:\\Users\\AMIN\\Desktop\\bigstore\\app\\helpers.php:7) at C:\\Users\\AMIN\\Desktop\\bigstore\\app\\helpers.php:9)
[stacktrace]
#0 {main}
"} 
[2026-07-14 13:53:44] local.ERROR: Cannot redeclare province_name() (previously declared in C:\Users\AMIN\Desktop\bigstore\app\helpers.php:7) {"exception":"[object] (Symfony\\Component\\ErrorHandler\\Error\\FatalError(code: 0): Cannot redeclare province_name() (previously declared in C:\\Users\\AMIN\\Desktop\\bigstore\\app\\helpers.php:7) at C:\\Users\\AMIN\\Desktop\\bigstore\\app\\helpers.php:9)
[stacktrace]
#0 {main}
"} 
[2026-07-14 13:54:44] local.ERROR: Cannot redeclare province_name() (previously declared in C:\Users\AMIN\Desktop\bigstore\app\helpers.php:7) {"exception":"[object] (Symfony\\Component\\ErrorHandler\\Error\\FatalError(code: 0): Cannot redeclare province_name() (previously declared in C:\\Users\\AMIN\\Desktop\\bigstore\\app\\helpers.php:7) at C:\\Users\\AMIN\\Desktop\\bigstore\\app\\helpers.php:9)
[stacktrace]
#0 {main}
"} 
[2026-07-14 13:55:44] local.ERROR: Cannot redeclare province_name() (previously declared in C:\Users\AMIN\Desktop\bigstore\app\helpers.php:7) {"exception":"[object] (Symfony\\Component\\ErrorHandler\\Error\\FatalError(code: 0): Cannot redeclare province_name() (previously declared in C:\\Users\\AMIN\\Desktop\\bigstore\\app\\helpers.php:7) at C:\\Users\\AMIN\\Desktop\\bigstore\\app\\helpers.php:9)
[stacktrace]
#0 {main}
"} 
[2026-07-14 13:56:44] local.ERROR: Cannot redeclare province_name() (previously declared in C:\Users\AMIN\Desktop\bigstore\app\helpers.php:7) {"exception":"[object] (Symfony\\Component\\ErrorHandler\\Error\\FatalError(code: 0): Cannot redeclare province_name() (previously declared in C:\\Users\\AMIN\\Desktop\\bigstore\\app\\helpers.php:7) at C:\\Users\\AMIN\\Desktop\\bigstore\\app\\helpers.php:9)
[stacktrace]
#0 {main}
"} 
[2026-07-14 13:57:44] local.ERROR: Cannot redeclare province_name() (previously declared in C:\Users\AMIN\Desktop\bigstore\app\helpers.php:7) {"exception":"[object] (Symfony\\Component\\ErrorHandler\\Error\\FatalError(code: 0): Cannot redeclare province_name() (previously declared in C:\\Users\\AMIN\\Desktop\\bigstore\\app\\helpers.php:7) at C:\\Users\\AMIN\\Desktop\\bigstore\\app\\helpers.php:9)
[stacktrace]
#0 {main}
"} 
[2026-07-14 16:09:33] local.ERROR: Cannot redeclare province_name() (previously declared in C:\Users\AMIN\Desktop\bigstore\app\helpers.php:7) {"exception":"[object] (Symfony\\Component\\ErrorHandler\\Error\\FatalError(code: 0): Cannot redeclare province_name() (previously declared in C:\\Users\\AMIN\\Desktop\\bigstore\\app\\helpers.php:7) at C:\\Users\\AMIN\\Desktop\\bigstore\\app\\helpers.php:9)
[stacktrace]
#0 {main}
"} 
[2026-07-14 16:10:31] local.ERROR: Cannot redeclare province_name() (previously declared in C:\Users\AMIN\Desktop\bigstore\app\helpers.php:7) {"exception":"[object] (Symfony\\Component\\ErrorHandler\\Error\\FatalError(code: 0): Cannot redeclare province_name() (previously declared in C:\\Users\\AMIN\\Desktop\\bigstore\\app\\helpers.php:7) at C:\\Users\\AMIN\\Desktop\\bigstore\\app\\helpers.php:9)
[stacktrace]
#0 {main}
"} 
[2026-07-14 16:11:31] local.ERROR: Cannot redeclare province_name() (previously declared in C:\Users\AMIN\Desktop\bigstore\app\helpers.php:7) {"exception":"[object] (Symfony\\Component\\ErrorHandler\\Error\\FatalError(code: 0): Cannot redeclare province_name() (previously declared in C:\\Users\\AMIN\\Desktop\\bigstore\\app\\helpers.php:7) at C:\\Users\\AMIN\\Desktop\\bigstore\\app\\helpers.php:9)
[stacktrace]
#0 {main}
"} 
[2026-07-14 16:12:31] local.ERROR: Cannot redeclare province_name() (previously declared in C:\Users\AMIN\Desktop\bigstore\app\helpers.php:7) {"exception":"[object] (Symfony\\Component\\ErrorHandler\\Error\\FatalError(code: 0): Cannot redeclare province_name() (previously declared in C:\\Users\\AMIN\\Desktop\\bigstore\\app\\helpers.php:7) at C:\\Users\\AMIN\\Desktop\\bigstore\\app\\helpers.php:9)
[stacktrace]
#0 {main}
"} 
[2026-07-14 16:13:31] local.ERROR: Cannot redeclare province_name() (previously declared in C:\Users\AMIN\Desktop\bigstore\app\helpers.php:7) {"exception":"[object] (Symfony\\Component\\ErrorHandler\\Error\\FatalError(code: 0): Cannot redeclare province_name() (previously declared in C:\\Users\\AMIN\\Desktop\\bigstore\\app\\helpers.php:7) at C:\\Users\\AMIN\\Desktop\\bigstore\\app\\helpers.php:9)
[stacktrace]
#0 {main}
"} 
[2026-07-14 16:14:31] local.ERROR: Cannot redeclare province_name() (previously declared in C:\Users\AMIN\Desktop\bigstore\app\helpers.php:7) {"exception":"[object] (Symfony\\Component\\ErrorHandler\\Error\\FatalError(code: 0): Cannot redeclare province_name() (previously declared in C:\\Users\\AMIN\\Desktop\\bigstore\\app\\helpers.php:7) at C:\\Users\\AMIN\\Desktop\\bigstore\\app\\helpers.php:9)
[stacktrace]
#0 {main}
"} 
[2026-07-14 16:15:31] local.ERROR: Cannot redeclare province_name() (previously declared in C:\Users\AMIN\Desktop\bigstore\app\helpers.php:7) {"exception":"[object] (Symfony\\Component\\ErrorHandler\\Error\\FatalError(code: 0): Cannot redeclare province_name() (previously declared in C:\\Users\\AMIN\\Desktop\\bigstore\\app\\helpers.php:7) at C:\\Users\\AMIN\\Desktop\\bigstore\\app\\helpers.php:9)
[stacktrace]
#0 {main}
"} 
[2026-07-14 16:16:31] local.ERROR: Cannot redeclare province_name() (previously declared in C:\Users\AMIN\Desktop\bigstore\app\helpers.php:7) {"exception":"[object] (Symfony\\Component\\ErrorHandler\\Error\\FatalError(code: 0): Cannot redeclare province_name() (previously declared in C:\\Users\\AMIN\\Desktop\\bigstore\\app\\helpers.php:7) at C:\\Users\\AMIN\\Desktop\\bigstore\\app\\helpers.php:9)
[stacktrace]
#0 {main}
"} 
[2026-07-14 16:17:31] local.ERROR: Cannot redeclare province_name() (previously declared in C:\Users\AMIN\Desktop\bigstore\app\helpers.php:7) {"exception":"[object] (Symfony\\Component\\ErrorHandler\\Error\\FatalError(code: 0): Cannot redeclare province_name() (previously declared in C:\\Users\\AMIN\\Desktop\\bigstore\\app\\helpers.php:7) at C:\\Users\\AMIN\\Desktop\\bigstore\\app\\helpers.php:9)
[stacktrace]
#0 {main}
"} 
[2026-07-14 16:18:31] local.ERROR: Cannot redeclare province_name() (previously declared in C:\Users\AMIN\Desktop\bigstore\app\helpers.php:7) {"exception":"[object] (Symfony\\Component\\ErrorHandler\\Error\\FatalError(code: 0): Cannot redeclare province_name() (previously declared in C:\\Users\\AMIN\\Desktop\\bigstore\\app\\helpers.php:7) at C:\\Users\\AMIN\\Desktop\\bigstore\\app\\helpers.php:9)
[stacktrace]
#0 {main}
"} 
[2026-07-14 16:19:31] local.ERROR: Cannot redeclare province_name() (previously declared in C:\Users\AMIN\Desktop\bigstore\app\helpers.php:7) {"exception":"[object] (Symfony\\Component\\ErrorHandler\\Error\\FatalError(code: 0): Cannot redeclare province_name() (previously declared in C:\\Users\\AMIN\\Desktop\\bigstore\\app\\helpers.php:7) at C:\\Users\\AMIN\\Desktop\\bigstore\\app\\helpers.php:9)
[stacktrace]
#0 {main}
"} 
[2026-07-14 16:20:49] local.ERROR: Cannot redeclare province_name() (previously declared in C:\Users\AMIN\Desktop\bigstore\app\helpers.php:7) {"exception":"[object] (Symfony\\Component\\ErrorHandler\\Error\\FatalError(code: 0): Cannot redeclare province_name() (previously declared in C:\\Users\\AMIN\\Desktop\\bigstore\\app\\helpers.php:7) at C:\\Users\\AMIN\\Desktop\\bigstore\\app\\helpers.php:9)
[stacktrace]
#0 {main}
"} 
[2026-07-14 16:21:31] local.ERROR: Cannot redeclare province_name() (previously declared in C:\Users\AMIN\Desktop\bigstore\app\helpers.php:7) {"exception":"[object] (Symfony\\Component\\ErrorHandler\\Error\\FatalError(code: 0): Cannot redeclare province_name() (previously declared in C:\\Users\\AMIN\\Desktop\\bigstore\\app\\helpers.php:7) at C:\\Users\\AMIN\\Desktop\\bigstore\\app\\helpers.php:9)
[stacktrace]
#0 {main}
"} 
[2026-07-14 16:22:31] local.ERROR: Cannot redeclare province_name() (previously declared in C:\Users\AMIN\Desktop\bigstore\app\helpers.php:7) {"exception":"[object] (Symfony\\Component\\ErrorHandler\\Error\\FatalError(code: 0): Cannot redeclare province_name() (previously declared in C:\\Users\\AMIN\\Desktop\\bigstore\\app\\helpers.php:7) at C:\\Users\\AMIN\\Desktop\\bigstore\\app\\helpers.php:9)
[stacktrace]
#0 {main}
"} 
[2026-07-14 16:23:31] local.ERROR: Cannot redeclare province_name() (previously declared in C:\Users\AMIN\Desktop\bigstore\app\helpers.php:7) {"exception":"[object] (Symfony\\Component\\ErrorHandler\\Error\\FatalError(code: 0): Cannot redeclare province_name() (previously declared in C:\\Users\\AMIN\\Desktop\\bigstore\\app\\helpers.php:7) at C:\\Users\\AMIN\\Desktop\\bigstore\\app\\helpers.php:9)
[stacktrace]
#0 {main}
"} 
[2026-07-14 16:24:31] local.ERROR: Cannot redeclare province_name() (previously declared in C:\Users\AMIN\Desktop\bigstore\app\helpers.php:7) {"exception":"[object] (Symfony\\Component\\ErrorHandler\\Error\\FatalError(code: 0): Cannot redeclare province_name() (previously declared in C:\\Users\\AMIN\\Desktop\\bigstore\\app\\helpers.php:7) at C:\\Users\\AMIN\\Desktop\\bigstore\\app\\helpers.php:9)
[stacktrace]
#0 {main}
"} 
[2026-07-14 16:25:31] local.ERROR: Cannot redeclare province_name() (previously declared in C:\Users\AMIN\Desktop\bigstore\app\helpers.php:7) {"exception":"[object] (Symfony\\Component\\ErrorHandler\\Error\\FatalError(code: 0): Cannot redeclare province_name() (previously declared in C:\\Users\\AMIN\\Desktop\\bigstore\\app\\helpers.php:7) at C:\\Users\\AMIN\\Desktop\\bigstore\\app\\helpers.php:9)
[stacktrace]
#0 {main}
"} 
[2026-07-14 16:26:31] local.ERROR: Cannot redeclare province_name() (previously declared in C:\Users\AMIN\Desktop\bigstore\app\helpers.php:7) {"exception":"[object] (Symfony\\Component\\ErrorHandler\\Error\\FatalError(code: 0): Cannot redeclare province_name() (previously declared in C:\\Users\\AMIN\\Desktop\\bigstore\\app\\helpers.php:7) at C:\\Users\\AMIN\\Desktop\\bigstore\\app\\helpers.php:9)
[stacktrace]
#0 {main}
"} 
[2026-07-14 16:27:31] local.ERROR: Cannot redeclare province_name() (previously declared in C:\Users\AMIN\Desktop\bigstore\app\helpers.php:7) {"exception":"[object] (Symfony\\Component\\ErrorHandler\\Error\\FatalError(code: 0): Cannot redeclare province_name() (previously declared in C:\\Users\\AMIN\\Desktop\\bigstore\\app\\helpers.php:7) at C:\\Users\\AMIN\\Desktop\\bigstore\\app\\helpers.php:9)
[stacktrace]
#0 {main}
"} 
[2026-07-14 16:28:31] local.ERROR: Cannot redeclare province_name() (previously declared in C:\Users\AMIN\Desktop\bigstore\app\helpers.php:7) {"exception":"[object] (Symfony\\Component\\ErrorHandler\\Error\\FatalError(code: 0): Cannot redeclare province_name() (previously declared in C:\\Users\\AMIN\\Desktop\\bigstore\\app\\helpers.php:7) at C:\\Users\\AMIN\\Desktop\\bigstore\\app\\helpers.php:9)
[stacktrace]
#0 {main}
"} 
[2026-07-14 16:29:31] local.ERROR: Cannot redeclare province_name() (previously declared in C:\Users\AMIN\Desktop\bigstore\app\helpers.php:7) {"exception":"[object] (Symfony\\Component\\ErrorHandler\\Error\\FatalError(code: 0): Cannot redeclare province_name() (previously declared in C:\\Users\\AMIN\\Desktop\\bigstore\\app\\helpers.php:7) at C:\\Users\\AMIN\\Desktop\\bigstore\\app\\helpers.php:9)
[stacktrace]
#0 {main}
"} 
[2026-07-14 16:30:31] local.ERROR: Cannot redeclare province_name() (previously declared in C:\Users\AMIN\Desktop\bigstore\app\helpers.php:7) {"exception":"[object] (Symfony\\Component\\ErrorHandler\\Error\\FatalError(code: 0): Cannot redeclare province_name() (previously declared in C:\\Users\\AMIN\\Desktop\\bigstore\\app\\helpers.php:7) at C:\\Users\\AMIN\\Desktop\\bigstore\\app\\helpers.php:9)
[stacktrace]
#0 {main}
"} 
[2026-07-14 16:31:32] local.ERROR: Cannot redeclare province_name() (previously declared in C:\Users\AMIN\Desktop\bigstore\app\helpers.php:7) {"exception":"[object] (Symfony\\Component\\ErrorHandler\\Error\\FatalError(code: 0): Cannot redeclare province_name() (previously declared in C:\\Users\\AMIN\\Desktop\\bigstore\\app\\helpers.php:7) at C:\\Users\\AMIN\\Desktop\\bigstore\\app\\helpers.php:9)
[stacktrace]
#0 {main}
"} 
[2026-07-14 16:32:31] local.ERROR: Cannot redeclare province_name() (previously declared in C:\Users\AMIN\Desktop\bigstore\app\helpers.php:7) {"exception":"[object] (Symfony\\Component\\ErrorHandler\\Error\\FatalError(code: 0): Cannot redeclare province_name() (previously declared in C:\\Users\\AMIN\\Desktop\\bigstore\\app\\helpers.php:7) at C:\\Users\\AMIN\\Desktop\\bigstore\\app\\helpers.php:9)
[stacktrace]
#0 {main}
"} 
[2026-07-14 16:33:31] local.ERROR: Cannot redeclare province_name() (previously declared in C:\Users\AMIN\Desktop\bigstore\app\helpers.php:7) {"exception":"[object] (Symfony\\Component\\ErrorHandler\\Error\\FatalError(code: 0): Cannot redeclare province_name() (previously declared in C:\\Users\\AMIN\\Desktop\\bigstore\\app\\helpers.php:7) at C:\\Users\\AMIN\\Desktop\\bigstore\\app\\helpers.php:9)
[stacktrace]
#0 {main}
"} 
[2026-07-14 16:34:31] local.ERROR: Cannot redeclare province_name() (previously declared in C:\Users\AMIN\Desktop\bigstore\app\helpers.php:7) {"exception":"[object] (Symfony\\Component\\ErrorHandler\\Error\\FatalError(code: 0): Cannot redeclare province_name() (previously declared in C:\\Users\\AMIN\\Desktop\\bigstore\\app\\helpers.php:7) at C:\\Users\\AMIN\\Desktop\\bigstore\\app\\helpers.php:9)
[stacktrace]
#0 {main}
"} 
[2026-07-14 16:35:31] local.ERROR: Cannot redeclare province_name() (previously declared in C:\Users\AMIN\Desktop\bigstore\app\helpers.php:7) {"exception":"[object] (Symfony\\Component\\ErrorHandler\\Error\\FatalError(code: 0): Cannot redeclare province_name() (previously declared in C:\\Users\\AMIN\\Desktop\\bigstore\\app\\helpers.php:7) at C:\\Users\\AMIN\\Desktop\\bigstore\\app\\helpers.php:9)
[stacktrace]
#0 {main}
"} 
[2026-07-14 16:36:32] local.ERROR: Cannot redeclare province_name() (previously declared in C:\Users\AMIN\Desktop\bigstore\app\helpers.php:7) {"exception":"[object] (Symfony\\Component\\ErrorHandler\\Error\\FatalError(code: 0): Cannot redeclare province_name() (previously declared in C:\\Users\\AMIN\\Desktop\\bigstore\\app\\helpers.php:7) at C:\\Users\\AMIN\\Desktop\\bigstore\\app\\helpers.php:9)
[stacktrace]
#0 {main}
"} 
[2026-07-14 16:37:31] local.ERROR: Cannot redeclare province_name() (previously declared in C:\Users\AMIN\Desktop\bigstore\app\helpers.php:7) {"exception":"[object] (Symfony\\Component\\ErrorHandler\\Error\\FatalError(code: 0): Cannot redeclare province_name() (previously declared in C:\\Users\\AMIN\\Desktop\\bigstore\\app\\helpers.php:7) at C:\\Users\\AMIN\\Desktop\\bigstore\\app\\helpers.php:9)
[stacktrace]
#0 {main}
"} 
[2026-07-14 16:38:31] local.ERROR: Cannot redeclare province_name() (previously declared in C:\Users\AMIN\Desktop\bigstore\app\helpers.php:7) {"exception":"[object] (Symfony\\Component\\ErrorHandler\\Error\\FatalError(code: 0): Cannot redeclare province_name() (previously declared in C:\\Users\\AMIN\\Desktop\\bigstore\\app\\helpers.php:7) at C:\\Users\\AMIN\\Desktop\\bigstore\\app\\helpers.php:9)
[stacktrace]
#0 {main}
"} 
[2026-07-14 16:39:31] local.ERROR: Cannot redeclare province_name() (previously declared in C:\Users\AMIN\Desktop\bigstore\app\helpers.php:7) {"exception":"[object] (Symfony\\Component\\ErrorHandler\\Error\\FatalError(code: 0): Cannot redeclare province_name() (previously declared in C:\\Users\\AMIN\\Desktop\\bigstore\\app\\helpers.php:7) at C:\\Users\\AMIN\\Desktop\\bigstore\\app\\helpers.php:9)
[stacktrace]
#0 {main}
"} 
[2026-07-14 16:40:32] local.ERROR: Cannot redeclare province_name() (previously declared in C:\Users\AMIN\Desktop\bigstore\app\helpers.php:7) {"exception":"[object] (Symfony\\Component\\ErrorHandler\\Error\\FatalError(code: 0): Cannot redeclare province_name() (previously declared in C:\\Users\\AMIN\\Desktop\\bigstore\\app\\helpers.php:7) at C:\\Users\\AMIN\\Desktop\\bigstore\\app\\helpers.php:9)
[stacktrace]
#0 {main}
"} 
[2026-07-14 16:41:31] local.ERROR: Cannot redeclare province_name() (previously declared in C:\Users\AMIN\Desktop\bigstore\app\helpers.php:7) {"exception":"[object] (Symfony\\Component\\ErrorHandler\\Error\\FatalError(code: 0): Cannot redeclare province_name() (previously declared in C:\\Users\\AMIN\\Desktop\\bigstore\\app\\helpers.php:7) at C:\\Users\\AMIN\\Desktop\\bigstore\\app\\helpers.php:9)
[stacktrace]
#0 {main}
"} 
[2026-07-14 16:42:32] local.ERROR: Cannot redeclare province_name() (previously declared in C:\Users\AMIN\Desktop\bigstore\app\helpers.php:7) {"exception":"[object] (Symfony\\Component\\ErrorHandler\\Error\\FatalError(code: 0): Cannot redeclare province_name() (previously declared in C:\\Users\\AMIN\\Desktop\\bigstore\\app\\helpers.php:7) at C:\\Users\\AMIN\\Desktop\\bigstore\\app\\helpers.php:9)
[stacktrace]
#0 {main}
"} 
[2026-07-14 16:43:31] local.ERROR: Cannot redeclare province_name() (previously declared in C:\Users\AMIN\Desktop\bigstore\app\helpers.php:7) {"exception":"[object] (Symfony\\Component\\ErrorHandler\\Error\\FatalError(code: 0): Cannot redeclare province_name() (previously declared in C:\\Users\\AMIN\\Desktop\\bigstore\\app\\helpers.php:7) at C:\\Users\\AMIN\\Desktop\\bigstore\\app\\helpers.php:9)
[stacktrace]
#0 {main}
"} 
[2026-07-14 16:44:32] local.ERROR: Cannot redeclare province_name() (previously declared in C:\Users\AMIN\Desktop\bigstore\app\helpers.php:7) {"exception":"[object] (Symfony\\Component\\ErrorHandler\\Error\\FatalError(code: 0): Cannot redeclare province_name() (previously declared in C:\\Users\\AMIN\\Desktop\\bigstore\\app\\helpers.php:7) at C:\\Users\\AMIN\\Desktop\\bigstore\\app\\helpers.php:9)
[stacktrace]
#0 {main}
"} 
[2026-07-14 16:45:32] local.ERROR: Cannot redeclare province_name() (previously declared in C:\Users\AMIN\Desktop\bigstore\app\helpers.php:7) {"exception":"[object] (Symfony\\Component\\ErrorHandler\\Error\\FatalError(code: 0): Cannot redeclare province_name() (previously declared in C:\\Users\\AMIN\\Desktop\\bigstore\\app\\helpers.php:7) at C:\\Users\\AMIN\\Desktop\\bigstore\\app\\helpers.php:9)
[stacktrace]
#0 {main}
"} 
[2026-07-14 16:46:31] local.ERROR: Cannot redeclare province_name() (previously declared in C:\Users\AMIN\Desktop\bigstore\app\helpers.php:7) {"exception":"[object] (Symfony\\Component\\ErrorHandler\\Error\\FatalError(code: 0): Cannot redeclare province_name() (previously declared in C:\\Users\\AMIN\\Desktop\\bigstore\\app\\helpers.php:7) at C:\\Users\\AMIN\\Desktop\\bigstore\\app\\helpers.php:9)
[stacktrace]
#0 {main}
"} 
[2026-07-14 16:47:31] local.ERROR: Cannot redeclare province_name() (previously declared in C:\Users\AMIN\Desktop\bigstore\app\helpers.php:7) {"exception":"[object] (Symfony\\Component\\ErrorHandler\\Error\\FatalError(code: 0): Cannot redeclare province_name() (previously declared in C:\\Users\\AMIN\\Desktop\\bigstore\\app\\helpers.php:7) at C:\\Users\\AMIN\\Desktop\\bigstore\\app\\helpers.php:9)
[stacktrace]
#0 {main}
"} 
[2026-07-14 16:48:31] local.ERROR: Cannot redeclare province_name() (previously declared in C:\Users\AMIN\Desktop\bigstore\app\helpers.php:7) {"exception":"[object] (Symfony\\Component\\ErrorHandler\\Error\\FatalError(code: 0): Cannot redeclare province_name() (previously declared in C:\\Users\\AMIN\\Desktop\\bigstore\\app\\helpers.php:7) at C:\\Users\\AMIN\\Desktop\\bigstore\\app\\helpers.php:9)
[stacktrace]
#0 {main}
"} 
[2026-07-14 16:49:31] local.ERROR: Cannot redeclare province_name() (previously declared in C:\Users\AMIN\Desktop\bigstore\app\helpers.php:7) {"exception":"[object] (Symfony\\Component\\ErrorHandler\\Error\\FatalError(code: 0): Cannot redeclare province_name() (previously declared in C:\\Users\\AMIN\\Desktop\\bigstore\\app\\helpers.php:7) at C:\\Users\\AMIN\\Desktop\\bigstore\\app\\helpers.php:9)
[stacktrace]
#0 {main}
"} 
[2026-07-14 16:50:31] local.ERROR: Cannot redeclare province_name() (previously declared in C:\Users\AMIN\Desktop\bigstore\app\helpers.php:7) {"exception":"[object] (Symfony\\Component\\ErrorHandler\\Error\\FatalError(code: 0): Cannot redeclare province_name() (previously declared in C:\\Users\\AMIN\\Desktop\\bigstore\\app\\helpers.php:7) at C:\\Users\\AMIN\\Desktop\\bigstore\\app\\helpers.php:9)
[stacktrace]
#0 {main}
"} 
[2026-07-14 16:51:31] local.ERROR: Cannot redeclare province_name() (previously declared in C:\Users\AMIN\Desktop\bigstore\app\helpers.php:7) {"exception":"[object] (Symfony\\Component\\ErrorHandler\\Error\\FatalError(code: 0): Cannot redeclare province_name() (previously declared in C:\\Users\\AMIN\\Desktop\\bigstore\\app\\helpers.php:7) at C:\\Users\\AMIN\\Desktop\\bigstore\\app\\helpers.php:9)
[stacktrace]
#0 {main}
"} 
[2026-07-14 16:52:32] local.ERROR: Cannot redeclare province_name() (previously declared in C:\Users\AMIN\Desktop\bigstore\app\helpers.php:7) {"exception":"[object] (Symfony\\Component\\ErrorHandler\\Error\\FatalError(code: 0): Cannot redeclare province_name() (previously declared in C:\\Users\\AMIN\\Desktop\\bigstore\\app\\helpers.php:7) at C:\\Users\\AMIN\\Desktop\\bigstore\\app\\helpers.php:9)
[stacktrace]
#0 {main}
"} 
[2026-07-14 16:53:32] local.ERROR: Cannot redeclare province_name() (previously declared in C:\Users\AMIN\Desktop\bigstore\app\helpers.php:7) {"exception":"[object] (Symfony\\Component\\ErrorHandler\\Error\\FatalError(code: 0): Cannot redeclare province_name() (previously declared in C:\\Users\\AMIN\\Desktop\\bigstore\\app\\helpers.php:7) at C:\\Users\\AMIN\\Desktop\\bigstore\\app\\helpers.php:9)
[stacktrace]
#0 {main}
"} 
[2026-07-14 16:54:32] local.ERROR: Cannot redeclare province_name() (previously declared in C:\Users\AMIN\Desktop\bigstore\app\helpers.php:7) {"exception":"[object] (Symfony\\Component\\ErrorHandler\\Error\\FatalError(code: 0): Cannot redeclare province_name() (previously declared in C:\\Users\\AMIN\\Desktop\\bigstore\\app\\helpers.php:7) at C:\\Users\\AMIN\\Desktop\\bigstore\\app\\helpers.php:9)
[stacktrace]
#0 {main}
"} 
[2026-07-14 16:55:32] local.ERROR: Cannot redeclare province_name() (previously declared in C:\Users\AMIN\Desktop\bigstore\app\helpers.php:7) {"exception":"[object] (Symfony\\Component\\ErrorHandler\\Error\\FatalError(code: 0): Cannot redeclare province_name() (previously declared in C:\\Users\\AMIN\\Desktop\\bigstore\\app\\helpers.php:7) at C:\\Users\\AMIN\\Desktop\\bigstore\\app\\helpers.php:9)
[stacktrace]
#0 {main}
"} 
[2026-07-14 16:56:32] local.ERROR: Cannot redeclare province_name() (previously declared in C:\Users\AMIN\Desktop\bigstore\app\helpers.php:7) {"exception":"[object] (Symfony\\Component\\ErrorHandler\\Error\\FatalError(code: 0): Cannot redeclare province_name() (previously declared in C:\\Users\\AMIN\\Desktop\\bigstore\\app\\helpers.php:7) at C:\\Users\\AMIN\\Desktop\\bigstore\\app\\helpers.php:9)
[stacktrace]
#0 {main}
"} 
[2026-07-14 16:57:32] local.ERROR: Cannot redeclare province_name() (previously declared in C:\Users\AMIN\Desktop\bigstore\app\helpers.php:7) {"exception":"[object] (Symfony\\Component\\ErrorHandler\\Error\\FatalError(code: 0): Cannot redeclare province_name() (previously declared in C:\\Users\\AMIN\\Desktop\\bigstore\\app\\helpers.php:7) at C:\\Users\\AMIN\\Desktop\\bigstore\\app\\helpers.php:9)
[stacktrace]
#0 {main}
"} 
[2026-07-14 16:58:32] local.ERROR: Cannot redeclare province_name() (previously declared in C:\Users\AMIN\Desktop\bigstore\app\helpers.php:7) {"exception":"[object] (Symfony\\Component\\ErrorHandler\\Error\\FatalError(code: 0): Cannot redeclare province_name() (previously declared in C:\\Users\\AMIN\\Desktop\\bigstore\\app\\helpers.php:7) at C:\\Users\\AMIN\\Desktop\\bigstore\\app\\helpers.php:9)
[stacktrace]
#0 {main}
"} 
[2026-07-14 16:59:31] local.ERROR: Cannot redeclare province_name() (previously declared in C:\Users\AMIN\Desktop\bigstore\app\helpers.php:7) {"exception":"[object] (Symfony\\Component\\ErrorHandler\\Error\\FatalError(code: 0): Cannot redeclare province_name() (previously declared in C:\\Users\\AMIN\\Desktop\\bigstore\\app\\helpers.php:7) at C:\\Users\\AMIN\\Desktop\\bigstore\\app\\helpers.php:9)
[stacktrace]
#0 {main}
"} 
[2026-07-14 17:00:32] local.ERROR: Cannot redeclare province_name() (previously declared in C:\Users\AMIN\Desktop\bigstore\app\helpers.php:7) {"exception":"[object] (Symfony\\Component\\ErrorHandler\\Error\\FatalError(code: 0): Cannot redeclare province_name() (previously declared in C:\\Users\\AMIN\\Desktop\\bigstore\\app\\helpers.php:7) at C:\\Users\\AMIN\\Desktop\\bigstore\\app\\helpers.php:9)
[stacktrace]
#0 {main}
"} 
[2026-07-14 17:01:32] local.ERROR: Cannot redeclare province_name() (previously declared in C:\Users\AMIN\Desktop\bigstore\app\helpers.php:7) {"exception":"[object] (Symfony\\Component\\ErrorHandler\\Error\\FatalError(code: 0): Cannot redeclare province_name() (previously declared in C:\\Users\\AMIN\\Desktop\\bigstore\\app\\helpers.php:7) at C:\\Users\\AMIN\\Desktop\\bigstore\\app\\helpers.php:9)
[stacktrace]
#0 {main}
"} 
[2026-07-14 17:02:32] local.ERROR: Cannot redeclare province_name() (previously declared in C:\Users\AMIN\Desktop\bigstore\app\helpers.php:7) {"exception":"[object] (Symfony\\Component\\ErrorHandler\\Error\\FatalError(code: 0): Cannot redeclare province_name() (previously declared in C:\\Users\\AMIN\\Desktop\\bigstore\\app\\helpers.php:7) at C:\\Users\\AMIN\\Desktop\\bigstore\\app\\helpers.php:9)
[stacktrace]
#0 {main}
"} 
[2026-07-14 17:03:32] local.ERROR: Cannot redeclare province_name() (previously declared in C:\Users\AMIN\Desktop\bigstore\app\helpers.php:7) {"exception":"[object] (Symfony\\Component\\ErrorHandler\\Error\\FatalError(code: 0): Cannot redeclare province_name() (previously declared in C:\\Users\\AMIN\\Desktop\\bigstore\\app\\helpers.php:7) at C:\\Users\\AMIN\\Desktop\\bigstore\\app\\helpers.php:9)
[stacktrace]
#0 {main}
"} 
[2026-07-14 17:04:32] local.ERROR: Cannot redeclare province_name() (previously declared in C:\Users\AMIN\Desktop\bigstore\app\helpers.php:7) {"exception":"[object] (Symfony\\Component\\ErrorHandler\\Error\\FatalError(code: 0): Cannot redeclare province_name() (previously declared in C:\\Users\\AMIN\\Desktop\\bigstore\\app\\helpers.php:7) at C:\\Users\\AMIN\\Desktop\\bigstore\\app\\helpers.php:9)
[stacktrace]
#0 {main}
"} 
[2026-07-14 17:05:32] local.ERROR: Cannot redeclare province_name() (previously declared in C:\Users\AMIN\Desktop\bigstore\app\helpers.php:7) {"exception":"[object] (Symfony\\Component\\ErrorHandler\\Error\\FatalError(code: 0): Cannot redeclare province_name() (previously declared in C:\\Users\\AMIN\\Desktop\\bigstore\\app\\helpers.php:7) at C:\\Users\\AMIN\\Desktop\\bigstore\\app\\helpers.php:9)
[stacktrace]
#0 {main}
"} 
[2026-07-14 17:06:32] local.ERROR: Cannot redeclare province_name() (previously declared in C:\Users\AMIN\Desktop\bigstore\app\helpers.php:7) {"exception":"[object] (Symfony\\Component\\ErrorHandler\\Error\\FatalError(code: 0): Cannot redeclare province_name() (previously declared in C:\\Users\\AMIN\\Desktop\\bigstore\\app\\helpers.php:7) at C:\\Users\\AMIN\\Desktop\\bigstore\\app\\helpers.php:9)
[stacktrace]
#0 {main}
"} 
[2026-07-14 17:07:32] local.ERROR: Cannot redeclare province_name() (previously declared in C:\Users\AMIN\Desktop\bigstore\app\helpers.php:7) {"exception":"[object] (Symfony\\Component\\ErrorHandler\\Error\\FatalError(code: 0): Cannot redeclare province_name() (previously declared in C:\\Users\\AMIN\\Desktop\\bigstore\\app\\helpers.php:7) at C:\\Users\\AMIN\\Desktop\\bigstore\\app\\helpers.php:9)
[stacktrace]
#0 {main}
"} 
[2026-07-14 17:08:32] local.ERROR: Cannot redeclare province_name() (previously declared in C:\Users\AMIN\Desktop\bigstore\app\helpers.php:7) {"exception":"[object] (Symfony\\Component\\ErrorHandler\\Error\\FatalError(code: 0): Cannot redeclare province_name() (previously declared in C:\\Users\\AMIN\\Desktop\\bigstore\\app\\helpers.php:7) at C:\\Users\\AMIN\\Desktop\\bigstore\\app\\helpers.php:9)
[stacktrace]
#0 {main}
"} 
[2026-07-14 17:09:32] local.ERROR: Cannot redeclare province_name() (previously declared in C:\Users\AMIN\Desktop\bigstore\app\helpers.php:7) {"exception":"[object] (Symfony\\Component\\ErrorHandler\\Error\\FatalError(code: 0): Cannot redeclare province_name() (previously declared in C:\\Users\\AMIN\\Desktop\\bigstore\\app\\helpers.php:7) at C:\\Users\\AMIN\\Desktop\\bigstore\\app\\helpers.php:9)
[stacktrace]
#0 {main}
"} 
[2026-07-14 17:10:32] local.ERROR: Cannot redeclare province_name() (previously declared in C:\Users\AMIN\Desktop\bigstore\app\helpers.php:7) {"exception":"[object] (Symfony\\Component\\ErrorHandler\\Error\\FatalError(code: 0): Cannot redeclare province_name() (previously declared in C:\\Users\\AMIN\\Desktop\\bigstore\\app\\helpers.php:7) at C:\\Users\\AMIN\\Desktop\\bigstore\\app\\helpers.php:9)
[stacktrace]
#0 {main}
"} 
[2026-07-14 17:11:32] local.ERROR: Cannot redeclare province_name() (previously declared in C:\Users\AMIN\Desktop\bigstore\app\helpers.php:7) {"exception":"[object] (Symfony\\Component\\ErrorHandler\\Error\\FatalError(code: 0): Cannot redeclare province_name() (previously declared in C:\\Users\\AMIN\\Desktop\\bigstore\\app\\helpers.php:7) at C:\\Users\\AMIN\\Desktop\\bigstore\\app\\helpers.php:9)
[stacktrace]
#0 {main}
"} 
[2026-07-14 17:12:32] local.ERROR: Cannot redeclare province_name() (previously declared in C:\Users\AMIN\Desktop\bigstore\app\helpers.php:7) {"exception":"[object] (Symfony\\Component\\ErrorHandler\\Error\\FatalError(code: 0): Cannot redeclare province_name() (previously declared in C:\\Users\\AMIN\\Desktop\\bigstore\\app\\helpers.php:7) at C:\\Users\\AMIN\\Desktop\\bigstore\\app\\helpers.php:9)
[stacktrace]
#0 {main}
"} 
[2026-07-14 17:13:32] local.ERROR: Cannot redeclare province_name() (previously declared in C:\Users\AMIN\Desktop\bigstore\app\helpers.php:7) {"exception":"[object] (Symfony\\Component\\ErrorHandler\\Error\\FatalError(code: 0): Cannot redeclare province_name() (previously declared in C:\\Users\\AMIN\\Desktop\\bigstore\\app\\helpers.php:7) at C:\\Users\\AMIN\\Desktop\\bigstore\\app\\helpers.php:9)
[stacktrace]
#0 {main}
"} 
[2026-07-14 17:14:32] local.ERROR: Cannot redeclare province_name() (previously declared in C:\Users\AMIN\Desktop\bigstore\app\helpers.php:7) {"exception":"[object] (Symfony\\Component\\ErrorHandler\\Error\\FatalError(code: 0): Cannot redeclare province_name() (previously declared in C:\\Users\\AMIN\\Desktop\\bigstore\\app\\helpers.php:7) at C:\\Users\\AMIN\\Desktop\\bigstore\\app\\helpers.php:9)
[stacktrace]
#0 {main}
"} 
[2026-07-14 17:15:32] local.ERROR: Cannot redeclare province_name() (previously declared in C:\Users\AMIN\Desktop\bigstore\app\helpers.php:7) {"exception":"[object] (Symfony\\Component\\ErrorHandler\\Error\\FatalError(code: 0): Cannot redeclare province_name() (previously declared in C:\\Users\\AMIN\\Desktop\\bigstore\\app\\helpers.php:7) at C:\\Users\\AMIN\\Desktop\\bigstore\\app\\helpers.php:9)
[stacktrace]
#0 {main}
"} 
[2026-07-14 17:16:32] local.ERROR: Cannot redeclare province_name() (previously declared in C:\Users\AMIN\Desktop\bigstore\app\helpers.php:7) {"exception":"[object] (Symfony\\Component\\ErrorHandler\\Error\\FatalError(code: 0): Cannot redeclare province_name() (previously declared in C:\\Users\\AMIN\\Desktop\\bigstore\\app\\helpers.php:7) at C:\\Users\\AMIN\\Desktop\\bigstore\\app\\helpers.php:9)
[stacktrace]
#0 {main}
"} 
[2026-07-14 17:17:32] local.ERROR: Cannot redeclare province_name() (previously declared in C:\Users\AMIN\Desktop\bigstore\app\helpers.php:7) {"exception":"[object] (Symfony\\Component\\ErrorHandler\\Error\\FatalError(code: 0): Cannot redeclare province_name() (previously declared in C:\\Users\\AMIN\\Desktop\\bigstore\\app\\helpers.php:7) at C:\\Users\\AMIN\\Desktop\\bigstore\\app\\helpers.php:9)
[stacktrace]
#0 {main}
"} 
[2026-07-14 17:18:32] local.ERROR: Cannot redeclare province_name() (previously declared in C:\Users\AMIN\Desktop\bigstore\app\helpers.php:7) {"exception":"[object] (Symfony\\Component\\ErrorHandler\\Error\\FatalError(code: 0): Cannot redeclare province_name() (previously declared in C:\\Users\\AMIN\\Desktop\\bigstore\\app\\helpers.php:7) at C:\\Users\\AMIN\\Desktop\\bigstore\\app\\helpers.php:9)
[stacktrace]
#0 {main}
"} 
[2026-07-14 17:19:32] local.ERROR: Cannot redeclare province_name() (previously declared in C:\Users\AMIN\Desktop\bigstore\app\helpers.php:7) {"exception":"[object] (Symfony\\Component\\ErrorHandler\\Error\\FatalError(code: 0): Cannot redeclare province_name() (previously declared in C:\\Users\\AMIN\\Desktop\\bigstore\\app\\helpers.php:7) at C:\\Users\\AMIN\\Desktop\\bigstore\\app\\helpers.php:9)
[stacktrace]
#0 {main}
"} 
[2026-07-14 17:20:32] local.ERROR: Cannot redeclare province_name() (previously declared in C:\Users\AMIN\Desktop\bigstore\app\helpers.php:7) {"exception":"[object] (Symfony\\Component\\ErrorHandler\\Error\\FatalError(code: 0): Cannot redeclare province_name() (previously declared in C:\\Users\\AMIN\\Desktop\\bigstore\\app\\helpers.php:7) at C:\\Users\\AMIN\\Desktop\\bigstore\\app\\helpers.php:9)
[stacktrace]
#0 {main}
"} 
[2026-07-14 17:21:32] local.ERROR: Cannot redeclare province_name() (previously declared in C:\Users\AMIN\Desktop\bigstore\app\helpers.php:7) {"exception":"[object] (Symfony\\Component\\ErrorHandler\\Error\\FatalError(code: 0): Cannot redeclare province_name() (previously declared in C:\\Users\\AMIN\\Desktop\\bigstore\\app\\helpers.php:7) at C:\\Users\\AMIN\\Desktop\\bigstore\\app\\helpers.php:9)
[stacktrace]
#0 {main}
"} 
[2026-07-14 17:22:32] local.ERROR: Cannot redeclare province_name() (previously declared in C:\Users\AMIN\Desktop\bigstore\app\helpers.php:7) {"exception":"[object] (Symfony\\Component\\ErrorHandler\\Error\\FatalError(code: 0): Cannot redeclare province_name() (previously declared in C:\\Users\\AMIN\\Desktop\\bigstore\\app\\helpers.php:7) at C:\\Users\\AMIN\\Desktop\\bigstore\\app\\helpers.php:9)
[stacktrace]
#0 {main}
"} 
[2026-07-14 17:23:32] local.ERROR: Cannot redeclare province_name() (previously declared in C:\Users\AMIN\Desktop\bigstore\app\helpers.php:7) {"exception":"[object] (Symfony\\Component\\ErrorHandler\\Error\\FatalError(code: 0): Cannot redeclare province_name() (previously declared in C:\\Users\\AMIN\\Desktop\\bigstore\\app\\helpers.php:7) at C:\\Users\\AMIN\\Desktop\\bigstore\\app\\helpers.php:9)
[stacktrace]
#0 {main}
"} 
[2026-07-14 17:24:32] local.ERROR: Cannot redeclare province_name() (previously declared in C:\Users\AMIN\Desktop\bigstore\app\helpers.php:7) {"exception":"[object] (Symfony\\Component\\ErrorHandler\\Error\\FatalError(code: 0): Cannot redeclare province_name() (previously declared in C:\\Users\\AMIN\\Desktop\\bigstore\\app\\helpers.php:7) at C:\\Users\\AMIN\\Desktop\\bigstore\\app\\helpers.php:9)
[stacktrace]
#0 {main}
"} 
[2026-07-14 17:25:32] local.ERROR: Cannot redeclare province_name() (previously declared in C:\Users\AMIN\Desktop\bigstore\app\helpers.php:7) {"exception":"[object] (Symfony\\Component\\ErrorHandler\\Error\\FatalError(code: 0): Cannot redeclare province_name() (previously declared in C:\\Users\\AMIN\\Desktop\\bigstore\\app\\helpers.php:7) at C:\\Users\\AMIN\\Desktop\\bigstore\\app\\helpers.php:9)
[stacktrace]
#0 {main}
"} 
[2026-07-14 17:26:32] local.ERROR: Cannot redeclare province_name() (previously declared in C:\Users\AMIN\Desktop\bigstore\app\helpers.php:7) {"exception":"[object] (Symfony\\Component\\ErrorHandler\\Error\\FatalError(code: 0): Cannot redeclare province_name() (previously declared in C:\\Users\\AMIN\\Desktop\\bigstore\\app\\helpers.php:7) at C:\\Users\\AMIN\\Desktop\\bigstore\\app\\helpers.php:9)
[stacktrace]
#0 {main}
"} 
[2026-07-14 17:27:32] local.ERROR: Cannot redeclare province_name() (previously declared in C:\Users\AMIN\Desktop\bigstore\app\helpers.php:7) {"exception":"[object] (Symfony\\Component\\ErrorHandler\\Error\\FatalError(code: 0): Cannot redeclare province_name() (previously declared in C:\\Users\\AMIN\\Desktop\\bigstore\\app\\helpers.php:7) at C:\\Users\\AMIN\\Desktop\\bigstore\\app\\helpers.php:9)
[stacktrace]
#0 {main}
"} 
[2026-07-14 17:28:32] local.ERROR: Cannot redeclare province_name() (previously declared in C:\Users\AMIN\Desktop\bigstore\app\helpers.php:7) {"exception":"[object] (Symfony\\Component\\ErrorHandler\\Error\\FatalError(code: 0): Cannot redeclare province_name() (previously declared in C:\\Users\\AMIN\\Desktop\\bigstore\\app\\helpers.php:7) at C:\\Users\\AMIN\\Desktop\\bigstore\\app\\helpers.php:9)
[stacktrace]
#0 {main}
"} 
[2026-07-14 17:29:32] local.ERROR: Cannot redeclare province_name() (previously declared in C:\Users\AMIN\Desktop\bigstore\app\helpers.php:7) {"exception":"[object] (Symfony\\Component\\ErrorHandler\\Error\\FatalError(code: 0): Cannot redeclare province_name() (previously declared in C:\\Users\\AMIN\\Desktop\\bigstore\\app\\helpers.php:7) at C:\\Users\\AMIN\\Desktop\\bigstore\\app\\helpers.php:9)
[stacktrace]
#0 {main}
"} 
[2026-07-14 17:30:32] local.ERROR: Cannot redeclare province_name() (previously declared in C:\Users\AMIN\Desktop\bigstore\app\helpers.php:7) {"exception":"[object] (Symfony\\Component\\ErrorHandler\\Error\\FatalError(code: 0): Cannot redeclare province_name() (previously declared in C:\\Users\\AMIN\\Desktop\\bigstore\\app\\helpers.php:7) at C:\\Users\\AMIN\\Desktop\\bigstore\\app\\helpers.php:9)
[stacktrace]
#0 {main}
"} 
[2026-07-14 17:31:32] local.ERROR: Cannot redeclare province_name() (previously declared in C:\Users\AMIN\Desktop\bigstore\app\helpers.php:7) {"exception":"[object] (Symfony\\Component\\ErrorHandler\\Error\\FatalError(code: 0): Cannot redeclare province_name() (previously declared in C:\\Users\\AMIN\\Desktop\\bigstore\\app\\helpers.php:7) at C:\\Users\\AMIN\\Desktop\\bigstore\\app\\helpers.php:9)
[stacktrace]
#0 {main}
"} 
[2026-07-14 17:32:32] local.ERROR: Cannot redeclare province_name() (previously declared in C:\Users\AMIN\Desktop\bigstore\app\helpers.php:7) {"exception":"[object] (Symfony\\Component\\ErrorHandler\\Error\\FatalError(code: 0): Cannot redeclare province_name() (previously declared in C:\\Users\\AMIN\\Desktop\\bigstore\\app\\helpers.php:7) at C:\\Users\\AMIN\\Desktop\\bigstore\\app\\helpers.php:9)
[stacktrace]
#0 {main}
"} 
[2026-07-14 17:33:32] local.ERROR: Cannot redeclare province_name() (previously declared in C:\Users\AMIN\Desktop\bigstore\app\helpers.php:7) {"exception":"[object] (Symfony\\Component\\ErrorHandler\\Error\\FatalError(code: 0): Cannot redeclare province_name() (previously declared in C:\\Users\\AMIN\\Desktop\\bigstore\\app\\helpers.php:7) at C:\\Users\\AMIN\\Desktop\\bigstore\\app\\helpers.php:9)
[stacktrace]
#0 {main}
"} 
[2026-07-14 17:34:32] local.ERROR: Cannot redeclare province_name() (previously declared in C:\Users\AMIN\Desktop\bigstore\app\helpers.php:7) {"exception":"[object] (Symfony\\Component\\ErrorHandler\\Error\\FatalError(code: 0): Cannot redeclare province_name() (previously declared in C:\\Users\\AMIN\\Desktop\\bigstore\\app\\helpers.php:7) at C:\\Users\\AMIN\\Desktop\\bigstore\\app\\helpers.php:9)
[stacktrace]
#0 {main}
"} 
[2026-07-14 17:35:32] local.ERROR: Cannot redeclare province_name() (previously declared in C:\Users\AMIN\Desktop\bigstore\app\helpers.php:7) {"exception":"[object] (Symfony\\Component\\ErrorHandler\\Error\\FatalError(code: 0): Cannot redeclare province_name() (previously declared in C:\\Users\\AMIN\\Desktop\\bigstore\\app\\helpers.php:7) at C:\\Users\\AMIN\\Desktop\\bigstore\\app\\helpers.php:9)
[stacktrace]
#0 {main}
"} 
[2026-07-14 17:36:32] local.ERROR: Cannot redeclare province_name() (previously declared in C:\Users\AMIN\Desktop\bigstore\app\helpers.php:7) {"exception":"[object] (Symfony\\Component\\ErrorHandler\\Error\\FatalError(code: 0): Cannot redeclare province_name() (previously declared in C:\\Users\\AMIN\\Desktop\\bigstore\\app\\helpers.php:7) at C:\\Users\\AMIN\\Desktop\\bigstore\\app\\helpers.php:9)
[stacktrace]
#0 {main}
"} 
[2026-07-14 17:37:32] local.ERROR: Cannot redeclare province_name() (previously declared in C:\Users\AMIN\Desktop\bigstore\app\helpers.php:7) {"exception":"[object] (Symfony\\Component\\ErrorHandler\\Error\\FatalError(code: 0): Cannot redeclare province_name() (previously declared in C:\\Users\\AMIN\\Desktop\\bigstore\\app\\helpers.php:7) at C:\\Users\\AMIN\\Desktop\\bigstore\\app\\helpers.php:9)
[stacktrace]
#0 {main}
"} 
[2026-07-14 17:38:32] local.ERROR: Cannot redeclare province_name() (previously declared in C:\Users\AMIN\Desktop\bigstore\app\helpers.php:7) {"exception":"[object] (Symfony\\Component\\ErrorHandler\\Error\\FatalError(code: 0): Cannot redeclare province_name() (previously declared in C:\\Users\\AMIN\\Desktop\\bigstore\\app\\helpers.php:7) at C:\\Users\\AMIN\\Desktop\\bigstore\\app\\helpers.php:9)
[stacktrace]
#0 {main}
"} 
[2026-07-14 17:39:32] local.ERROR: Cannot redeclare province_name() (previously declared in C:\Users\AMIN\Desktop\bigstore\app\helpers.php:7) {"exception":"[object] (Symfony\\Component\\ErrorHandler\\Error\\FatalError(code: 0): Cannot redeclare province_name() (previously declared in C:\\Users\\AMIN\\Desktop\\bigstore\\app\\helpers.php:7) at C:\\Users\\AMIN\\Desktop\\bigstore\\app\\helpers.php:9)
[stacktrace]
#0 {main}
"} 
[2026-07-14 17:40:32] local.ERROR: Cannot redeclare province_name() (previously declared in C:\Users\AMIN\Desktop\bigstore\app\helpers.php:7) {"exception":"[object] (Symfony\\Component\\ErrorHandler\\Error\\FatalError(code: 0): Cannot redeclare province_name() (previously declared in C:\\Users\\AMIN\\Desktop\\bigstore\\app\\helpers.php:7) at C:\\Users\\AMIN\\Desktop\\bigstore\\app\\helpers.php:9)
[stacktrace]
#0 {main}
"} 
[2026-07-14 17:41:32] local.ERROR: Cannot redeclare province_name() (previously declared in C:\Users\AMIN\Desktop\bigstore\app\helpers.php:7) {"exception":"[object] (Symfony\\Component\\ErrorHandler\\Error\\FatalError(code: 0): Cannot redeclare province_name() (previously declared in C:\\Users\\AMIN\\Desktop\\bigstore\\app\\helpers.php:7) at C:\\Users\\AMIN\\Desktop\\bigstore\\app\\helpers.php:9)
[stacktrace]
#0 {main}
"} 
[2026-07-14 17:42:32] local.ERROR: Cannot redeclare province_name() (previously declared in C:\Users\AMIN\Desktop\bigstore\app\helpers.php:7) {"exception":"[object] (Symfony\\Component\\ErrorHandler\\Error\\FatalError(code: 0): Cannot redeclare province_name() (previously declared in C:\\Users\\AMIN\\Desktop\\bigstore\\app\\helpers.php:7) at C:\\Users\\AMIN\\Desktop\\bigstore\\app\\helpers.php:9)
[stacktrace]
#0 {main}
"} 
[2026-07-14 17:43:32] local.ERROR: Cannot redeclare province_name() (previously declared in C:\Users\AMIN\Desktop\bigstore\app\helpers.php:7) {"exception":"[object] (Symfony\\Component\\ErrorHandler\\Error\\FatalError(code: 0): Cannot redeclare province_name() (previously declared in C:\\Users\\AMIN\\Desktop\\bigstore\\app\\helpers.php:7) at C:\\Users\\AMIN\\Desktop\\bigstore\\app\\helpers.php:9)
[stacktrace]
#0 {main}
"} 
[2026-07-14 17:44:32] local.ERROR: Cannot redeclare province_name() (previously declared in C:\Users\AMIN\Desktop\bigstore\app\helpers.php:7) {"exception":"[object] (Symfony\\Component\\ErrorHandler\\Error\\FatalError(code: 0): Cannot redeclare province_name() (previously declared in C:\\Users\\AMIN\\Desktop\\bigstore\\app\\helpers.php:7) at C:\\Users\\AMIN\\Desktop\\bigstore\\app\\helpers.php:9)
[stacktrace]
#0 {main}
"} 
[2026-07-14 17:45:32] local.ERROR: Cannot redeclare province_name() (previously declared in C:\Users\AMIN\Desktop\bigstore\app\helpers.php:7) {"exception":"[object] (Symfony\\Component\\ErrorHandler\\Error\\FatalError(code: 0): Cannot redeclare province_name() (previously declared in C:\\Users\\AMIN\\Desktop\\bigstore\\app\\helpers.php:7) at C:\\Users\\AMIN\\Desktop\\bigstore\\app\\helpers.php:9)
[stacktrace]
#0 {main}
"} 
[2026-07-14 17:46:32] local.ERROR: Cannot redeclare province_name() (previously declared in C:\Users\AMIN\Desktop\bigstore\app\helpers.php:7) {"exception":"[object] (Symfony\\Component\\ErrorHandler\\Error\\FatalError(code: 0): Cannot redeclare province_name() (previously declared in C:\\Users\\AMIN\\Desktop\\bigstore\\app\\helpers.php:7) at C:\\Users\\AMIN\\Desktop\\bigstore\\app\\helpers.php:9)
[stacktrace]
#0 {main}
"} 
[2026-07-14 17:47:32] local.ERROR: Cannot redeclare province_name() (previously declared in C:\Users\AMIN\Desktop\bigstore\app\helpers.php:7) {"exception":"[object] (Symfony\\Component\\ErrorHandler\\Error\\FatalError(code: 0): Cannot redeclare province_name() (previously declared in C:\\Users\\AMIN\\Desktop\\bigstore\\app\\helpers.php:7) at C:\\Users\\AMIN\\Desktop\\bigstore\\app\\helpers.php:9)
[stacktrace]
#0 {main}
"} 
[2026-07-14 17:48:32] local.ERROR: Cannot redeclare province_name() (previously declared in C:\Users\AMIN\Desktop\bigstore\app\helpers.php:7) {"exception":"[object] (Symfony\\Component\\ErrorHandler\\Error\\FatalError(code: 0): Cannot redeclare province_name() (previously declared in C:\\Users\\AMIN\\Desktop\\bigstore\\app\\helpers.php:7) at C:\\Users\\AMIN\\Desktop\\bigstore\\app\\helpers.php:9)
[stacktrace]
#0 {main}
"} 
[2026-07-14 17:49:32] local.ERROR: Cannot redeclare province_name() (previously declared in C:\Users\AMIN\Desktop\bigstore\app\helpers.php:7) {"exception":"[object] (Symfony\\Component\\ErrorHandler\\Error\\FatalError(code: 0): Cannot redeclare province_name() (previously declared in C:\\Users\\AMIN\\Desktop\\bigstore\\app\\helpers.php:7) at C:\\Users\\AMIN\\Desktop\\bigstore\\app\\helpers.php:9)
[stacktrace]
#0 {main}
"} 
[2026-07-14 17:50:32] local.ERROR: Cannot redeclare province_name() (previously declared in C:\Users\AMIN\Desktop\bigstore\app\helpers.php:7) {"exception":"[object] (Symfony\\Component\\ErrorHandler\\Error\\FatalError(code: 0): Cannot redeclare province_name() (previously declared in C:\\Users\\AMIN\\Desktop\\bigstore\\app\\helpers.php:7) at C:\\Users\\AMIN\\Desktop\\bigstore\\app\\helpers.php:9)
[stacktrace]
#0 {main}
"} 
[2026-07-14 17:51:32] local.ERROR: Cannot redeclare province_name() (previously declared in C:\Users\AMIN\Desktop\bigstore\app\helpers.php:7) {"exception":"[object] (Symfony\\Component\\ErrorHandler\\Error\\FatalError(code: 0): Cannot redeclare province_name() (previously declared in C:\\Users\\AMIN\\Desktop\\bigstore\\app\\helpers.php:7) at C:\\Users\\AMIN\\Desktop\\bigstore\\app\\helpers.php:9)
[stacktrace]
#0 {main}
"} 
[2026-07-14 17:52:32] local.ERROR: Cannot redeclare province_name() (previously declared in C:\Users\AMIN\Desktop\bigstore\app\helpers.php:7) {"exception":"[object] (Symfony\\Component\\ErrorHandler\\Error\\FatalError(code: 0): Cannot redeclare province_name() (previously declared in C:\\Users\\AMIN\\Desktop\\bigstore\\app\\helpers.php:7) at C:\\Users\\AMIN\\Desktop\\bigstore\\app\\helpers.php:9)
[stacktrace]
#0 {main}
"} 
[2026-07-14 17:53:32] local.ERROR: Cannot redeclare province_name() (previously declared in C:\Users\AMIN\Desktop\bigstore\app\helpers.php:7) {"exception":"[object] (Symfony\\Component\\ErrorHandler\\Error\\FatalError(code: 0): Cannot redeclare province_name() (previously declared in C:\\Users\\AMIN\\Desktop\\bigstore\\app\\helpers.php:7) at C:\\Users\\AMIN\\Desktop\\bigstore\\app\\helpers.php:9)
[stacktrace]
#0 {main}
"} 
[2026-07-14 17:54:32] local.ERROR: Cannot redeclare province_name() (previously declared in C:\Users\AMIN\Desktop\bigstore\app\helpers.php:7) {"exception":"[object] (Symfony\\Component\\ErrorHandler\\Error\\FatalError(code: 0): Cannot redeclare province_name() (previously declared in C:\\Users\\AMIN\\Desktop\\bigstore\\app\\helpers.php:7) at C:\\Users\\AMIN\\Desktop\\bigstore\\app\\helpers.php:9)
[stacktrace]
#0 {main}
"} 
[2026-07-14 17:55:32] local.ERROR: Cannot redeclare province_name() (previously declared in C:\Users\AMIN\Desktop\bigstore\app\helpers.php:7) {"exception":"[object] (Symfony\\Component\\ErrorHandler\\Error\\FatalError(code: 0): Cannot redeclare province_name() (previously declared in C:\\Users\\AMIN\\Desktop\\bigstore\\app\\helpers.php:7) at C:\\Users\\AMIN\\Desktop\\bigstore\\app\\helpers.php:9)
[stacktrace]
#0 {main}
"} 
[2026-07-14 17:56:32] local.ERROR: Cannot redeclare province_name() (previously declared in C:\Users\AMIN\Desktop\bigstore\app\helpers.php:7) {"exception":"[object] (Symfony\\Component\\ErrorHandler\\Error\\FatalError(code: 0): Cannot redeclare province_name() (previously declared in C:\\Users\\AMIN\\Desktop\\bigstore\\app\\helpers.php:7) at C:\\Users\\AMIN\\Desktop\\bigstore\\app\\helpers.php:9)
[stacktrace]
#0 {main}
"} 
[2026-07-14 17:57:32] local.ERROR: Cannot redeclare province_name() (previously declared in C:\Users\AMIN\Desktop\bigstore\app\helpers.php:7) {"exception":"[object] (Symfony\\Component\\ErrorHandler\\Error\\FatalError(code: 0): Cannot redeclare province_name() (previously declared in C:\\Users\\AMIN\\Desktop\\bigstore\\app\\helpers.php:7) at C:\\Users\\AMIN\\Desktop\\bigstore\\app\\helpers.php:9)
[stacktrace]
#0 {main}
"} 
[2026-07-14 17:58:32] local.ERROR: Cannot redeclare province_name() (previously declared in C:\Users\AMIN\Desktop\bigstore\app\helpers.php:7) {"exception":"[object] (Symfony\\Component\\ErrorHandler\\Error\\FatalError(code: 0): Cannot redeclare province_name() (previously declared in C:\\Users\\AMIN\\Desktop\\bigstore\\app\\helpers.php:7) at C:\\Users\\AMIN\\Desktop\\bigstore\\app\\helpers.php:9)
[stacktrace]
#0 {main}
"} 
[2026-07-14 17:59:32] local.ERROR: Cannot redeclare province_name() (previously declared in C:\Users\AMIN\Desktop\bigstore\app\helpers.php:7) {"exception":"[object] (Symfony\\Component\\ErrorHandler\\Error\\FatalError(code: 0): Cannot redeclare province_name() (previously declared in C:\\Users\\AMIN\\Desktop\\bigstore\\app\\helpers.php:7) at C:\\Users\\AMIN\\Desktop\\bigstore\\app\\helpers.php:9)
[stacktrace]
#0 {main}
"} 
[2026-07-14 18:00:32] local.ERROR: Cannot redeclare province_name() (previously declared in C:\Users\AMIN\Desktop\bigstore\app\helpers.php:7) {"exception":"[object] (Symfony\\Component\\ErrorHandler\\Error\\FatalError(code: 0): Cannot redeclare province_name() (previously declared in C:\\Users\\AMIN\\Desktop\\bigstore\\app\\helpers.php:7) at C:\\Users\\AMIN\\Desktop\\bigstore\\app\\helpers.php:9)
[stacktrace]
#0 {main}
"} 
[2026-07-14 18:01:32] local.ERROR: Cannot redeclare province_name() (previously declared in C:\Users\AMIN\Desktop\bigstore\app\helpers.php:7) {"exception":"[object] (Symfony\\Component\\ErrorHandler\\Error\\FatalError(code: 0): Cannot redeclare province_name() (previously declared in C:\\Users\\AMIN\\Desktop\\bigstore\\app\\helpers.php:7) at C:\\Users\\AMIN\\Desktop\\bigstore\\app\\helpers.php:9)
[stacktrace]
#0 {main}
"} 
[2026-07-14 18:02:32] local.ERROR: Cannot redeclare province_name() (previously declared in C:\Users\AMIN\Desktop\bigstore\app\helpers.php:7) {"exception":"[object] (Symfony\\Component\\ErrorHandler\\Error\\FatalError(code: 0): Cannot redeclare province_name() (previously declared in C:\\Users\\AMIN\\Desktop\\bigstore\\app\\helpers.php:7) at C:\\Users\\AMIN\\Desktop\\bigstore\\app\\helpers.php:9)
[stacktrace]
#0 {main}
"} 
[2026-07-14 18:03:32] local.ERROR: Cannot redeclare province_name() (previously declared in C:\Users\AMIN\Desktop\bigstore\app\helpers.php:7) {"exception":"[object] (Symfony\\Component\\ErrorHandler\\Error\\FatalError(code: 0): Cannot redeclare province_name() (previously declared in C:\\Users\\AMIN\\Desktop\\bigstore\\app\\helpers.php:7) at C:\\Users\\AMIN\\Desktop\\bigstore\\app\\helpers.php:9)
[stacktrace]
#0 {main}
"} 
[2026-07-14 18:04:32] local.ERROR: Cannot redeclare province_name() (previously declared in C:\Users\AMIN\Desktop\bigstore\app\helpers.php:7) {"exception":"[object] (Symfony\\Component\\ErrorHandler\\Error\\FatalError(code: 0): Cannot redeclare province_name() (previously declared in C:\\Users\\AMIN\\Desktop\\bigstore\\app\\helpers.php:7) at C:\\Users\\AMIN\\Desktop\\bigstore\\app\\helpers.php:9)
[stacktrace]
#0 {main}
"} 
[2026-07-14 18:05:32] local.ERROR: Cannot redeclare province_name() (previously declared in C:\Users\AMIN\Desktop\bigstore\app\helpers.php:7) {"exception":"[object] (Symfony\\Component\\ErrorHandler\\Error\\FatalError(code: 0): Cannot redeclare province_name() (previously declared in C:\\Users\\AMIN\\Desktop\\bigstore\\app\\helpers.php:7) at C:\\Users\\AMIN\\Desktop\\bigstore\\app\\helpers.php:9)
[stacktrace]
#0 {main}
"} 
[2026-07-14 18:06:32] local.ERROR: Cannot redeclare province_name() (previously declared in C:\Users\AMIN\Desktop\bigstore\app\helpers.php:7) {"exception":"[object] (Symfony\\Component\\ErrorHandler\\Error\\FatalError(code: 0): Cannot redeclare province_name() (previously declared in C:\\Users\\AMIN\\Desktop\\bigstore\\app\\helpers.php:7) at C:\\Users\\AMIN\\Desktop\\bigstore\\app\\helpers.php:9)
[stacktrace]
#0 {main}
"} 
[2026-07-14 18:07:32] local.ERROR: Cannot redeclare province_name() (previously declared in C:\Users\AMIN\Desktop\bigstore\app\helpers.php:7) {"exception":"[object] (Symfony\\Component\\ErrorHandler\\Error\\FatalError(code: 0): Cannot redeclare province_name() (previously declared in C:\\Users\\AMIN\\Desktop\\bigstore\\app\\helpers.php:7) at C:\\Users\\AMIN\\Desktop\\bigstore\\app\\helpers.php:9)
[stacktrace]
#0 {main}
"} 
[2026-07-14 18:08:32] local.ERROR: Cannot redeclare province_name() (previously declared in C:\Users\AMIN\Desktop\bigstore\app\helpers.php:7) {"exception":"[object] (Symfony\\Component\\ErrorHandler\\Error\\FatalError(code: 0): Cannot redeclare province_name() (previously declared in C:\\Users\\AMIN\\Desktop\\bigstore\\app\\helpers.php:7) at C:\\Users\\AMIN\\Desktop\\bigstore\\app\\helpers.php:9)
[stacktrace]
#0 {main}
"} 
[2026-07-14 18:09:32] local.ERROR: Cannot redeclare province_name() (previously declared in C:\Users\AMIN\Desktop\bigstore\app\helpers.php:7) {"exception":"[object] (Symfony\\Component\\ErrorHandler\\Error\\FatalError(code: 0): Cannot redeclare province_name() (previously declared in C:\\Users\\AMIN\\Desktop\\bigstore\\app\\helpers.php:7) at C:\\Users\\AMIN\\Desktop\\bigstore\\app\\helpers.php:9)
[stacktrace]
#0 {main}
"} 
[2026-07-14 18:10:32] local.ERROR: Cannot redeclare province_name() (previously declared in C:\Users\AMIN\Desktop\bigstore\app\helpers.php:7) {"exception":"[object] (Symfony\\Component\\ErrorHandler\\Error\\FatalError(code: 0): Cannot redeclare province_name() (previously declared in C:\\Users\\AMIN\\Desktop\\bigstore\\app\\helpers.php:7) at C:\\Users\\AMIN\\Desktop\\bigstore\\app\\helpers.php:9)
[stacktrace]
#0 {main}
"} 
[2026-07-14 18:11:32] local.ERROR: Cannot redeclare province_name() (previously declared in C:\Users\AMIN\Desktop\bigstore\app\helpers.php:7) {"exception":"[object] (Symfony\\Component\\ErrorHandler\\Error\\FatalError(code: 0): Cannot redeclare province_name() (previously declared in C:\\Users\\AMIN\\Desktop\\bigstore\\app\\helpers.php:7) at C:\\Users\\AMIN\\Desktop\\bigstore\\app\\helpers.php:9)
[stacktrace]
#0 {main}
"} 
[2026-07-14 18:12:32] local.ERROR: Cannot redeclare province_name() (previously declared in C:\Users\AMIN\Desktop\bigstore\app\helpers.php:7) {"exception":"[object] (Symfony\\Component\\ErrorHandler\\Error\\FatalError(code: 0): Cannot redeclare province_name() (previously declared in C:\\Users\\AMIN\\Desktop\\bigstore\\app\\helpers.php:7) at C:\\Users\\AMIN\\Desktop\\bigstore\\app\\helpers.php:9)
[stacktrace]
#0 {main}
"} 
[2026-07-14 18:13:32] local.ERROR: Cannot redeclare province_name() (previously declared in C:\Users\AMIN\Desktop\bigstore\app\helpers.php:7) {"exception":"[object] (Symfony\\Component\\ErrorHandler\\Error\\FatalError(code: 0): Cannot redeclare province_name() (previously declared in C:\\Users\\AMIN\\Desktop\\bigstore\\app\\helpers.php:7) at C:\\Users\\AMIN\\Desktop\\bigstore\\app\\helpers.php:9)
[stacktrace]
#0 {main}
"} 
[2026-07-14 18:14:32] local.ERROR: Cannot redeclare province_name() (previously declared in C:\Users\AMIN\Desktop\bigstore\app\helpers.php:7) {"exception":"[object] (Symfony\\Component\\ErrorHandler\\Error\\FatalError(code: 0): Cannot redeclare province_name() (previously declared in C:\\Users\\AMIN\\Desktop\\bigstore\\app\\helpers.php:7) at C:\\Users\\AMIN\\Desktop\\bigstore\\app\\helpers.php:9)
[stacktrace]
#0 {main}
"} 
[2026-07-14 18:15:32] local.ERROR: Cannot redeclare province_name() (previously declared in C:\Users\AMIN\Desktop\bigstore\app\helpers.php:7) {"exception":"[object] (Symfony\\Component\\ErrorHandler\\Error\\FatalError(code: 0): Cannot redeclare province_name() (previously declared in C:\\Users\\AMIN\\Desktop\\bigstore\\app\\helpers.php:7) at C:\\Users\\AMIN\\Desktop\\bigstore\\app\\helpers.php:9)
[stacktrace]
#0 {main}
"} 
[2026-07-14 18:16:32] local.ERROR: Cannot redeclare province_name() (previously declared in C:\Users\AMIN\Desktop\bigstore\app\helpers.php:7) {"exception":"[object] (Symfony\\Component\\ErrorHandler\\Error\\FatalError(code: 0): Cannot redeclare province_name() (previously declared in C:\\Users\\AMIN\\Desktop\\bigstore\\app\\helpers.php:7) at C:\\Users\\AMIN\\Desktop\\bigstore\\app\\helpers.php:9)
[stacktrace]
#0 {main}
"} 
[2026-07-14 18:17:32] local.ERROR: Cannot redeclare province_name() (previously declared in C:\Users\AMIN\Desktop\bigstore\app\helpers.php:7) {"exception":"[object] (Symfony\\Component\\ErrorHandler\\Error\\FatalError(code: 0): Cannot redeclare province_name() (previously declared in C:\\Users\\AMIN\\Desktop\\bigstore\\app\\helpers.php:7) at C:\\Users\\AMIN\\Desktop\\bigstore\\app\\helpers.php:9)
[stacktrace]
#0 {main}
"} 
[2026-07-14 18:18:32] local.ERROR: Cannot redeclare province_name() (previously declared in C:\Users\AMIN\Desktop\bigstore\app\helpers.php:7) {"exception":"[object] (Symfony\\Component\\ErrorHandler\\Error\\FatalError(code: 0): Cannot redeclare province_name() (previously declared in C:\\Users\\AMIN\\Desktop\\bigstore\\app\\helpers.php:7) at C:\\Users\\AMIN\\Desktop\\bigstore\\app\\helpers.php:9)
[stacktrace]
#0 {main}
"} 
[2026-07-14 18:19:32] local.ERROR: Cannot redeclare province_name() (previously declared in C:\Users\AMIN\Desktop\bigstore\app\helpers.php:7) {"exception":"[object] (Symfony\\Component\\ErrorHandler\\Error\\FatalError(code: 0): Cannot redeclare province_name() (previously declared in C:\\Users\\AMIN\\Desktop\\bigstore\\app\\helpers.php:7) at C:\\Users\\AMIN\\Desktop\\bigstore\\app\\helpers.php:9)
[stacktrace]
#0 {main}
"} 
[2026-07-14 18:20:32] local.ERROR: Cannot redeclare province_name() (previously declared in C:\Users\AMIN\Desktop\bigstore\app\helpers.php:7) {"exception":"[object] (Symfony\\Component\\ErrorHandler\\Error\\FatalError(code: 0): Cannot redeclare province_name() (previously declared in C:\\Users\\AMIN\\Desktop\\bigstore\\app\\helpers.php:7) at C:\\Users\\AMIN\\Desktop\\bigstore\\app\\helpers.php:9)
[stacktrace]
#0 {main}
"} 
[2026-07-14 18:21:32] local.ERROR: Cannot redeclare province_name() (previously declared in C:\Users\AMIN\Desktop\bigstore\app\helpers.php:7) {"exception":"[object] (Symfony\\Component\\ErrorHandler\\Error\\FatalError(code: 0): Cannot redeclare province_name() (previously declared in C:\\Users\\AMIN\\Desktop\\bigstore\\app\\helpers.php:7) at C:\\Users\\AMIN\\Desktop\\bigstore\\app\\helpers.php:9)
[stacktrace]
#0 {main}
"} 
[2026-07-14 18:22:32] local.ERROR: Cannot redeclare province_name() (previously declared in C:\Users\AMIN\Desktop\bigstore\app\helpers.php:7) {"exception":"[object] (Symfony\\Component\\ErrorHandler\\Error\\FatalError(code: 0): Cannot redeclare province_name() (previously declared in C:\\Users\\AMIN\\Desktop\\bigstore\\app\\helpers.php:7) at C:\\Users\\AMIN\\Desktop\\bigstore\\app\\helpers.php:9)
[stacktrace]
#0 {main}
"} 
[2026-07-14 18:23:32] local.ERROR: Cannot redeclare province_name() (previously declared in C:\Users\AMIN\Desktop\bigstore\app\helpers.php:7) {"exception":"[object] (Symfony\\Component\\ErrorHandler\\Error\\FatalError(code: 0): Cannot redeclare province_name() (previously declared in C:\\Users\\AMIN\\Desktop\\bigstore\\app\\helpers.php:7) at C:\\Users\\AMIN\\Desktop\\bigstore\\app\\helpers.php:9)
[stacktrace]
#0 {main}
"} 
[2026-07-14 18:24:32] local.ERROR: Cannot redeclare province_name() (previously declared in C:\Users\AMIN\Desktop\bigstore\app\helpers.php:7) {"exception":"[object] (Symfony\\Component\\ErrorHandler\\Error\\FatalError(code: 0): Cannot redeclare province_name() (previously declared in C:\\Users\\AMIN\\Desktop\\bigstore\\app\\helpers.php:7) at C:\\Users\\AMIN\\Desktop\\bigstore\\app\\helpers.php:9)
[stacktrace]
#0 {main}
"} 
[2026-07-14 18:25:32] local.ERROR: Cannot redeclare province_name() (previously declared in C:\Users\AMIN\Desktop\bigstore\app\helpers.php:7) {"exception":"[object] (Symfony\\Component\\ErrorHandler\\Error\\FatalError(code: 0): Cannot redeclare province_name() (previously declared in C:\\Users\\AMIN\\Desktop\\bigstore\\app\\helpers.php:7) at C:\\Users\\AMIN\\Desktop\\bigstore\\app\\helpers.php:9)
[stacktrace]
#0 {main}
"} 
[2026-07-14 18:26:32] local.ERROR: Cannot redeclare province_name() (previously declared in C:\Users\AMIN\Desktop\bigstore\app\helpers.php:7) {"exception":"[object] (Symfony\\Component\\ErrorHandler\\Error\\FatalError(code: 0): Cannot redeclare province_name() (previously declared in C:\\Users\\AMIN\\Desktop\\bigstore\\app\\helpers.php:7) at C:\\Users\\AMIN\\Desktop\\bigstore\\app\\helpers.php:9)
[stacktrace]
#0 {main}
"} 
[2026-07-14 18:27:32] local.ERROR: Cannot redeclare province_name() (previously declared in C:\Users\AMIN\Desktop\bigstore\app\helpers.php:7) {"exception":"[object] (Symfony\\Component\\ErrorHandler\\Error\\FatalError(code: 0): Cannot redeclare province_name() (previously declared in C:\\Users\\AMIN\\Desktop\\bigstore\\app\\helpers.php:7) at C:\\Users\\AMIN\\Desktop\\bigstore\\app\\helpers.php:9)
[stacktrace]
#0 {main}
"} 
[2026-07-14 18:28:32] local.ERROR: Cannot redeclare province_name() (previously declared in C:\Users\AMIN\Desktop\bigstore\app\helpers.php:7) {"exception":"[object] (Symfony\\Component\\ErrorHandler\\Error\\FatalError(code: 0): Cannot redeclare province_name() (previously declared in C:\\Users\\AMIN\\Desktop\\bigstore\\app\\helpers.php:7) at C:\\Users\\AMIN\\Desktop\\bigstore\\app\\helpers.php:9)
[stacktrace]
#0 {main}
"} 
[2026-07-14 18:29:32] local.ERROR: Cannot redeclare province_name() (previously declared in C:\Users\AMIN\Desktop\bigstore\app\helpers.php:7) {"exception":"[object] (Symfony\\Component\\ErrorHandler\\Error\\FatalError(code: 0): Cannot redeclare province_name() (previously declared in C:\\Users\\AMIN\\Desktop\\bigstore\\app\\helpers.php:7) at C:\\Users\\AMIN\\Desktop\\bigstore\\app\\helpers.php:9)
[stacktrace]
#0 {main}
"} 
[2026-07-14 18:30:32] local.ERROR: Cannot redeclare province_name() (previously declared in C:\Users\AMIN\Desktop\bigstore\app\helpers.php:7) {"exception":"[object] (Symfony\\Component\\ErrorHandler\\Error\\FatalError(code: 0): Cannot redeclare province_name() (previously declared in C:\\Users\\AMIN\\Desktop\\bigstore\\app\\helpers.php:7) at C:\\Users\\AMIN\\Desktop\\bigstore\\app\\helpers.php:9)
[stacktrace]
#0 {main}
"} 
[2026-07-14 18:31:32] local.ERROR: Cannot redeclare province_name() (previously declared in C:\Users\AMIN\Desktop\bigstore\app\helpers.php:7) {"exception":"[object] (Symfony\\Component\\ErrorHandler\\Error\\FatalError(code: 0): Cannot redeclare province_name() (previously declared in C:\\Users\\AMIN\\Desktop\\bigstore\\app\\helpers.php:7) at C:\\Users\\AMIN\\Desktop\\bigstore\\app\\helpers.php:9)
[stacktrace]
#0 {main}
"} 
[2026-07-14 18:32:32] local.ERROR: Cannot redeclare province_name() (previously declared in C:\Users\AMIN\Desktop\bigstore\app\helpers.php:7) {"exception":"[object] (Symfony\\Component\\ErrorHandler\\Error\\FatalError(code: 0): Cannot redeclare province_name() (previously declared in C:\\Users\\AMIN\\Desktop\\bigstore\\app\\helpers.php:7) at C:\\Users\\AMIN\\Desktop\\bigstore\\app\\helpers.php:9)
[stacktrace]
#0 {main}
"} 
[2026-07-14 18:33:32] local.ERROR: Cannot redeclare province_name() (previously declared in C:\Users\AMIN\Desktop\bigstore\app\helpers.php:7) {"exception":"[object] (Symfony\\Component\\ErrorHandler\\Error\\FatalError(code: 0): Cannot redeclare province_name() (previously declared in C:\\Users\\AMIN\\Desktop\\bigstore\\app\\helpers.php:7) at C:\\Users\\AMIN\\Desktop\\bigstore\\app\\helpers.php:9)
[stacktrace]
#0 {main}
"} 
[2026-07-14 18:34:32] local.ERROR: Cannot redeclare province_name() (previously declared in C:\Users\AMIN\Desktop\bigstore\app\helpers.php:7) {"exception":"[object] (Symfony\\Component\\ErrorHandler\\Error\\FatalError(code: 0): Cannot redeclare province_name() (previously declared in C:\\Users\\AMIN\\Desktop\\bigstore\\app\\helpers.php:7) at C:\\Users\\AMIN\\Desktop\\bigstore\\app\\helpers.php:9)
[stacktrace]
#0 {main}
"} 
[2026-07-14 18:35:32] local.ERROR: Cannot redeclare province_name() (previously declared in C:\Users\AMIN\Desktop\bigstore\app\helpers.php:7) {"exception":"[object] (Symfony\\Component\\ErrorHandler\\Error\\FatalError(code: 0): Cannot redeclare province_name() (previously declared in C:\\Users\\AMIN\\Desktop\\bigstore\\app\\helpers.php:7) at C:\\Users\\AMIN\\Desktop\\bigstore\\app\\helpers.php:9)
[stacktrace]
#0 {main}
"} 
[2026-07-14 18:36:32] local.ERROR: Cannot redeclare province_name() (previously declared in C:\Users\AMIN\Desktop\bigstore\app\helpers.php:7) {"exception":"[object] (Symfony\\Component\\ErrorHandler\\Error\\FatalError(code: 0): Cannot redeclare province_name() (previously declared in C:\\Users\\AMIN\\Desktop\\bigstore\\app\\helpers.php:7) at C:\\Users\\AMIN\\Desktop\\bigstore\\app\\helpers.php:9)
[stacktrace]
#0 {main}
"} 
[2026-07-14 18:37:32] local.ERROR: Cannot redeclare province_name() (previously declared in C:\Users\AMIN\Desktop\bigstore\app\helpers.php:7) {"exception":"[object] (Symfony\\Component\\ErrorHandler\\Error\\FatalError(code: 0): Cannot redeclare province_name() (previously declared in C:\\Users\\AMIN\\Desktop\\bigstore\\app\\helpers.php:7) at C:\\Users\\AMIN\\Desktop\\bigstore\\app\\helpers.php:9)
[stacktrace]
#0 {main}
"} 
[2026-07-14 18:38:33] local.ERROR: Cannot redeclare province_name() (previously declared in C:\Users\AMIN\Desktop\bigstore\app\helpers.php:7) {"exception":"[object] (Symfony\\Component\\ErrorHandler\\Error\\FatalError(code: 0): Cannot redeclare province_name() (previously declared in C:\\Users\\AMIN\\Desktop\\bigstore\\app\\helpers.php:7) at C:\\Users\\AMIN\\Desktop\\bigstore\\app\\helpers.php:9)
[stacktrace]
#0 {main}
"} 
[2026-07-14 18:39:32] local.ERROR: Cannot redeclare province_name() (previously declared in C:\Users\AMIN\Desktop\bigstore\app\helpers.php:7) {"exception":"[object] (Symfony\\Component\\ErrorHandler\\Error\\FatalError(code: 0): Cannot redeclare province_name() (previously declared in C:\\Users\\AMIN\\Desktop\\bigstore\\app\\helpers.php:7) at C:\\Users\\AMIN\\Desktop\\bigstore\\app\\helpers.php:9)
[stacktrace]
#0 {main}
"} 
[2026-07-14 18:40:33] local.ERROR: Cannot redeclare province_name() (previously declared in C:\Users\AMIN\Desktop\bigstore\app\helpers.php:7) {"exception":"[object] (Symfony\\Component\\ErrorHandler\\Error\\FatalError(code: 0): Cannot redeclare province_name() (previously declared in C:\\Users\\AMIN\\Desktop\\bigstore\\app\\helpers.php:7) at C:\\Users\\AMIN\\Desktop\\bigstore\\app\\helpers.php:9)
[stacktrace]
#0 {main}
"} 
[2026-07-14 18:41:32] local.ERROR: Cannot redeclare province_name() (previously declared in C:\Users\AMIN\Desktop\bigstore\app\helpers.php:7) {"exception":"[object] (Symfony\\Component\\ErrorHandler\\Error\\FatalError(code: 0): Cannot redeclare province_name() (previously declared in C:\\Users\\AMIN\\Desktop\\bigstore\\app\\helpers.php:7) at C:\\Users\\AMIN\\Desktop\\bigstore\\app\\helpers.php:9)
[stacktrace]
#0 {main}
"} 
[2026-07-14 18:42:32] local.ERROR: Cannot redeclare province_name() (previously declared in C:\Users\AMIN\Desktop\bigstore\app\helpers.php:7) {"exception":"[object] (Symfony\\Component\\ErrorHandler\\Error\\FatalError(code: 0): Cannot redeclare province_name() (previously declared in C:\\Users\\AMIN\\Desktop\\bigstore\\app\\helpers.php:7) at C:\\Users\\AMIN\\Desktop\\bigstore\\app\\helpers.php:9)
[stacktrace]
#0 {main}
"} 
[2026-07-14 18:43:32] local.ERROR: Cannot redeclare province_name() (previously declared in C:\Users\AMIN\Desktop\bigstore\app\helpers.php:7) {"exception":"[object] (Symfony\\Component\\ErrorHandler\\Error\\FatalError(code: 0): Cannot redeclare province_name() (previously declared in C:\\Users\\AMIN\\Desktop\\bigstore\\app\\helpers.php:7) at C:\\Users\\AMIN\\Desktop\\bigstore\\app\\helpers.php:9)
[stacktrace]
#0 {main}
"} 
[2026-07-14 18:44:32] local.ERROR: Cannot redeclare province_name() (previously declared in C:\Users\AMIN\Desktop\bigstore\app\helpers.php:7) {"exception":"[object] (Symfony\\Component\\ErrorHandler\\Error\\FatalError(code: 0): Cannot redeclare province_name() (previously declared in C:\\Users\\AMIN\\Desktop\\bigstore\\app\\helpers.php:7) at C:\\Users\\AMIN\\Desktop\\bigstore\\app\\helpers.php:9)
[stacktrace]
#0 {main}
"} 
[2026-07-14 18:45:32] local.ERROR: Cannot redeclare province_name() (previously declared in C:\Users\AMIN\Desktop\bigstore\app\helpers.php:7) {"exception":"[object] (Symfony\\Component\\ErrorHandler\\Error\\FatalError(code: 0): Cannot redeclare province_name() (previously declared in C:\\Users\\AMIN\\Desktop\\bigstore\\app\\helpers.php:7) at C:\\Users\\AMIN\\Desktop\\bigstore\\app\\helpers.php:9)
[stacktrace]
#0 {main}
"} 
[2026-07-14 18:46:32] local.ERROR: Cannot redeclare province_name() (previously declared in C:\Users\AMIN\Desktop\bigstore\app\helpers.php:7) {"exception":"[object] (Symfony\\Component\\ErrorHandler\\Error\\FatalError(code: 0): Cannot redeclare province_name() (previously declared in C:\\Users\\AMIN\\Desktop\\bigstore\\app\\helpers.php:7) at C:\\Users\\AMIN\\Desktop\\bigstore\\app\\helpers.php:9)
[stacktrace]
#0 {main}
"} 
[2026-07-14 18:47:32] local.ERROR: Cannot redeclare province_name() (previously declared in C:\Users\AMIN\Desktop\bigstore\app\helpers.php:7) {"exception":"[object] (Symfony\\Component\\ErrorHandler\\Error\\FatalError(code: 0): Cannot redeclare province_name() (previously declared in C:\\Users\\AMIN\\Desktop\\bigstore\\app\\helpers.php:7) at C:\\Users\\AMIN\\Desktop\\bigstore\\app\\helpers.php:9)
[stacktrace]
#0 {main}
"} 
[2026-07-14 18:48:32] local.ERROR: Cannot redeclare province_name() (previously declared in C:\Users\AMIN\Desktop\bigstore\app\helpers.php:7) {"exception":"[object] (Symfony\\Component\\ErrorHandler\\Error\\FatalError(code: 0): Cannot redeclare province_name() (previously declared in C:\\Users\\AMIN\\Desktop\\bigstore\\app\\helpers.php:7) at C:\\Users\\AMIN\\Desktop\\bigstore\\app\\helpers.php:9)
[stacktrace]
#0 {main}
"} 
[2026-07-14 18:49:32] local.ERROR: Cannot redeclare province_name() (previously declared in C:\Users\AMIN\Desktop\bigstore\app\helpers.php:7) {"exception":"[object] (Symfony\\Component\\ErrorHandler\\Error\\FatalError(code: 0): Cannot redeclare province_name() (previously declared in C:\\Users\\AMIN\\Desktop\\bigstore\\app\\helpers.php:7) at C:\\Users\\AMIN\\Desktop\\bigstore\\app\\helpers.php:9)
[stacktrace]
#0 {main}
"} 
[2026-07-14 18:50:33] local.ERROR: Cannot redeclare province_name() (previously declared in C:\Users\AMIN\Desktop\bigstore\app\helpers.php:7) {"exception":"[object] (Symfony\\Component\\ErrorHandler\\Error\\FatalError(code: 0): Cannot redeclare province_name() (previously declared in C:\\Users\\AMIN\\Desktop\\bigstore\\app\\helpers.php:7) at C:\\Users\\AMIN\\Desktop\\bigstore\\app\\helpers.php:9)
[stacktrace]
#0 {main}
"} 
[2026-07-14 18:51:32] local.ERROR: Cannot redeclare province_name() (previously declared in C:\Users\AMIN\Desktop\bigstore\app\helpers.php:7) {"exception":"[object] (Symfony\\Component\\ErrorHandler\\Error\\FatalError(code: 0): Cannot redeclare province_name() (previously declared in C:\\Users\\AMIN\\Desktop\\bigstore\\app\\helpers.php:7) at C:\\Users\\AMIN\\Desktop\\bigstore\\app\\helpers.php:9)
[stacktrace]
#0 {main}
"} 
[2026-07-14 18:52:32] local.ERROR: Cannot redeclare province_name() (previously declared in C:\Users\AMIN\Desktop\bigstore\app\helpers.php:7) {"exception":"[object] (Symfony\\Component\\ErrorHandler\\Error\\FatalError(code: 0): Cannot redeclare province_name() (previously declared in C:\\Users\\AMIN\\Desktop\\bigstore\\app\\helpers.php:7) at C:\\Users\\AMIN\\Desktop\\bigstore\\app\\helpers.php:9)
[stacktrace]
#0 {main}
"} 
[2026-07-14 18:53:32] local.ERROR: Cannot redeclare province_name() (previously declared in C:\Users\AMIN\Desktop\bigstore\app\helpers.php:7) {"exception":"[object] (Symfony\\Component\\ErrorHandler\\Error\\FatalError(code: 0): Cannot redeclare province_name() (previously declared in C:\\Users\\AMIN\\Desktop\\bigstore\\app\\helpers.php:7) at C:\\Users\\AMIN\\Desktop\\bigstore\\app\\helpers.php:9)
[stacktrace]
#0 {main}
"} 
[2026-07-14 18:54:32] local.ERROR: Cannot redeclare province_name() (previously declared in C:\Users\AMIN\Desktop\bigstore\app\helpers.php:7) {"exception":"[object] (Symfony\\Component\\ErrorHandler\\Error\\FatalError(code: 0): Cannot redeclare province_name() (previously declared in C:\\Users\\AMIN\\Desktop\\bigstore\\app\\helpers.php:7) at C:\\Users\\AMIN\\Desktop\\bigstore\\app\\helpers.php:9)
[stacktrace]
#0 {main}
"} 
[2026-07-14 18:55:32] local.ERROR: Cannot redeclare province_name() (previously declared in C:\Users\AMIN\Desktop\bigstore\app\helpers.php:7) {"exception":"[object] (Symfony\\Component\\ErrorHandler\\Error\\FatalError(code: 0): Cannot redeclare province_name() (previously declared in C:\\Users\\AMIN\\Desktop\\bigstore\\app\\helpers.php:7) at C:\\Users\\AMIN\\Desktop\\bigstore\\app\\helpers.php:9)
[stacktrace]
#0 {main}
"} 
[2026-07-14 18:56:32] local.ERROR: Cannot redeclare province_name() (previously declared in C:\Users\AMIN\Desktop\bigstore\app\helpers.php:7) {"exception":"[object] (Symfony\\Component\\ErrorHandler\\Error\\FatalError(code: 0): Cannot redeclare province_name() (previously declared in C:\\Users\\AMIN\\Desktop\\bigstore\\app\\helpers.php:7) at C:\\Users\\AMIN\\Desktop\\bigstore\\app\\helpers.php:9)
[stacktrace]
#0 {main}
"} 
[2026-07-14 18:57:32] local.ERROR: Cannot redeclare province_name() (previously declared in C:\Users\AMIN\Desktop\bigstore\app\helpers.php:7) {"exception":"[object] (Symfony\\Component\\ErrorHandler\\Error\\FatalError(code: 0): Cannot redeclare province_name() (previously declared in C:\\Users\\AMIN\\Desktop\\bigstore\\app\\helpers.php:7) at C:\\Users\\AMIN\\Desktop\\bigstore\\app\\helpers.php:9)
[stacktrace]
#0 {main}
"} 
[2026-07-14 18:58:33] local.ERROR: Cannot redeclare province_name() (previously declared in C:\Users\AMIN\Desktop\bigstore\app\helpers.php:7) {"exception":"[object] (Symfony\\Component\\ErrorHandler\\Error\\FatalError(code: 0): Cannot redeclare province_name() (previously declared in C:\\Users\\AMIN\\Desktop\\bigstore\\app\\helpers.php:7) at C:\\Users\\AMIN\\Desktop\\bigstore\\app\\helpers.php:9)
[stacktrace]
#0 {main}
"} 
[2026-07-14 18:59:33] local.ERROR: Cannot redeclare province_name() (previously declared in C:\Users\AMIN\Desktop\bigstore\app\helpers.php:7) {"exception":"[object] (Symfony\\Component\\ErrorHandler\\Error\\FatalError(code: 0): Cannot redeclare province_name() (previously declared in C:\\Users\\AMIN\\Desktop\\bigstore\\app\\helpers.php:7) at C:\\Users\\AMIN\\Desktop\\bigstore\\app\\helpers.php:9)
[stacktrace]
#0 {main}
"} 
[2026-07-14 19:00:32] local.ERROR: Cannot redeclare province_name() (previously declared in C:\Users\AMIN\Desktop\bigstore\app\helpers.php:7) {"exception":"[object] (Symfony\\Component\\ErrorHandler\\Error\\FatalError(code: 0): Cannot redeclare province_name() (previously declared in C:\\Users\\AMIN\\Desktop\\bigstore\\app\\helpers.php:7) at C:\\Users\\AMIN\\Desktop\\bigstore\\app\\helpers.php:9)
[stacktrace]
#0 {main}
"} 
[2026-07-14 19:01:33] local.ERROR: Cannot redeclare province_name() (previously declared in C:\Users\AMIN\Desktop\bigstore\app\helpers.php:7) {"exception":"[object] (Symfony\\Component\\ErrorHandler\\Error\\FatalError(code: 0): Cannot redeclare province_name() (previously declared in C:\\Users\\AMIN\\Desktop\\bigstore\\app\\helpers.php:7) at C:\\Users\\AMIN\\Desktop\\bigstore\\app\\helpers.php:9)
[stacktrace]
#0 {main}
"} 
[2026-07-14 19:02:33] local.ERROR: Cannot redeclare province_name() (previously declared in C:\Users\AMIN\Desktop\bigstore\app\helpers.php:7) {"exception":"[object] (Symfony\\Component\\ErrorHandler\\Error\\FatalError(code: 0): Cannot redeclare province_name() (previously declared in C:\\Users\\AMIN\\Desktop\\bigstore\\app\\helpers.php:7) at C:\\Users\\AMIN\\Desktop\\bigstore\\app\\helpers.php:9)
[stacktrace]
#0 {main}
"} 
[2026-07-14 19:03:33] local.ERROR: Cannot redeclare province_name() (previously declared in C:\Users\AMIN\Desktop\bigstore\app\helpers.php:7) {"exception":"[object] (Symfony\\Component\\ErrorHandler\\Error\\FatalError(code: 0): Cannot redeclare province_name() (previously declared in C:\\Users\\AMIN\\Desktop\\bigstore\\app\\helpers.php:7) at C:\\Users\\AMIN\\Desktop\\bigstore\\app\\helpers.php:9)
[stacktrace]
#0 {main}
"} 
[2026-07-14 19:04:32] local.ERROR: Cannot redeclare province_name() (previously declared in C:\Users\AMIN\Desktop\bigstore\app\helpers.php:7) {"exception":"[object] (Symfony\\Component\\ErrorHandler\\Error\\FatalError(code: 0): Cannot redeclare province_name() (previously declared in C:\\Users\\AMIN\\Desktop\\bigstore\\app\\helpers.php:7) at C:\\Users\\AMIN\\Desktop\\bigstore\\app\\helpers.php:9)
[stacktrace]
#0 {main}
"} 
[2026-07-14 19:05:32] local.ERROR: Cannot redeclare province_name() (previously declared in C:\Users\AMIN\Desktop\bigstore\app\helpers.php:7) {"exception":"[object] (Symfony\\Component\\ErrorHandler\\Error\\FatalError(code: 0): Cannot redeclare province_name() (previously declared in C:\\Users\\AMIN\\Desktop\\bigstore\\app\\helpers.php:7) at C:\\Users\\AMIN\\Desktop\\bigstore\\app\\helpers.php:9)
[stacktrace]
#0 {main}
"} 
[2026-07-14 19:06:32] local.ERROR: Cannot redeclare province_name() (previously declared in C:\Users\AMIN\Desktop\bigstore\app\helpers.php:7) {"exception":"[object] (Symfony\\Component\\ErrorHandler\\Error\\FatalError(code: 0): Cannot redeclare province_name() (previously declared in C:\\Users\\AMIN\\Desktop\\bigstore\\app\\helpers.php:7) at C:\\Users\\AMIN\\Desktop\\bigstore\\app\\helpers.php:9)
[stacktrace]
#0 {main}
"} 
[2026-07-14 19:07:32] local.ERROR: Cannot redeclare province_name() (previously declared in C:\Users\AMIN\Desktop\bigstore\app\helpers.php:7) {"exception":"[object] (Symfony\\Component\\ErrorHandler\\Error\\FatalError(code: 0): Cannot redeclare province_name() (previously declared in C:\\Users\\AMIN\\Desktop\\bigstore\\app\\helpers.php:7) at C:\\Users\\AMIN\\Desktop\\bigstore\\app\\helpers.php:9)
[stacktrace]
#0 {main}
"} 
[2026-07-14 19:08:32] local.ERROR: Cannot redeclare province_name() (previously declared in C:\Users\AMIN\Desktop\bigstore\app\helpers.php:7) {"exception":"[object] (Symfony\\Component\\ErrorHandler\\Error\\FatalError(code: 0): Cannot redeclare province_name() (previously declared in C:\\Users\\AMIN\\Desktop\\bigstore\\app\\helpers.php:7) at C:\\Users\\AMIN\\Desktop\\bigstore\\app\\helpers.php:9)
[stacktrace]
#0 {main}
"} 
[2026-07-14 19:09:33] local.ERROR: Cannot redeclare province_name() (previously declared in C:\Users\AMIN\Desktop\bigstore\app\helpers.php:7) {"exception":"[object] (Symfony\\Component\\ErrorHandler\\Error\\FatalError(code: 0): Cannot redeclare province_name() (previously declared in C:\\Users\\AMIN\\Desktop\\bigstore\\app\\helpers.php:7) at C:\\Users\\AMIN\\Desktop\\bigstore\\app\\helpers.php:9)
[stacktrace]
#0 {main}
"} 
[2026-07-14 19:10:33] local.ERROR: Cannot redeclare province_name() (previously declared in C:\Users\AMIN\Desktop\bigstore\app\helpers.php:7) {"exception":"[object] (Symfony\\Component\\ErrorHandler\\Error\\FatalError(code: 0): Cannot redeclare province_name() (previously declared in C:\\Users\\AMIN\\Desktop\\bigstore\\app\\helpers.php:7) at C:\\Users\\AMIN\\Desktop\\bigstore\\app\\helpers.php:9)
[stacktrace]
#0 {main}
"} 
[2026-07-14 19:11:33] local.ERROR: Cannot redeclare province_name() (previously declared in C:\Users\AMIN\Desktop\bigstore\app\helpers.php:7) {"exception":"[object] (Symfony\\Component\\ErrorHandler\\Error\\FatalError(code: 0): Cannot redeclare province_name() (previously declared in C:\\Users\\AMIN\\Desktop\\bigstore\\app\\helpers.php:7) at C:\\Users\\AMIN\\Desktop\\bigstore\\app\\helpers.php:9)
[stacktrace]
#0 {main}
"} 
[2026-07-14 19:12:33] local.ERROR: Cannot redeclare province_name() (previously declared in C:\Users\AMIN\Desktop\bigstore\app\helpers.php:7) {"exception":"[object] (Symfony\\Component\\ErrorHandler\\Error\\FatalError(code: 0): Cannot redeclare province_name() (previously declared in C:\\Users\\AMIN\\Desktop\\bigstore\\app\\helpers.php:7) at C:\\Users\\AMIN\\Desktop\\bigstore\\app\\helpers.php:9)
[stacktrace]
#0 {main}
"} 
[2026-07-14 19:13:33] local.ERROR: Cannot redeclare province_name() (previously declared in C:\Users\AMIN\Desktop\bigstore\app\helpers.php:7) {"exception":"[object] (Symfony\\Component\\ErrorHandler\\Error\\FatalError(code: 0): Cannot redeclare province_name() (previously declared in C:\\Users\\AMIN\\Desktop\\bigstore\\app\\helpers.php:7) at C:\\Users\\AMIN\\Desktop\\bigstore\\app\\helpers.php:9)
[stacktrace]
#0 {main}
"} 
[2026-07-14 19:14:33] local.ERROR: Cannot redeclare province_name() (previously declared in C:\Users\AMIN\Desktop\bigstore\app\helpers.php:7) {"exception":"[object] (Symfony\\Component\\ErrorHandler\\Error\\FatalError(code: 0): Cannot redeclare province_name() (previously declared in C:\\Users\\AMIN\\Desktop\\bigstore\\app\\helpers.php:7) at C:\\Users\\AMIN\\Desktop\\bigstore\\app\\helpers.php:9)
[stacktrace]
#0 {main}
"} 
[2026-07-14 19:15:34] local.ERROR: Cannot redeclare province_name() (previously declared in C:\Users\AMIN\Desktop\bigstore\app\helpers.php:7) {"exception":"[object] (Symfony\\Component\\ErrorHandler\\Error\\FatalError(code: 0): Cannot redeclare province_name() (previously declared in C:\\Users\\AMIN\\Desktop\\bigstore\\app\\helpers.php:7) at C:\\Users\\AMIN\\Desktop\\bigstore\\app\\helpers.php:9)
[stacktrace]
#0 {main}
"} 
[2026-07-14 19:16:33] local.ERROR: Cannot redeclare province_name() (previously declared in C:\Users\AMIN\Desktop\bigstore\app\helpers.php:7) {"exception":"[object] (Symfony\\Component\\ErrorHandler\\Error\\FatalError(code: 0): Cannot redeclare province_name() (previously declared in C:\\Users\\AMIN\\Desktop\\bigstore\\app\\helpers.php:7) at C:\\Users\\AMIN\\Desktop\\bigstore\\app\\helpers.php:9)
[stacktrace]
#0 {main}
"} 
[2026-07-14 19:17:33] local.ERROR: Cannot redeclare province_name() (previously declared in C:\Users\AMIN\Desktop\bigstore\app\helpers.php:7) {"exception":"[object] (Symfony\\Component\\ErrorHandler\\Error\\FatalError(code: 0): Cannot redeclare province_name() (previously declared in C:\\Users\\AMIN\\Desktop\\bigstore\\app\\helpers.php:7) at C:\\Users\\AMIN\\Desktop\\bigstore\\app\\helpers.php:9)
[stacktrace]
#0 {main}
"} 
[2026-07-14 19:18:34] local.ERROR: Cannot redeclare province_name() (previously declared in C:\Users\AMIN\Desktop\bigstore\app\helpers.php:7) {"exception":"[object] (Symfony\\Component\\ErrorHandler\\Error\\FatalError(code: 0): Cannot redeclare province_name() (previously declared in C:\\Users\\AMIN\\Desktop\\bigstore\\app\\helpers.php:7) at C:\\Users\\AMIN\\Desktop\\bigstore\\app\\helpers.php:9)
[stacktrace]
#0 {main}
"} 
[2026-07-14 19:19:34] local.ERROR: Cannot redeclare province_name() (previously declared in C:\Users\AMIN\Desktop\bigstore\app\helpers.php:7) {"exception":"[object] (Symfony\\Component\\ErrorHandler\\Error\\FatalError(code: 0): Cannot redeclare province_name() (previously declared in C:\\Users\\AMIN\\Desktop\\bigstore\\app\\helpers.php:7) at C:\\Users\\AMIN\\Desktop\\bigstore\\app\\helpers.php:9)
[stacktrace]
#0 {main}
"} 
[2026-07-14 19:20:36] local.ERROR: Cannot redeclare province_name() (previously declared in C:\Users\AMIN\Desktop\bigstore\app\helpers.php:7) {"exception":"[object] (Symfony\\Component\\ErrorHandler\\Error\\FatalError(code: 0): Cannot redeclare province_name() (previously declared in C:\\Users\\AMIN\\Desktop\\bigstore\\app\\helpers.php:7) at C:\\Users\\AMIN\\Desktop\\bigstore\\app\\helpers.php:9)
[stacktrace]
#0 {main}
"} 
[2026-07-14 19:21:34] local.ERROR: Cannot redeclare province_name() (previously declared in C:\Users\AMIN\Desktop\bigstore\app\helpers.php:7) {"exception":"[object] (Symfony\\Component\\ErrorHandler\\Error\\FatalError(code: 0): Cannot redeclare province_name() (previously declared in C:\\Users\\AMIN\\Desktop\\bigstore\\app\\helpers.php:7) at C:\\Users\\AMIN\\Desktop\\bigstore\\app\\helpers.php:9)
[stacktrace]
#0 {main}
"} 
[2026-07-14 19:22:34] local.ERROR: Cannot redeclare province_name() (previously declared in C:\Users\AMIN\Desktop\bigstore\app\helpers.php:7) {"exception":"[object] (Symfony\\Component\\ErrorHandler\\Error\\FatalError(code: 0): Cannot redeclare province_name() (previously declared in C:\\Users\\AMIN\\Desktop\\bigstore\\app\\helpers.php:7) at C:\\Users\\AMIN\\Desktop\\bigstore\\app\\helpers.php:9)
[stacktrace]
#0 {main}
"} 
[2026-07-14 19:23:34] local.ERROR: Cannot redeclare province_name() (previously declared in C:\Users\AMIN\Desktop\bigstore\app\helpers.php:7) {"exception":"[object] (Symfony\\Component\\ErrorHandler\\Error\\FatalError(code: 0): Cannot redeclare province_name() (previously declared in C:\\Users\\AMIN\\Desktop\\bigstore\\app\\helpers.php:7) at C:\\Users\\AMIN\\Desktop\\bigstore\\app\\helpers.php:9)
[stacktrace]
#0 {main}
"} 
[2026-07-14 19:24:34] local.ERROR: Cannot redeclare province_name() (previously declared in C:\Users\AMIN\Desktop\bigstore\app\helpers.php:7) {"exception":"[object] (Symfony\\Component\\ErrorHandler\\Error\\FatalError(code: 0): Cannot redeclare province_name() (previously declared in C:\\Users\\AMIN\\Desktop\\bigstore\\app\\helpers.php:7) at C:\\Users\\AMIN\\Desktop\\bigstore\\app\\helpers.php:9)
[stacktrace]
#0 {main}
"} 
[2026-07-14 19:25:34] local.ERROR: Cannot redeclare province_name() (previously declared in C:\Users\AMIN\Desktop\bigstore\app\helpers.php:7) {"exception":"[object] (Symfony\\Component\\ErrorHandler\\Error\\FatalError(code: 0): Cannot redeclare province_name() (previously declared in C:\\Users\\AMIN\\Desktop\\bigstore\\app\\helpers.php:7) at C:\\Users\\AMIN\\Desktop\\bigstore\\app\\helpers.php:9)
[stacktrace]
#0 {main}
"} 
[2026-07-14 19:26:34] local.ERROR: Cannot redeclare province_name() (previously declared in C:\Users\AMIN\Desktop\bigstore\app\helpers.php:7) {"exception":"[object] (Symfony\\Component\\ErrorHandler\\Error\\FatalError(code: 0): Cannot redeclare province_name() (previously declared in C:\\Users\\AMIN\\Desktop\\bigstore\\app\\helpers.php:7) at C:\\Users\\AMIN\\Desktop\\bigstore\\app\\helpers.php:9)
[stacktrace]
#0 {main}
"} 
[2026-07-14 19:27:33] local.ERROR: Cannot redeclare province_name() (previously declared in C:\Users\AMIN\Desktop\bigstore\app\helpers.php:7) {"exception":"[object] (Symfony\\Component\\ErrorHandler\\Error\\FatalError(code: 0): Cannot redeclare province_name() (previously declared in C:\\Users\\AMIN\\Desktop\\bigstore\\app\\helpers.php:7) at C:\\Users\\AMIN\\Desktop\\bigstore\\app\\helpers.php:9)
[stacktrace]
#0 {main}
"} 
[2026-07-14 19:28:33] local.ERROR: Cannot redeclare province_name() (previously declared in C:\Users\AMIN\Desktop\bigstore\app\helpers.php:7) {"exception":"[object] (Symfony\\Component\\ErrorHandler\\Error\\FatalError(code: 0): Cannot redeclare province_name() (previously declared in C:\\Users\\AMIN\\Desktop\\bigstore\\app\\helpers.php:7) at C:\\Users\\AMIN\\Desktop\\bigstore\\app\\helpers.php:9)
[stacktrace]
#0 {main}
"} 
[2026-07-14 19:29:33] local.ERROR: Cannot redeclare province_name() (previously declared in C:\Users\AMIN\Desktop\bigstore\app\helpers.php:7) {"exception":"[object] (Symfony\\Component\\ErrorHandler\\Error\\FatalError(code: 0): Cannot redeclare province_name() (previously declared in C:\\Users\\AMIN\\Desktop\\bigstore\\app\\helpers.php:7) at C:\\Users\\AMIN\\Desktop\\bigstore\\app\\helpers.php:9)
[stacktrace]
#0 {main}
"} 
[2026-07-14 19:30:34] local.ERROR: Cannot redeclare province_name() (previously declared in C:\Users\AMIN\Desktop\bigstore\app\helpers.php:7) {"exception":"[object] (Symfony\\Component\\ErrorHandler\\Error\\FatalError(code: 0): Cannot redeclare province_name() (previously declared in C:\\Users\\AMIN\\Desktop\\bigstore\\app\\helpers.php:7) at C:\\Users\\AMIN\\Desktop\\bigstore\\app\\helpers.php:9)
[stacktrace]
#0 {main}
"} 
[2026-07-14 19:31:34] local.ERROR: Cannot redeclare province_name() (previously declared in C:\Users\AMIN\Desktop\bigstore\app\helpers.php:7) {"exception":"[object] (Symfony\\Component\\ErrorHandler\\Error\\FatalError(code: 0): Cannot redeclare province_name() (previously declared in C:\\Users\\AMIN\\Desktop\\bigstore\\app\\helpers.php:7) at C:\\Users\\AMIN\\Desktop\\bigstore\\app\\helpers.php:9)
[stacktrace]
#0 {main}
"} 
[2026-07-14 19:32:33] local.ERROR: Cannot redeclare province_name() (previously declared in C:\Users\AMIN\Desktop\bigstore\app\helpers.php:7) {"exception":"[object] (Symfony\\Component\\ErrorHandler\\Error\\FatalError(code: 0): Cannot redeclare province_name() (previously declared in C:\\Users\\AMIN\\Desktop\\bigstore\\app\\helpers.php:7) at C:\\Users\\AMIN\\Desktop\\bigstore\\app\\helpers.php:9)
[stacktrace]
#0 {main}
"} 
[2026-07-14 19:33:34] local.ERROR: Cannot redeclare province_name() (previously declared in C:\Users\AMIN\Desktop\bigstore\app\helpers.php:7) {"exception":"[object] (Symfony\\Component\\ErrorHandler\\Error\\FatalError(code: 0): Cannot redeclare province_name() (previously declared in C:\\Users\\AMIN\\Desktop\\bigstore\\app\\helpers.php:7) at C:\\Users\\AMIN\\Desktop\\bigstore\\app\\helpers.php:9)
[stacktrace]
#0 {main}
"} 
[2026-07-14 19:34:33] local.ERROR: Cannot redeclare province_name() (previously declared in C:\Users\AMIN\Desktop\bigstore\app\helpers.php:7) {"exception":"[object] (Symfony\\Component\\ErrorHandler\\Error\\FatalError(code: 0): Cannot redeclare province_name() (previously declared in C:\\Users\\AMIN\\Desktop\\bigstore\\app\\helpers.php:7) at C:\\Users\\AMIN\\Desktop\\bigstore\\app\\helpers.php:9)
[stacktrace]
#0 {main}
"} 
[2026-07-14 19:35:34] local.ERROR: Cannot redeclare province_name() (previously declared in C:\Users\AMIN\Desktop\bigstore\app\helpers.php:7) {"exception":"[object] (Symfony\\Component\\ErrorHandler\\Error\\FatalError(code: 0): Cannot redeclare province_name() (previously declared in C:\\Users\\AMIN\\Desktop\\bigstore\\app\\helpers.php:7) at C:\\Users\\AMIN\\Desktop\\bigstore\\app\\helpers.php:9)
[stacktrace]
#0 {main}
"} 
[2026-07-14 19:36:33] local.ERROR: Cannot redeclare province_name() (previously declared in C:\Users\AMIN\Desktop\bigstore\app\helpers.php:7) {"exception":"[object] (Symfony\\Component\\ErrorHandler\\Error\\FatalError(code: 0): Cannot redeclare province_name() (previously declared in C:\\Users\\AMIN\\Desktop\\bigstore\\app\\helpers.php:7) at C:\\Users\\AMIN\\Desktop\\bigstore\\app\\helpers.php:9)
[stacktrace]
#0 {main}
"} 
[2026-07-14 19:37:34] local.ERROR: Cannot redeclare province_name() (previously declared in C:\Users\AMIN\Desktop\bigstore\app\helpers.php:7) {"exception":"[object] (Symfony\\Component\\ErrorHandler\\Error\\FatalError(code: 0): Cannot redeclare province_name() (previously declared in C:\\Users\\AMIN\\Desktop\\bigstore\\app\\helpers.php:7) at C:\\Users\\AMIN\\Desktop\\bigstore\\app\\helpers.php:9)
[stacktrace]
#0 {main}
"} 
[2026-07-14 19:38:33] local.ERROR: Cannot redeclare province_name() (previously declared in C:\Users\AMIN\Desktop\bigstore\app\helpers.php:7) {"exception":"[object] (Symfony\\Component\\ErrorHandler\\Error\\FatalError(code: 0): Cannot redeclare province_name() (previously declared in C:\\Users\\AMIN\\Desktop\\bigstore\\app\\helpers.php:7) at C:\\Users\\AMIN\\Desktop\\bigstore\\app\\helpers.php:9)
[stacktrace]
#0 {main}
"} 
[2026-07-14 19:39:33] local.ERROR: Cannot redeclare province_name() (previously declared in C:\Users\AMIN\Desktop\bigstore\app\helpers.php:7) {"exception":"[object] (Symfony\\Component\\ErrorHandler\\Error\\FatalError(code: 0): Cannot redeclare province_name() (previously declared in C:\\Users\\AMIN\\Desktop\\bigstore\\app\\helpers.php:7) at C:\\Users\\AMIN\\Desktop\\bigstore\\app\\helpers.php:9)
[stacktrace]
#0 {main}
"} 
[2026-07-14 19:40:33] local.ERROR: Cannot redeclare province_name() (previously declared in C:\Users\AMIN\Desktop\bigstore\app\helpers.php:7) {"exception":"[object] (Symfony\\Component\\ErrorHandler\\Error\\FatalError(code: 0): Cannot redeclare province_name() (previously declared in C:\\Users\\AMIN\\Desktop\\bigstore\\app\\helpers.php:7) at C:\\Users\\AMIN\\Desktop\\bigstore\\app\\helpers.php:9)
[stacktrace]
#0 {main}
"} 
[2026-07-14 19:41:33] local.ERROR: Cannot redeclare province_name() (previously declared in C:\Users\AMIN\Desktop\bigstore\app\helpers.php:7) {"exception":"[object] (Symfony\\Component\\ErrorHandler\\Error\\FatalError(code: 0): Cannot redeclare province_name() (previously declared in C:\\Users\\AMIN\\Desktop\\bigstore\\app\\helpers.php:7) at C:\\Users\\AMIN\\Desktop\\bigstore\\app\\helpers.php:9)
[stacktrace]
#0 {main}
"} 
[2026-07-14 19:42:33] local.ERROR: Cannot redeclare province_name() (previously declared in C:\Users\AMIN\Desktop\bigstore\app\helpers.php:7) {"exception":"[object] (Symfony\\Component\\ErrorHandler\\Error\\FatalError(code: 0): Cannot redeclare province_name() (previously declared in C:\\Users\\AMIN\\Desktop\\bigstore\\app\\helpers.php:7) at C:\\Users\\AMIN\\Desktop\\bigstore\\app\\helpers.php:9)
[stacktrace]
#0 {main}
"} 
[2026-07-14 19:43:33] local.ERROR: Cannot redeclare province_name() (previously declared in C:\Users\AMIN\Desktop\bigstore\app\helpers.php:7) {"exception":"[object] (Symfony\\Component\\ErrorHandler\\Error\\FatalError(code: 0): Cannot redeclare province_name() (previously declared in C:\\Users\\AMIN\\Desktop\\bigstore\\app\\helpers.php:7) at C:\\Users\\AMIN\\Desktop\\bigstore\\app\\helpers.php:9)
[stacktrace]
#0 {main}
"} 
[2026-07-14 19:44:34] local.ERROR: Cannot redeclare province_name() (previously declared in C:\Users\AMIN\Desktop\bigstore\app\helpers.php:7) {"exception":"[object] (Symfony\\Component\\ErrorHandler\\Error\\FatalError(code: 0): Cannot redeclare province_name() (previously declared in C:\\Users\\AMIN\\Desktop\\bigstore\\app\\helpers.php:7) at C:\\Users\\AMIN\\Desktop\\bigstore\\app\\helpers.php:9)
[stacktrace]
#0 {main}
"} 
[2026-07-14 19:45:34] local.ERROR: Cannot redeclare province_name() (previously declared in C:\Users\AMIN\Desktop\bigstore\app\helpers.php:7) {"exception":"[object] (Symfony\\Component\\ErrorHandler\\Error\\FatalError(code: 0): Cannot redeclare province_name() (previously declared in C:\\Users\\AMIN\\Desktop\\bigstore\\app\\helpers.php:7) at C:\\Users\\AMIN\\Desktop\\bigstore\\app\\helpers.php:9)
[stacktrace]
#0 {main}
"} 
[2026-07-14 19:46:34] local.ERROR: Cannot redeclare province_name() (previously declared in C:\Users\AMIN\Desktop\bigstore\app\helpers.php:7) {"exception":"[object] (Symfony\\Component\\ErrorHandler\\Error\\FatalError(code: 0): Cannot redeclare province_name() (previously declared in C:\\Users\\AMIN\\Desktop\\bigstore\\app\\helpers.php:7) at C:\\Users\\AMIN\\Desktop\\bigstore\\app\\helpers.php:9)
[stacktrace]
#0 {main}
"} 
[2026-07-14 19:47:34] local.ERROR: Cannot redeclare province_name() (previously declared in C:\Users\AMIN\Desktop\bigstore\app\helpers.php:7) {"exception":"[object] (Symfony\\Component\\ErrorHandler\\Error\\FatalError(code: 0): Cannot redeclare province_name() (previously declared in C:\\Users\\AMIN\\Desktop\\bigstore\\app\\helpers.php:7) at C:\\Users\\AMIN\\Desktop\\bigstore\\app\\helpers.php:9)
[stacktrace]
#0 {main}
"} 
[2026-07-14 19:48:33] local.ERROR: Cannot redeclare province_name() (previously declared in C:\Users\AMIN\Desktop\bigstore\app\helpers.php:7) {"exception":"[object] (Symfony\\Component\\ErrorHandler\\Error\\FatalError(code: 0): Cannot redeclare province_name() (previously declared in C:\\Users\\AMIN\\Desktop\\bigstore\\app\\helpers.php:7) at C:\\Users\\AMIN\\Desktop\\bigstore\\app\\helpers.php:9)
[stacktrace]
#0 {main}
"} 
[2026-07-14 19:49:33] local.ERROR: Cannot redeclare province_name() (previously declared in C:\Users\AMIN\Desktop\bigstore\app\helpers.php:7) {"exception":"[object] (Symfony\\Component\\ErrorHandler\\Error\\FatalError(code: 0): Cannot redeclare province_name() (previously declared in C:\\Users\\AMIN\\Desktop\\bigstore\\app\\helpers.php:7) at C:\\Users\\AMIN\\Desktop\\bigstore\\app\\helpers.php:9)
[stacktrace]
#0 {main}
"} 
[2026-07-14 19:50:33] local.ERROR: Cannot redeclare province_name() (previously declared in C:\Users\AMIN\Desktop\bigstore\app\helpers.php:7) {"exception":"[object] (Symfony\\Component\\ErrorHandler\\Error\\FatalError(code: 0): Cannot redeclare province_name() (previously declared in C:\\Users\\AMIN\\Desktop\\bigstore\\app\\helpers.php:7) at C:\\Users\\AMIN\\Desktop\\bigstore\\app\\helpers.php:9)
[stacktrace]
#0 {main}
"} 
[2026-07-14 19:51:33] local.ERROR: Cannot redeclare province_name() (previously declared in C:\Users\AMIN\Desktop\bigstore\app\helpers.php:7) {"exception":"[object] (Symfony\\Component\\ErrorHandler\\Error\\FatalError(code: 0): Cannot redeclare province_name() (previously declared in C:\\Users\\AMIN\\Desktop\\bigstore\\app\\helpers.php:7) at C:\\Users\\AMIN\\Desktop\\bigstore\\app\\helpers.php:9)
[stacktrace]
#0 {main}
"} 
[2026-07-14 19:52:33] local.ERROR: Cannot redeclare province_name() (previously declared in C:\Users\AMIN\Desktop\bigstore\app\helpers.php:7) {"exception":"[object] (Symfony\\Component\\ErrorHandler\\Error\\FatalError(code: 0): Cannot redeclare province_name() (previously declared in C:\\Users\\AMIN\\Desktop\\bigstore\\app\\helpers.php:7) at C:\\Users\\AMIN\\Desktop\\bigstore\\app\\helpers.php:9)
[stacktrace]
#0 {main}
"} 
[2026-07-14 19:53:33] local.ERROR: Cannot redeclare province_name() (previously declared in C:\Users\AMIN\Desktop\bigstore\app\helpers.php:7) {"exception":"[object] (Symfony\\Component\\ErrorHandler\\Error\\FatalError(code: 0): Cannot redeclare province_name() (previously declared in C:\\Users\\AMIN\\Desktop\\bigstore\\app\\helpers.php:7) at C:\\Users\\AMIN\\Desktop\\bigstore\\app\\helpers.php:9)
[stacktrace]
#0 {main}
"} 
[2026-07-14 19:54:33] local.ERROR: Cannot redeclare province_name() (previously declared in C:\Users\AMIN\Desktop\bigstore\app\helpers.php:7) {"exception":"[object] (Symfony\\Component\\ErrorHandler\\Error\\FatalError(code: 0): Cannot redeclare province_name() (previously declared in C:\\Users\\AMIN\\Desktop\\bigstore\\app\\helpers.php:7) at C:\\Users\\AMIN\\Desktop\\bigstore\\app\\helpers.php:9)
[stacktrace]
#0 {main}
"} 
[2026-07-14 19:55:33] local.ERROR: Cannot redeclare province_name() (previously declared in C:\Users\AMIN\Desktop\bigstore\app\helpers.php:7) {"exception":"[object] (Symfony\\Component\\ErrorHandler\\Error\\FatalError(code: 0): Cannot redeclare province_name() (previously declared in C:\\Users\\AMIN\\Desktop\\bigstore\\app\\helpers.php:7) at C:\\Users\\AMIN\\Desktop\\bigstore\\app\\helpers.php:9)
[stacktrace]
#0 {main}
"} 
[2026-07-14 19:56:33] local.ERROR: Cannot redeclare province_name() (previously declared in C:\Users\AMIN\Desktop\bigstore\app\helpers.php:7) {"exception":"[object] (Symfony\\Component\\ErrorHandler\\Error\\FatalError(code: 0): Cannot redeclare province_name() (previously declared in C:\\Users\\AMIN\\Desktop\\bigstore\\app\\helpers.php:7) at C:\\Users\\AMIN\\Desktop\\bigstore\\app\\helpers.php:9)
[stacktrace]
#0 {main}
"} 
[2026-07-14 19:57:33] local.ERROR: Cannot redeclare province_name() (previously declared in C:\Users\AMIN\Desktop\bigstore\app\helpers.php:7) {"exception":"[object] (Symfony\\Component\\ErrorHandler\\Error\\FatalError(code: 0): Cannot redeclare province_name() (previously declared in C:\\Users\\AMIN\\Desktop\\bigstore\\app\\helpers.php:7) at C:\\Users\\AMIN\\Desktop\\bigstore\\app\\helpers.php:9)
[stacktrace]
#0 {main}
"} 
[2026-07-14 19:58:33] local.ERROR: Cannot redeclare province_name() (previously declared in C:\Users\AMIN\Desktop\bigstore\app\helpers.php:7) {"exception":"[object] (Symfony\\Component\\ErrorHandler\\Error\\FatalError(code: 0): Cannot redeclare province_name() (previously declared in C:\\Users\\AMIN\\Desktop\\bigstore\\app\\helpers.php:7) at C:\\Users\\AMIN\\Desktop\\bigstore\\app\\helpers.php:9)
[stacktrace]
#0 {main}
"} 
[2026-07-14 19:59:33] local.ERROR: Cannot redeclare province_name() (previously declared in C:\Users\AMIN\Desktop\bigstore\app\helpers.php:7) {"exception":"[object] (Symfony\\Component\\ErrorHandler\\Error\\FatalError(code: 0): Cannot redeclare province_name() (previously declared in C:\\Users\\AMIN\\Desktop\\bigstore\\app\\helpers.php:7) at C:\\Users\\AMIN\\Desktop\\bigstore\\app\\helpers.php:9)
[stacktrace]
#0 {main}
"} 
[2026-07-14 20:00:33] local.ERROR: Cannot redeclare province_name() (previously declared in C:\Users\AMIN\Desktop\bigstore\app\helpers.php:7) {"exception":"[object] (Symfony\\Component\\ErrorHandler\\Error\\FatalError(code: 0): Cannot redeclare province_name() (previously declared in C:\\Users\\AMIN\\Desktop\\bigstore\\app\\helpers.php:7) at C:\\Users\\AMIN\\Desktop\\bigstore\\app\\helpers.php:9)
[stacktrace]
#0 {main}
"} 
[2026-07-14 20:01:33] local.ERROR: Cannot redeclare province_name() (previously declared in C:\Users\AMIN\Desktop\bigstore\app\helpers.php:7) {"exception":"[object] (Symfony\\Component\\ErrorHandler\\Error\\FatalError(code: 0): Cannot redeclare province_name() (previously declared in C:\\Users\\AMIN\\Desktop\\bigstore\\app\\helpers.php:7) at C:\\Users\\AMIN\\Desktop\\bigstore\\app\\helpers.php:9)
[stacktrace]
#0 {main}
"} 
[2026-07-14 20:02:33] local.ERROR: Cannot redeclare province_name() (previously declared in C:\Users\AMIN\Desktop\bigstore\app\helpers.php:7) {"exception":"[object] (Symfony\\Component\\ErrorHandler\\Error\\FatalError(code: 0): Cannot redeclare province_name() (previously declared in C:\\Users\\AMIN\\Desktop\\bigstore\\app\\helpers.php:7) at C:\\Users\\AMIN\\Desktop\\bigstore\\app\\helpers.php:9)
[stacktrace]
#0 {main}
"} 
[2026-07-14 20:03:33] local.ERROR: Cannot redeclare province_name() (previously declared in C:\Users\AMIN\Desktop\bigstore\app\helpers.php:7) {"exception":"[object] (Symfony\\Component\\ErrorHandler\\Error\\FatalError(code: 0): Cannot redeclare province_name() (previously declared in C:\\Users\\AMIN\\Desktop\\bigstore\\app\\helpers.php:7) at C:\\Users\\AMIN\\Desktop\\bigstore\\app\\helpers.php:9)
[stacktrace]
#0 {main}
"} 
[2026-07-14 20:04:33] local.ERROR: Cannot redeclare province_name() (previously declared in C:\Users\AMIN\Desktop\bigstore\app\helpers.php:7) {"exception":"[object] (Symfony\\Component\\ErrorHandler\\Error\\FatalError(code: 0): Cannot redeclare province_name() (previously declared in C:\\Users\\AMIN\\Desktop\\bigstore\\app\\helpers.php:7) at C:\\Users\\AMIN\\Desktop\\bigstore\\app\\helpers.php:9)
[stacktrace]
#0 {main}
"} 
[2026-07-14 20:05:33] local.ERROR: Cannot redeclare province_name() (previously declared in C:\Users\AMIN\Desktop\bigstore\app\helpers.php:7) {"exception":"[object] (Symfony\\Component\\ErrorHandler\\Error\\FatalError(code: 0): Cannot redeclare province_name() (previously declared in C:\\Users\\AMIN\\Desktop\\bigstore\\app\\helpers.php:7) at C:\\Users\\AMIN\\Desktop\\bigstore\\app\\helpers.php:9)
[stacktrace]
#0 {main}
"} 
[2026-07-14 20:06:33] local.ERROR: Cannot redeclare province_name() (previously declared in C:\Users\AMIN\Desktop\bigstore\app\helpers.php:7) {"exception":"[object] (Symfony\\Component\\ErrorHandler\\Error\\FatalError(code: 0): Cannot redeclare province_name() (previously declared in C:\\Users\\AMIN\\Desktop\\bigstore\\app\\helpers.php:7) at C:\\Users\\AMIN\\Desktop\\bigstore\\app\\helpers.php:9)
[stacktrace]
#0 {main}
"} 
[2026-07-14 20:07:33] local.ERROR: Cannot redeclare province_name() (previously declared in C:\Users\AMIN\Desktop\bigstore\app\helpers.php:7) {"exception":"[object] (Symfony\\Component\\ErrorHandler\\Error\\FatalError(code: 0): Cannot redeclare province_name() (previously declared in C:\\Users\\AMIN\\Desktop\\bigstore\\app\\helpers.php:7) at C:\\Users\\AMIN\\Desktop\\bigstore\\app\\helpers.php:9)
[stacktrace]
#0 {main}
"} 
[2026-07-14 20:08:33] local.ERROR: Cannot redeclare province_name() (previously declared in C:\Users\AMIN\Desktop\bigstore\app\helpers.php:7) {"exception":"[object] (Symfony\\Component\\ErrorHandler\\Error\\FatalError(code: 0): Cannot redeclare province_name() (previously declared in C:\\Users\\AMIN\\Desktop\\bigstore\\app\\helpers.php:7) at C:\\Users\\AMIN\\Desktop\\bigstore\\app\\helpers.php:9)
[stacktrace]
#0 {main}
"} 
[2026-07-14 20:09:33] local.ERROR: Cannot redeclare province_name() (previously declared in C:\Users\AMIN\Desktop\bigstore\app\helpers.php:7) {"exception":"[object] (Symfony\\Component\\ErrorHandler\\Error\\FatalError(code: 0): Cannot redeclare province_name() (previously declared in C:\\Users\\AMIN\\Desktop\\bigstore\\app\\helpers.php:7) at C:\\Users\\AMIN\\Desktop\\bigstore\\app\\helpers.php:9)
[stacktrace]
#0 {main}
"} 
[2026-07-14 20:10:33] local.ERROR: Cannot redeclare province_name() (previously declared in C:\Users\AMIN\Desktop\bigstore\app\helpers.php:7) {"exception":"[object] (Symfony\\Component\\ErrorHandler\\Error\\FatalError(code: 0): Cannot redeclare province_name() (previously declared in C:\\Users\\AMIN\\Desktop\\bigstore\\app\\helpers.php:7) at C:\\Users\\AMIN\\Desktop\\bigstore\\app\\helpers.php:9)
[stacktrace]
#0 {main}
"} 
[2026-07-14 20:11:33] local.ERROR: Cannot redeclare province_name() (previously declared in C:\Users\AMIN\Desktop\bigstore\app\helpers.php:7) {"exception":"[object] (Symfony\\Component\\ErrorHandler\\Error\\FatalError(code: 0): Cannot redeclare province_name() (previously declared in C:\\Users\\AMIN\\Desktop\\bigstore\\app\\helpers.php:7) at C:\\Users\\AMIN\\Desktop\\bigstore\\app\\helpers.php:9)
[stacktrace]
#0 {main}
"} 
[2026-07-14 20:12:33] local.ERROR: Cannot redeclare province_name() (previously declared in C:\Users\AMIN\Desktop\bigstore\app\helpers.php:7) {"exception":"[object] (Symfony\\Component\\ErrorHandler\\Error\\FatalError(code: 0): Cannot redeclare province_name() (previously declared in C:\\Users\\AMIN\\Desktop\\bigstore\\app\\helpers.php:7) at C:\\Users\\AMIN\\Desktop\\bigstore\\app\\helpers.php:9)
[stacktrace]
#0 {main}
"} 
[2026-07-14 20:13:33] local.ERROR: Cannot redeclare province_name() (previously declared in C:\Users\AMIN\Desktop\bigstore\app\helpers.php:7) {"exception":"[object] (Symfony\\Component\\ErrorHandler\\Error\\FatalError(code: 0): Cannot redeclare province_name() (previously declared in C:\\Users\\AMIN\\Desktop\\bigstore\\app\\helpers.php:7) at C:\\Users\\AMIN\\Desktop\\bigstore\\app\\helpers.php:9)
[stacktrace]
#0 {main}
"} 
[2026-07-14 20:14:33] local.ERROR: Cannot redeclare province_name() (previously declared in C:\Users\AMIN\Desktop\bigstore\app\helpers.php:7) {"exception":"[object] (Symfony\\Component\\ErrorHandler\\Error\\FatalError(code: 0): Cannot redeclare province_name() (previously declared in C:\\Users\\AMIN\\Desktop\\bigstore\\app\\helpers.php:7) at C:\\Users\\AMIN\\Desktop\\bigstore\\app\\helpers.php:9)
[stacktrace]
#0 {main}
"} 
[2026-07-14 20:15:33] local.ERROR: Cannot redeclare province_name() (previously declared in C:\Users\AMIN\Desktop\bigstore\app\helpers.php:7) {"exception":"[object] (Symfony\\Component\\ErrorHandler\\Error\\FatalError(code: 0): Cannot redeclare province_name() (previously declared in C:\\Users\\AMIN\\Desktop\\bigstore\\app\\helpers.php:7) at C:\\Users\\AMIN\\Desktop\\bigstore\\app\\helpers.php:9)
[stacktrace]
#0 {main}
"} 
[2026-07-14 20:16:33] local.ERROR: Cannot redeclare province_name() (previously declared in C:\Users\AMIN\Desktop\bigstore\app\helpers.php:7) {"exception":"[object] (Symfony\\Component\\ErrorHandler\\Error\\FatalError(code: 0): Cannot redeclare province_name() (previously declared in C:\\Users\\AMIN\\Desktop\\bigstore\\app\\helpers.php:7) at C:\\Users\\AMIN\\Desktop\\bigstore\\app\\helpers.php:9)
[stacktrace]
#0 {main}
"} 
[2026-07-14 20:17:33] local.ERROR: Cannot redeclare province_name() (previously declared in C:\Users\AMIN\Desktop\bigstore\app\helpers.php:7) {"exception":"[object] (Symfony\\Component\\ErrorHandler\\Error\\FatalError(code: 0): Cannot redeclare province_name() (previously declared in C:\\Users\\AMIN\\Desktop\\bigstore\\app\\helpers.php:7) at C:\\Users\\AMIN\\Desktop\\bigstore\\app\\helpers.php:9)
[stacktrace]
#0 {main}
"} 
[2026-07-14 20:18:33] local.ERROR: Cannot redeclare province_name() (previously declared in C:\Users\AMIN\Desktop\bigstore\app\helpers.php:7) {"exception":"[object] (Symfony\\Component\\ErrorHandler\\Error\\FatalError(code: 0): Cannot redeclare province_name() (previously declared in C:\\Users\\AMIN\\Desktop\\bigstore\\app\\helpers.php:7) at C:\\Users\\AMIN\\Desktop\\bigstore\\app\\helpers.php:9)
[stacktrace]
#0 {main}
"} 
[2026-07-14 20:19:33] local.ERROR: Cannot redeclare province_name() (previously declared in C:\Users\AMIN\Desktop\bigstore\app\helpers.php:7) {"exception":"[object] (Symfony\\Component\\ErrorHandler\\Error\\FatalError(code: 0): Cannot redeclare province_name() (previously declared in C:\\Users\\AMIN\\Desktop\\bigstore\\app\\helpers.php:7) at C:\\Users\\AMIN\\Desktop\\bigstore\\app\\helpers.php:9)
[stacktrace]
#0 {main}
"} 
[2026-07-14 20:20:33] local.ERROR: Cannot redeclare province_name() (previously declared in C:\Users\AMIN\Desktop\bigstore\app\helpers.php:7) {"exception":"[object] (Symfony\\Component\\ErrorHandler\\Error\\FatalError(code: 0): Cannot redeclare province_name() (previously declared in C:\\Users\\AMIN\\Desktop\\bigstore\\app\\helpers.php:7) at C:\\Users\\AMIN\\Desktop\\bigstore\\app\\helpers.php:9)
[stacktrace]
#0 {main}
"} 
[2026-07-14 20:21:33] local.ERROR: Cannot redeclare province_name() (previously declared in C:\Users\AMIN\Desktop\bigstore\app\helpers.php:7) {"exception":"[object] (Symfony\\Component\\ErrorHandler\\Error\\FatalError(code: 0): Cannot redeclare province_name() (previously declared in C:\\Users\\AMIN\\Desktop\\bigstore\\app\\helpers.php:7) at C:\\Users\\AMIN\\Desktop\\bigstore\\app\\helpers.php:9)
[stacktrace]
#0 {main}
"} 
[2026-07-14 20:22:33] local.ERROR: Cannot redeclare province_name() (previously declared in C:\Users\AMIN\Desktop\bigstore\app\helpers.php:7) {"exception":"[object] (Symfony\\Component\\ErrorHandler\\Error\\FatalError(code: 0): Cannot redeclare province_name() (previously declared in C:\\Users\\AMIN\\Desktop\\bigstore\\app\\helpers.php:7) at C:\\Users\\AMIN\\Desktop\\bigstore\\app\\helpers.php:9)
[stacktrace]
#0 {main}
"} 
[2026-07-14 20:23:33] local.ERROR: Cannot redeclare province_name() (previously declared in C:\Users\AMIN\Desktop\bigstore\app\helpers.php:7) {"exception":"[object] (Symfony\\Component\\ErrorHandler\\Error\\FatalError(code: 0): Cannot redeclare province_name() (previously declared in C:\\Users\\AMIN\\Desktop\\bigstore\\app\\helpers.php:7) at C:\\Users\\AMIN\\Desktop\\bigstore\\app\\helpers.php:9)
[stacktrace]
#0 {main}
"} 
[2026-07-14 20:24:33] local.ERROR: Cannot redeclare province_name() (previously declared in C:\Users\AMIN\Desktop\bigstore\app\helpers.php:7) {"exception":"[object] (Symfony\\Component\\ErrorHandler\\Error\\FatalError(code: 0): Cannot redeclare province_name() (previously declared in C:\\Users\\AMIN\\Desktop\\bigstore\\app\\helpers.php:7) at C:\\Users\\AMIN\\Desktop\\bigstore\\app\\helpers.php:9)
[stacktrace]
#0 {main}
"} 
[2026-07-14 20:25:33] local.ERROR: Cannot redeclare province_name() (previously declared in C:\Users\AMIN\Desktop\bigstore\app\helpers.php:7) {"exception":"[object] (Symfony\\Component\\ErrorHandler\\Error\\FatalError(code: 0): Cannot redeclare province_name() (previously declared in C:\\Users\\AMIN\\Desktop\\bigstore\\app\\helpers.php:7) at C:\\Users\\AMIN\\Desktop\\bigstore\\app\\helpers.php:9)
[stacktrace]
#0 {main}
"} 
[2026-07-14 20:26:33] local.ERROR: Cannot redeclare province_name() (previously declared in C:\Users\AMIN\Desktop\bigstore\app\helpers.php:7) {"exception":"[object] (Symfony\\Component\\ErrorHandler\\Error\\FatalError(code: 0): Cannot redeclare province_name() (previously declared in C:\\Users\\AMIN\\Desktop\\bigstore\\app\\helpers.php:7) at C:\\Users\\AMIN\\Desktop\\bigstore\\app\\helpers.php:9)
[stacktrace]
#0 {main}
"} 
[2026-07-14 20:27:33] local.ERROR: Cannot redeclare province_name() (previously declared in C:\Users\AMIN\Desktop\bigstore\app\helpers.php:7) {"exception":"[object] (Symfony\\Component\\ErrorHandler\\Error\\FatalError(code: 0): Cannot redeclare province_name() (previously declared in C:\\Users\\AMIN\\Desktop\\bigstore\\app\\helpers.php:7) at C:\\Users\\AMIN\\Desktop\\bigstore\\app\\helpers.php:9)
[stacktrace]
#0 {main}
"} 
[2026-07-14 20:28:33] local.ERROR: Cannot redeclare province_name() (previously declared in C:\Users\AMIN\Desktop\bigstore\app\helpers.php:7) {"exception":"[object] (Symfony\\Component\\ErrorHandler\\Error\\FatalError(code: 0): Cannot redeclare province_name() (previously declared in C:\\Users\\AMIN\\Desktop\\bigstore\\app\\helpers.php:7) at C:\\Users\\AMIN\\Desktop\\bigstore\\app\\helpers.php:9)
[stacktrace]
#0 {main}
"} 
[2026-07-14 20:29:33] local.ERROR: Cannot redeclare province_name() (previously declared in C:\Users\AMIN\Desktop\bigstore\app\helpers.php:7) {"exception":"[object] (Symfony\\Component\\ErrorHandler\\Error\\FatalError(code: 0): Cannot redeclare province_name() (previously declared in C:\\Users\\AMIN\\Desktop\\bigstore\\app\\helpers.php:7) at C:\\Users\\AMIN\\Desktop\\bigstore\\app\\helpers.php:9)
[stacktrace]
#0 {main}
"} 
[2026-07-14 20:30:33] local.ERROR: Cannot redeclare province_name() (previously declared in C:\Users\AMIN\Desktop\bigstore\app\helpers.php:7) {"exception":"[object] (Symfony\\Component\\ErrorHandler\\Error\\FatalError(code: 0): Cannot redeclare province_name() (previously declared in C:\\Users\\AMIN\\Desktop\\bigstore\\app\\helpers.php:7) at C:\\Users\\AMIN\\Desktop\\bigstore\\app\\helpers.php:9)
[stacktrace]
#0 {main}
"} 
[2026-07-14 20:31:33] local.ERROR: Cannot redeclare province_name() (previously declared in C:\Users\AMIN\Desktop\bigstore\app\helpers.php:7) {"exception":"[object] (Symfony\\Component\\ErrorHandler\\Error\\FatalError(code: 0): Cannot redeclare province_name() (previously declared in C:\\Users\\AMIN\\Desktop\\bigstore\\app\\helpers.php:7) at C:\\Users\\AMIN\\Desktop\\bigstore\\app\\helpers.php:9)
[stacktrace]
#0 {main}
"} 
[2026-07-14 20:32:33] local.ERROR: Cannot redeclare province_name() (previously declared in C:\Users\AMIN\Desktop\bigstore\app\helpers.php:7) {"exception":"[object] (Symfony\\Component\\ErrorHandler\\Error\\FatalError(code: 0): Cannot redeclare province_name() (previously declared in C:\\Users\\AMIN\\Desktop\\bigstore\\app\\helpers.php:7) at C:\\Users\\AMIN\\Desktop\\bigstore\\app\\helpers.php:9)
[stacktrace]
#0 {main}
"} 
[2026-07-14 20:33:33] local.ERROR: Cannot redeclare province_name() (previously declared in C:\Users\AMIN\Desktop\bigstore\app\helpers.php:7) {"exception":"[object] (Symfony\\Component\\ErrorHandler\\Error\\FatalError(code: 0): Cannot redeclare province_name() (previously declared in C:\\Users\\AMIN\\Desktop\\bigstore\\app\\helpers.php:7) at C:\\Users\\AMIN\\Desktop\\bigstore\\app\\helpers.php:9)
[stacktrace]
#0 {main}
"} 
[2026-07-14 20:34:34] local.ERROR: Cannot redeclare province_name() (previously declared in C:\Users\AMIN\Desktop\bigstore\app\helpers.php:7) {"exception":"[object] (Symfony\\Component\\ErrorHandler\\Error\\FatalError(code: 0): Cannot redeclare province_name() (previously declared in C:\\Users\\AMIN\\Desktop\\bigstore\\app\\helpers.php:7) at C:\\Users\\AMIN\\Desktop\\bigstore\\app\\helpers.php:9)
[stacktrace]
#0 {main}
"} 
[2026-07-14 20:35:34] local.ERROR: Cannot redeclare province_name() (previously declared in C:\Users\AMIN\Desktop\bigstore\app\helpers.php:7) {"exception":"[object] (Symfony\\Component\\ErrorHandler\\Error\\FatalError(code: 0): Cannot redeclare province_name() (previously declared in C:\\Users\\AMIN\\Desktop\\bigstore\\app\\helpers.php:7) at C:\\Users\\AMIN\\Desktop\\bigstore\\app\\helpers.php:9)
[stacktrace]
#0 {main}
"} 
[2026-07-14 20:36:34] local.ERROR: Cannot redeclare province_name() (previously declared in C:\Users\AMIN\Desktop\bigstore\app\helpers.php:7) {"exception":"[object] (Symfony\\Component\\ErrorHandler\\Error\\FatalError(code: 0): Cannot redeclare province_name() (previously declared in C:\\Users\\AMIN\\Desktop\\bigstore\\app\\helpers.php:7) at C:\\Users\\AMIN\\Desktop\\bigstore\\app\\helpers.php:9)
[stacktrace]
#0 {main}
"} 
[2026-07-14 20:37:33] local.ERROR: Cannot redeclare province_name() (previously declared in C:\Users\AMIN\Desktop\bigstore\app\helpers.php:7) {"exception":"[object] (Symfony\\Component\\ErrorHandler\\Error\\FatalError(code: 0): Cannot redeclare province_name() (previously declared in C:\\Users\\AMIN\\Desktop\\bigstore\\app\\helpers.php:7) at C:\\Users\\AMIN\\Desktop\\bigstore\\app\\helpers.php:9)
[stacktrace]
#0 {main}
"} 
[2026-07-14 20:38:33] local.ERROR: Cannot redeclare province_name() (previously declared in C:\Users\AMIN\Desktop\bigstore\app\helpers.php:7) {"exception":"[object] (Symfony\\Component\\ErrorHandler\\Error\\FatalError(code: 0): Cannot redeclare province_name() (previously declared in C:\\Users\\AMIN\\Desktop\\bigstore\\app\\helpers.php:7) at C:\\Users\\AMIN\\Desktop\\bigstore\\app\\helpers.php:9)
[stacktrace]
#0 {main}
"} 
[2026-07-14 20:39:33] local.ERROR: Cannot redeclare province_name() (previously declared in C:\Users\AMIN\Desktop\bigstore\app\helpers.php:7) {"exception":"[object] (Symfony\\Component\\ErrorHandler\\Error\\FatalError(code: 0): Cannot redeclare province_name() (previously declared in C:\\Users\\AMIN\\Desktop\\bigstore\\app\\helpers.php:7) at C:\\Users\\AMIN\\Desktop\\bigstore\\app\\helpers.php:9)
[stacktrace]
#0 {main}
"} 
[2026-07-14 20:40:33] local.ERROR: Cannot redeclare province_name() (previously declared in C:\Users\AMIN\Desktop\bigstore\app\helpers.php:7) {"exception":"[object] (Symfony\\Component\\ErrorHandler\\Error\\FatalError(code: 0): Cannot redeclare province_name() (previously declared in C:\\Users\\AMIN\\Desktop\\bigstore\\app\\helpers.php:7) at C:\\Users\\AMIN\\Desktop\\bigstore\\app\\helpers.php:9)
[stacktrace]
#0 {main}
"} 
[2026-07-14 20:41:33] local.ERROR: Cannot redeclare province_name() (previously declared in C:\Users\AMIN\Desktop\bigstore\app\helpers.php:7) {"exception":"[object] (Symfony\\Component\\ErrorHandler\\Error\\FatalError(code: 0): Cannot redeclare province_name() (previously declared in C:\\Users\\AMIN\\Desktop\\bigstore\\app\\helpers.php:7) at C:\\Users\\AMIN\\Desktop\\bigstore\\app\\helpers.php:9)
[stacktrace]
#0 {main}
"} 
[2026-07-14 20:42:34] local.ERROR: Cannot redeclare province_name() (previously declared in C:\Users\AMIN\Desktop\bigstore\app\helpers.php:7) {"exception":"[object] (Symfony\\Component\\ErrorHandler\\Error\\FatalError(code: 0): Cannot redeclare province_name() (previously declared in C:\\Users\\AMIN\\Desktop\\bigstore\\app\\helpers.php:7) at C:\\Users\\AMIN\\Desktop\\bigstore\\app\\helpers.php:9)
[stacktrace]
#0 {main}
"} 
[2026-07-14 20:43:33] local.ERROR: Cannot redeclare province_name() (previously declared in C:\Users\AMIN\Desktop\bigstore\app\helpers.php:7) {"exception":"[object] (Symfony\\Component\\ErrorHandler\\Error\\FatalError(code: 0): Cannot redeclare province_name() (previously declared in C:\\Users\\AMIN\\Desktop\\bigstore\\app\\helpers.php:7) at C:\\Users\\AMIN\\Desktop\\bigstore\\app\\helpers.php:9)
[stacktrace]
#0 {main}
"} 
[2026-07-14 20:44:33] local.ERROR: Cannot redeclare province_name() (previously declared in C:\Users\AMIN\Desktop\bigstore\app\helpers.php:7) {"exception":"[object] (Symfony\\Component\\ErrorHandler\\Error\\FatalError(code: 0): Cannot redeclare province_name() (previously declared in C:\\Users\\AMIN\\Desktop\\bigstore\\app\\helpers.php:7) at C:\\Users\\AMIN\\Desktop\\bigstore\\app\\helpers.php:9)
[stacktrace]
#0 {main}
"} 
[2026-07-14 20:45:34] local.ERROR: Cannot redeclare province_name() (previously declared in C:\Users\AMIN\Desktop\bigstore\app\helpers.php:7) {"exception":"[object] (Symfony\\Component\\ErrorHandler\\Error\\FatalError(code: 0): Cannot redeclare province_name() (previously declared in C:\\Users\\AMIN\\Desktop\\bigstore\\app\\helpers.php:7) at C:\\Users\\AMIN\\Desktop\\bigstore\\app\\helpers.php:9)
[stacktrace]
#0 {main}
"} 
[2026-07-14 20:46:33] local.ERROR: Cannot redeclare province_name() (previously declared in C:\Users\AMIN\Desktop\bigstore\app\helpers.php:7) {"exception":"[object] (Symfony\\Component\\ErrorHandler\\Error\\FatalError(code: 0): Cannot redeclare province_name() (previously declared in C:\\Users\\AMIN\\Desktop\\bigstore\\app\\helpers.php:7) at C:\\Users\\AMIN\\Desktop\\bigstore\\app\\helpers.php:9)
[stacktrace]
#0 {main}
"} 
[2026-07-14 20:47:34] local.ERROR: Cannot redeclare province_name() (previously declared in C:\Users\AMIN\Desktop\bigstore\app\helpers.php:7) {"exception":"[object] (Symfony\\Component\\ErrorHandler\\Error\\FatalError(code: 0): Cannot redeclare province_name() (previously declared in C:\\Users\\AMIN\\Desktop\\bigstore\\app\\helpers.php:7) at C:\\Users\\AMIN\\Desktop\\bigstore\\app\\helpers.php:9)
[stacktrace]
#0 {main}
"} 
[2026-07-14 20:48:33] local.ERROR: Cannot redeclare province_name() (previously declared in C:\Users\AMIN\Desktop\bigstore\app\helpers.php:7) {"exception":"[object] (Symfony\\Component\\ErrorHandler\\Error\\FatalError(code: 0): Cannot redeclare province_name() (previously declared in C:\\Users\\AMIN\\Desktop\\bigstore\\app\\helpers.php:7) at C:\\Users\\AMIN\\Desktop\\bigstore\\app\\helpers.php:9)
[stacktrace]
#0 {main}
"} 
[2026-07-14 20:49:34] local.ERROR: Cannot redeclare province_name() (previously declared in C:\Users\AMIN\Desktop\bigstore\app\helpers.php:7) {"exception":"[object] (Symfony\\Component\\ErrorHandler\\Error\\FatalError(code: 0): Cannot redeclare province_name() (previously declared in C:\\Users\\AMIN\\Desktop\\bigstore\\app\\helpers.php:7) at C:\\Users\\AMIN\\Desktop\\bigstore\\app\\helpers.php:9)
[stacktrace]
#0 {main}
"} 
[2026-07-14 20:50:34] local.ERROR: Cannot redeclare province_name() (previously declared in C:\Users\AMIN\Desktop\bigstore\app\helpers.php:7) {"exception":"[object] (Symfony\\Component\\ErrorHandler\\Error\\FatalError(code: 0): Cannot redeclare province_name() (previously declared in C:\\Users\\AMIN\\Desktop\\bigstore\\app\\helpers.php:7) at C:\\Users\\AMIN\\Desktop\\bigstore\\app\\helpers.php:9)
[stacktrace]
#0 {main}
"} 
[2026-07-14 20:51:34] local.ERROR: Cannot redeclare province_name() (previously declared in C:\Users\AMIN\Desktop\bigstore\app\helpers.php:7) {"exception":"[object] (Symfony\\Component\\ErrorHandler\\Error\\FatalError(code: 0): Cannot redeclare province_name() (previously declared in C:\\Users\\AMIN\\Desktop\\bigstore\\app\\helpers.php:7) at C:\\Users\\AMIN\\Desktop\\bigstore\\app\\helpers.php:9)
[stacktrace]
#0 {main}
"} 
[2026-07-14 20:52:33] local.ERROR: Cannot redeclare province_name() (previously declared in C:\Users\AMIN\Desktop\bigstore\app\helpers.php:7) {"exception":"[object] (Symfony\\Component\\ErrorHandler\\Error\\FatalError(code: 0): Cannot redeclare province_name() (previously declared in C:\\Users\\AMIN\\Desktop\\bigstore\\app\\helpers.php:7) at C:\\Users\\AMIN\\Desktop\\bigstore\\app\\helpers.php:9)
[stacktrace]
#0 {main}
"} 
[2026-07-14 20:53:34] local.ERROR: Cannot redeclare province_name() (previously declared in C:\Users\AMIN\Desktop\bigstore\app\helpers.php:7) {"exception":"[object] (Symfony\\Component\\ErrorHandler\\Error\\FatalError(code: 0): Cannot redeclare province_name() (previously declared in C:\\Users\\AMIN\\Desktop\\bigstore\\app\\helpers.php:7) at C:\\Users\\AMIN\\Desktop\\bigstore\\app\\helpers.php:9)
[stacktrace]
#0 {main}
"} 
[2026-07-14 20:54:34] local.ERROR: Cannot redeclare province_name() (previously declared in C:\Users\AMIN\Desktop\bigstore\app\helpers.php:7) {"exception":"[object] (Symfony\\Component\\ErrorHandler\\Error\\FatalError(code: 0): Cannot redeclare province_name() (previously declared in C:\\Users\\AMIN\\Desktop\\bigstore\\app\\helpers.php:7) at C:\\Users\\AMIN\\Desktop\\bigstore\\app\\helpers.php:9)
[stacktrace]
#0 {main}
"} 
[2026-07-14 20:55:33] local.ERROR: Cannot redeclare province_name() (previously declared in C:\Users\AMIN\Desktop\bigstore\app\helpers.php:7) {"exception":"[object] (Symfony\\Component\\ErrorHandler\\Error\\FatalError(code: 0): Cannot redeclare province_name() (previously declared in C:\\Users\\AMIN\\Desktop\\bigstore\\app\\helpers.php:7) at C:\\Users\\AMIN\\Desktop\\bigstore\\app\\helpers.php:9)
[stacktrace]
#0 {main}
"} 
[2026-07-14 20:56:34] local.ERROR: Cannot redeclare province_name() (previously declared in C:\Users\AMIN\Desktop\bigstore\app\helpers.php:7) {"exception":"[object] (Symfony\\Component\\ErrorHandler\\Error\\FatalError(code: 0): Cannot redeclare province_name() (previously declared in C:\\Users\\AMIN\\Desktop\\bigstore\\app\\helpers.php:7) at C:\\Users\\AMIN\\Desktop\\bigstore\\app\\helpers.php:9)
[stacktrace]
#0 {main}
"} 
[2026-07-14 20:57:34] local.ERROR: Cannot redeclare province_name() (previously declared in C:\Users\AMIN\Desktop\bigstore\app\helpers.php:7) {"exception":"[object] (Symfony\\Component\\ErrorHandler\\Error\\FatalError(code: 0): Cannot redeclare province_name() (previously declared in C:\\Users\\AMIN\\Desktop\\bigstore\\app\\helpers.php:7) at C:\\Users\\AMIN\\Desktop\\bigstore\\app\\helpers.php:9)
[stacktrace]
#0 {main}
"} 
[2026-07-14 20:58:34] local.ERROR: Cannot redeclare province_name() (previously declared in C:\Users\AMIN\Desktop\bigstore\app\helpers.php:7) {"exception":"[object] (Symfony\\Component\\ErrorHandler\\Error\\FatalError(code: 0): Cannot redeclare province_name() (previously declared in C:\\Users\\AMIN\\Desktop\\bigstore\\app\\helpers.php:7) at C:\\Users\\AMIN\\Desktop\\bigstore\\app\\helpers.php:9)
[stacktrace]
#0 {main}
"} 
[2026-07-14 20:59:34] local.ERROR: Cannot redeclare province_name() (previously declared in C:\Users\AMIN\Desktop\bigstore\app\helpers.php:7) {"exception":"[object] (Symfony\\Component\\ErrorHandler\\Error\\FatalError(code: 0): Cannot redeclare province_name() (previously declared in C:\\Users\\AMIN\\Desktop\\bigstore\\app\\helpers.php:7) at C:\\Users\\AMIN\\Desktop\\bigstore\\app\\helpers.php:9)
[stacktrace]
#0 {main}
"} 
[2026-07-14 21:00:34] local.ERROR: Cannot redeclare province_name() (previously declared in C:\Users\AMIN\Desktop\bigstore\app\helpers.php:7) {"exception":"[object] (Symfony\\Component\\ErrorHandler\\Error\\FatalError(code: 0): Cannot redeclare province_name() (previously declared in C:\\Users\\AMIN\\Desktop\\bigstore\\app\\helpers.php:7) at C:\\Users\\AMIN\\Desktop\\bigstore\\app\\helpers.php:9)
[stacktrace]
#0 {main}
"} 
[2026-07-14 21:01:34] local.ERROR: Cannot redeclare province_name() (previously declared in C:\Users\AMIN\Desktop\bigstore\app\helpers.php:7) {"exception":"[object] (Symfony\\Component\\ErrorHandler\\Error\\FatalError(code: 0): Cannot redeclare province_name() (previously declared in C:\\Users\\AMIN\\Desktop\\bigstore\\app\\helpers.php:7) at C:\\Users\\AMIN\\Desktop\\bigstore\\app\\helpers.php:9)
[stacktrace]
#0 {main}
"} 
[2026-07-14 21:02:34] local.ERROR: Cannot redeclare province_name() (previously declared in C:\Users\AMIN\Desktop\bigstore\app\helpers.php:7) {"exception":"[object] (Symfony\\Component\\ErrorHandler\\Error\\FatalError(code: 0): Cannot redeclare province_name() (previously declared in C:\\Users\\AMIN\\Desktop\\bigstore\\app\\helpers.php:7) at C:\\Users\\AMIN\\Desktop\\bigstore\\app\\helpers.php:9)
[stacktrace]
#0 {main}
"} 
[2026-07-14 21:03:34] local.ERROR: Cannot redeclare province_name() (previously declared in C:\Users\AMIN\Desktop\bigstore\app\helpers.php:7) {"exception":"[object] (Symfony\\Component\\ErrorHandler\\Error\\FatalError(code: 0): Cannot redeclare province_name() (previously declared in C:\\Users\\AMIN\\Desktop\\bigstore\\app\\helpers.php:7) at C:\\Users\\AMIN\\Desktop\\bigstore\\app\\helpers.php:9)
[stacktrace]
#0 {main}
"} 
[2026-07-14 21:04:34] local.ERROR: Cannot redeclare province_name() (previously declared in C:\Users\AMIN\Desktop\bigstore\app\helpers.php:7) {"exception":"[object] (Symfony\\Component\\ErrorHandler\\Error\\FatalError(code: 0): Cannot redeclare province_name() (previously declared in C:\\Users\\AMIN\\Desktop\\bigstore\\app\\helpers.php:7) at C:\\Users\\AMIN\\Desktop\\bigstore\\app\\helpers.php:9)
[stacktrace]
#0 {main}
"} 
[2026-07-14 21:05:34] local.ERROR: Cannot redeclare province_name() (previously declared in C:\Users\AMIN\Desktop\bigstore\app\helpers.php:7) {"exception":"[object] (Symfony\\Component\\ErrorHandler\\Error\\FatalError(code: 0): Cannot redeclare province_name() (previously declared in C:\\Users\\AMIN\\Desktop\\bigstore\\app\\helpers.php:7) at C:\\Users\\AMIN\\Desktop\\bigstore\\app\\helpers.php:9)
[stacktrace]
#0 {main}
"} 
[2026-07-14 21:06:34] local.ERROR: Cannot redeclare province_name() (previously declared in C:\Users\AMIN\Desktop\bigstore\app\helpers.php:7) {"exception":"[object] (Symfony\\Component\\ErrorHandler\\Error\\FatalError(code: 0): Cannot redeclare province_name() (previously declared in C:\\Users\\AMIN\\Desktop\\bigstore\\app\\helpers.php:7) at C:\\Users\\AMIN\\Desktop\\bigstore\\app\\helpers.php:9)
[stacktrace]
#0 {main}
"} 
[2026-07-14 21:07:34] local.ERROR: Cannot redeclare province_name() (previously declared in C:\Users\AMIN\Desktop\bigstore\app\helpers.php:7) {"exception":"[object] (Symfony\\Component\\ErrorHandler\\Error\\FatalError(code: 0): Cannot redeclare province_name() (previously declared in C:\\Users\\AMIN\\Desktop\\bigstore\\app\\helpers.php:7) at C:\\Users\\AMIN\\Desktop\\bigstore\\app\\helpers.php:9)
[stacktrace]
#0 {main}
"} 
[2026-07-14 21:08:33] local.ERROR: Cannot redeclare province_name() (previously declared in C:\Users\AMIN\Desktop\bigstore\app\helpers.php:7) {"exception":"[object] (Symfony\\Component\\ErrorHandler\\Error\\FatalError(code: 0): Cannot redeclare province_name() (previously declared in C:\\Users\\AMIN\\Desktop\\bigstore\\app\\helpers.php:7) at C:\\Users\\AMIN\\Desktop\\bigstore\\app\\helpers.php:9)
[stacktrace]
#0 {main}
"} 
[2026-07-15 12:40:48] local.ERROR: Cannot redeclare province_name() (previously declared in C:\Users\AMIN\Desktop\bigstore\app\helpers.php:7) {"exception":"[object] (Symfony\\Component\\ErrorHandler\\Error\\FatalError(code: 0): Cannot redeclare province_name() (previously declared in C:\\Users\\AMIN\\Desktop\\bigstore\\app\\helpers.php:7) at C:\\Users\\AMIN\\Desktop\\bigstore\\app\\helpers.php:9)
[stacktrace]
#0 {main}
"} 
[2026-07-15 12:41:48] local.ERROR: Cannot redeclare province_name() (previously declared in C:\Users\AMIN\Desktop\bigstore\app\helpers.php:7) {"exception":"[object] (Symfony\\Component\\ErrorHandler\\Error\\FatalError(code: 0): Cannot redeclare province_name() (previously declared in C:\\Users\\AMIN\\Desktop\\bigstore\\app\\helpers.php:7) at C:\\Users\\AMIN\\Desktop\\bigstore\\app\\helpers.php:9)
[stacktrace]
#0 {main}
"} 
[2026-07-15 12:42:48] local.ERROR: Cannot redeclare province_name() (previously declared in C:\Users\AMIN\Desktop\bigstore\app\helpers.php:7) {"exception":"[object] (Symfony\\Component\\ErrorHandler\\Error\\FatalError(code: 0): Cannot redeclare province_name() (previously declared in C:\\Users\\AMIN\\Desktop\\bigstore\\app\\helpers.php:7) at C:\\Users\\AMIN\\Desktop\\bigstore\\app\\helpers.php:9)
[stacktrace]
#0 {main}
"} 
[2026-07-15 12:43:48] local.ERROR: Cannot redeclare province_name() (previously declared in C:\Users\AMIN\Desktop\bigstore\app\helpers.php:7) {"exception":"[object] (Symfony\\Component\\ErrorHandler\\Error\\FatalError(code: 0): Cannot redeclare province_name() (previously declared in C:\\Users\\AMIN\\Desktop\\bigstore\\app\\helpers.php:7) at C:\\Users\\AMIN\\Desktop\\bigstore\\app\\helpers.php:9)
[stacktrace]
#0 {main}
"} 
[2026-07-15 12:44:48] local.ERROR: Cannot redeclare province_name() (previously declared in C:\Users\AMIN\Desktop\bigstore\app\helpers.php:7) {"exception":"[object] (Symfony\\Component\\ErrorHandler\\Error\\FatalError(code: 0): Cannot redeclare province_name() (previously declared in C:\\Users\\AMIN\\Desktop\\bigstore\\app\\helpers.php:7) at C:\\Users\\AMIN\\Desktop\\bigstore\\app\\helpers.php:9)
[stacktrace]
#0 {main}
"} 
[2026-07-15 12:45:48] local.ERROR: Cannot redeclare province_name() (previously declared in C:\Users\AMIN\Desktop\bigstore\app\helpers.php:7) {"exception":"[object] (Symfony\\Component\\ErrorHandler\\Error\\FatalError(code: 0): Cannot redeclare province_name() (previously declared in C:\\Users\\AMIN\\Desktop\\bigstore\\app\\helpers.php:7) at C:\\Users\\AMIN\\Desktop\\bigstore\\app\\helpers.php:9)
[stacktrace]
#0 {main}
"} 
[2026-07-15 12:46:48] local.ERROR: Cannot redeclare province_name() (previously declared in C:\Users\AMIN\Desktop\bigstore\app\helpers.php:7) {"exception":"[object] (Symfony\\Component\\ErrorHandler\\Error\\FatalError(code: 0): Cannot redeclare province_name() (previously declared in C:\\Users\\AMIN\\Desktop\\bigstore\\app\\helpers.php:7) at C:\\Users\\AMIN\\Desktop\\bigstore\\app\\helpers.php:9)
[stacktrace]
#0 {main}
"} 
[2026-07-15 12:47:48] local.ERROR: Cannot redeclare province_name() (previously declared in C:\Users\AMIN\Desktop\bigstore\app\helpers.php:7) {"exception":"[object] (Symfony\\Component\\ErrorHandler\\Error\\FatalError(code: 0): Cannot redeclare province_name() (previously declared in C:\\Users\\AMIN\\Desktop\\bigstore\\app\\helpers.php:7) at C:\\Users\\AMIN\\Desktop\\bigstore\\app\\helpers.php:9)
[stacktrace]
#0 {main}
"} 
[2026-07-15 12:48:48] local.ERROR: Cannot redeclare province_name() (previously declared in C:\Users\AMIN\Desktop\bigstore\app\helpers.php:7) {"exception":"[object] (Symfony\\Component\\ErrorHandler\\Error\\FatalError(code: 0): Cannot redeclare province_name() (previously declared in C:\\Users\\AMIN\\Desktop\\bigstore\\app\\helpers.php:7) at C:\\Users\\AMIN\\Desktop\\bigstore\\app\\helpers.php:9)
[stacktrace]
#0 {main}
"} 
[2026-07-15 12:49:48] local.ERROR: Cannot redeclare province_name() (previously declared in C:\Users\AMIN\Desktop\bigstore\app\helpers.php:7) {"exception":"[object] (Symfony\\Component\\ErrorHandler\\Error\\FatalError(code: 0): Cannot redeclare province_name() (previously declared in C:\\Users\\AMIN\\Desktop\\bigstore\\app\\helpers.php:7) at C:\\Users\\AMIN\\Desktop\\bigstore\\app\\helpers.php:9)
[stacktrace]
#0 {main}
"} 
[2026-07-15 12:50:48] local.ERROR: Cannot redeclare province_name() (previously declared in C:\Users\AMIN\Desktop\bigstore\app\helpers.php:7) {"exception":"[object] (Symfony\\Component\\ErrorHandler\\Error\\FatalError(code: 0): Cannot redeclare province_name() (previously declared in C:\\Users\\AMIN\\Desktop\\bigstore\\app\\helpers.php:7) at C:\\Users\\AMIN\\Desktop\\bigstore\\app\\helpers.php:9)
[stacktrace]
#0 {main}
"} 
[2026-07-15 12:51:48] local.ERROR: Cannot redeclare province_name() (previously declared in C:\Users\AMIN\Desktop\bigstore\app\helpers.php:7) {"exception":"[object] (Symfony\\Component\\ErrorHandler\\Error\\FatalError(code: 0): Cannot redeclare province_name() (previously declared in C:\\Users\\AMIN\\Desktop\\bigstore\\app\\helpers.php:7) at C:\\Users\\AMIN\\Desktop\\bigstore\\app\\helpers.php:9)
[stacktrace]
#0 {main}
"} 
[2026-07-15 12:52:48] local.ERROR: Cannot redeclare province_name() (previously declared in C:\Users\AMIN\Desktop\bigstore\app\helpers.php:7) {"exception":"[object] (Symfony\\Component\\ErrorHandler\\Error\\FatalError(code: 0): Cannot redeclare province_name() (previously declared in C:\\Users\\AMIN\\Desktop\\bigstore\\app\\helpers.php:7) at C:\\Users\\AMIN\\Desktop\\bigstore\\app\\helpers.php:9)
[stacktrace]
#0 {main}
"} 
[2026-07-15 12:53:48] local.ERROR: Cannot redeclare province_name() (previously declared in C:\Users\AMIN\Desktop\bigstore\app\helpers.php:7) {"exception":"[object] (Symfony\\Component\\ErrorHandler\\Error\\FatalError(code: 0): Cannot redeclare province_name() (previously declared in C:\\Users\\AMIN\\Desktop\\bigstore\\app\\helpers.php:7) at C:\\Users\\AMIN\\Desktop\\bigstore\\app\\helpers.php:9)
[stacktrace]
#0 {main}
"} 
[2026-07-15 12:54:48] local.ERROR: Cannot redeclare province_name() (previously declared in C:\Users\AMIN\Desktop\bigstore\app\helpers.php:7) {"exception":"[object] (Symfony\\Component\\ErrorHandler\\Error\\FatalError(code: 0): Cannot redeclare province_name() (previously declared in C:\\Users\\AMIN\\Desktop\\bigstore\\app\\helpers.php:7) at C:\\Users\\AMIN\\Desktop\\bigstore\\app\\helpers.php:9)
[stacktrace]
#0 {main}
"} 
[2026-07-15 12:55:48] local.ERROR: Cannot redeclare province_name() (previously declared in C:\Users\AMIN\Desktop\bigstore\app\helpers.php:7) {"exception":"[object] (Symfony\\Component\\ErrorHandler\\Error\\FatalError(code: 0): Cannot redeclare province_name() (previously declared in C:\\Users\\AMIN\\Desktop\\bigstore\\app\\helpers.php:7) at C:\\Users\\AMIN\\Desktop\\bigstore\\app\\helpers.php:9)
[stacktrace]
#0 {main}
"} 
[2026-07-15 12:56:48] local.ERROR: Cannot redeclare province_name() (previously declared in C:\Users\AMIN\Desktop\bigstore\app\helpers.php:7) {"exception":"[object] (Symfony\\Component\\ErrorHandler\\Error\\FatalError(code: 0): Cannot redeclare province_name() (previously declared in C:\\Users\\AMIN\\Desktop\\bigstore\\app\\helpers.php:7) at C:\\Users\\AMIN\\Desktop\\bigstore\\app\\helpers.php:9)
[stacktrace]
#0 {main}
"} 
[2026-07-15 12:57:48] local.ERROR: Cannot redeclare province_name() (previously declared in C:\Users\AMIN\Desktop\bigstore\app\helpers.php:7) {"exception":"[object] (Symfony\\Component\\ErrorHandler\\Error\\FatalError(code: 0): Cannot redeclare province_name() (previously declared in C:\\Users\\AMIN\\Desktop\\bigstore\\app\\helpers.php:7) at C:\\Users\\AMIN\\Desktop\\bigstore\\app\\helpers.php:9)
[stacktrace]
#0 {main}
"} 
[2026-07-15 12:58:48] local.ERROR: Cannot redeclare province_name() (previously declared in C:\Users\AMIN\Desktop\bigstore\app\helpers.php:7) {"exception":"[object] (Symfony\\Component\\ErrorHandler\\Error\\FatalError(code: 0): Cannot redeclare province_name() (previously declared in C:\\Users\\AMIN\\Desktop\\bigstore\\app\\helpers.php:7) at C:\\Users\\AMIN\\Desktop\\bigstore\\app\\helpers.php:9)
[stacktrace]
#0 {main}
"} 
[2026-07-15 12:59:48] local.ERROR: Cannot redeclare province_name() (previously declared in C:\Users\AMIN\Desktop\bigstore\app\helpers.php:7) {"exception":"[object] (Symfony\\Component\\ErrorHandler\\Error\\FatalError(code: 0): Cannot redeclare province_name() (previously declared in C:\\Users\\AMIN\\Desktop\\bigstore\\app\\helpers.php:7) at C:\\Users\\AMIN\\Desktop\\bigstore\\app\\helpers.php:9)
[stacktrace]
#0 {main}
"} 
[2026-07-15 13:00:48] local.ERROR: Cannot redeclare province_name() (previously declared in C:\Users\AMIN\Desktop\bigstore\app\helpers.php:7) {"exception":"[object] (Symfony\\Component\\ErrorHandler\\Error\\FatalError(code: 0): Cannot redeclare province_name() (previously declared in C:\\Users\\AMIN\\Desktop\\bigstore\\app\\helpers.php:7) at C:\\Users\\AMIN\\Desktop\\bigstore\\app\\helpers.php:9)
[stacktrace]
#0 {main}
"} 
[2026-07-15 13:01:48] local.ERROR: Cannot redeclare province_name() (previously declared in C:\Users\AMIN\Desktop\bigstore\app\helpers.php:7) {"exception":"[object] (Symfony\\Component\\ErrorHandler\\Error\\FatalError(code: 0): Cannot redeclare province_name() (previously declared in C:\\Users\\AMIN\\Desktop\\bigstore\\app\\helpers.php:7) at C:\\Users\\AMIN\\Desktop\\bigstore\\app\\helpers.php:9)
[stacktrace]
#0 {main}
"} 
[2026-07-15 13:02:48] local.ERROR: Cannot redeclare province_name() (previously declared in C:\Users\AMIN\Desktop\bigstore\app\helpers.php:7) {"exception":"[object] (Symfony\\Component\\ErrorHandler\\Error\\FatalError(code: 0): Cannot redeclare province_name() (previously declared in C:\\Users\\AMIN\\Desktop\\bigstore\\app\\helpers.php:7) at C:\\Users\\AMIN\\Desktop\\bigstore\\app\\helpers.php:9)
[stacktrace]
#0 {main}
"} 
[2026-07-15 13:03:48] local.ERROR: Cannot redeclare province_name() (previously declared in C:\Users\AMIN\Desktop\bigstore\app\helpers.php:7) {"exception":"[object] (Symfony\\Component\\ErrorHandler\\Error\\FatalError(code: 0): Cannot redeclare province_name() (previously declared in C:\\Users\\AMIN\\Desktop\\bigstore\\app\\helpers.php:7) at C:\\Users\\AMIN\\Desktop\\bigstore\\app\\helpers.php:9)
[stacktrace]
#0 {main}
"} 
[2026-07-15 13:04:48] local.ERROR: Cannot redeclare province_name() (previously declared in C:\Users\AMIN\Desktop\bigstore\app\helpers.php:7) {"exception":"[object] (Symfony\\Component\\ErrorHandler\\Error\\FatalError(code: 0): Cannot redeclare province_name() (previously declared in C:\\Users\\AMIN\\Desktop\\bigstore\\app\\helpers.php:7) at C:\\Users\\AMIN\\Desktop\\bigstore\\app\\helpers.php:9)
[stacktrace]
#0 {main}
"} 
[2026-07-15 13:05:48] local.ERROR: Cannot redeclare province_name() (previously declared in C:\Users\AMIN\Desktop\bigstore\app\helpers.php:7) {"exception":"[object] (Symfony\\Component\\ErrorHandler\\Error\\FatalError(code: 0): Cannot redeclare province_name() (previously declared in C:\\Users\\AMIN\\Desktop\\bigstore\\app\\helpers.php:7) at C:\\Users\\AMIN\\Desktop\\bigstore\\app\\helpers.php:9)
[stacktrace]
#0 {main}
"} 
[2026-07-15 13:06:48] local.ERROR: Cannot redeclare province_name() (previously declared in C:\Users\AMIN\Desktop\bigstore\app\helpers.php:7) {"exception":"[object] (Symfony\\Component\\ErrorHandler\\Error\\FatalError(code: 0): Cannot redeclare province_name() (previously declared in C:\\Users\\AMIN\\Desktop\\bigstore\\app\\helpers.php:7) at C:\\Users\\AMIN\\Desktop\\bigstore\\app\\helpers.php:9)
[stacktrace]
#0 {main}
"} 
[2026-07-15 13:07:48] local.ERROR: Cannot redeclare province_name() (previously declared in C:\Users\AMIN\Desktop\bigstore\app\helpers.php:7) {"exception":"[object] (Symfony\\Component\\ErrorHandler\\Error\\FatalError(code: 0): Cannot redeclare province_name() (previously declared in C:\\Users\\AMIN\\Desktop\\bigstore\\app\\helpers.php:7) at C:\\Users\\AMIN\\Desktop\\bigstore\\app\\helpers.php:9)
[stacktrace]
#0 {main}
"} 
[2026-07-15 13:08:48] local.ERROR: Cannot redeclare province_name() (previously declared in C:\Users\AMIN\Desktop\bigstore\app\helpers.php:7) {"exception":"[object] (Symfony\\Component\\ErrorHandler\\Error\\FatalError(code: 0): Cannot redeclare province_name() (previously declared in C:\\Users\\AMIN\\Desktop\\bigstore\\app\\helpers.php:7) at C:\\Users\\AMIN\\Desktop\\bigstore\\app\\helpers.php:9)
[stacktrace]
#0 {main}
"} 
[2026-07-15 13:09:48] local.ERROR: Cannot redeclare province_name() (previously declared in C:\Users\AMIN\Desktop\bigstore\app\helpers.php:7) {"exception":"[object] (Symfony\\Component\\ErrorHandler\\Error\\FatalError(code: 0): Cannot redeclare province_name() (previously declared in C:\\Users\\AMIN\\Desktop\\bigstore\\app\\helpers.php:7) at C:\\Users\\AMIN\\Desktop\\bigstore\\app\\helpers.php:9)
[stacktrace]
#0 {main}
"} 
[2026-07-15 13:10:48] local.ERROR: Cannot redeclare province_name() (previously declared in C:\Users\AMIN\Desktop\bigstore\app\helpers.php:7) {"exception":"[object] (Symfony\\Component\\ErrorHandler\\Error\\FatalError(code: 0): Cannot redeclare province_name() (previously declared in C:\\Users\\AMIN\\Desktop\\bigstore\\app\\helpers.php:7) at C:\\Users\\AMIN\\Desktop\\bigstore\\app\\helpers.php:9)
[stacktrace]
#0 {main}
"} 
[2026-07-15 13:11:48] local.ERROR: Cannot redeclare province_name() (previously declared in C:\Users\AMIN\Desktop\bigstore\app\helpers.php:7) {"exception":"[object] (Symfony\\Component\\ErrorHandler\\Error\\FatalError(code: 0): Cannot redeclare province_name() (previously declared in C:\\Users\\AMIN\\Desktop\\bigstore\\app\\helpers.php:7) at C:\\Users\\AMIN\\Desktop\\bigstore\\app\\helpers.php:9)
[stacktrace]
#0 {main}
"} 
[2026-07-15 13:13:01] local.ERROR: Cannot redeclare province_name() (previously declared in C:\Users\AMIN\Desktop\bigstore\app\helpers.php:7) {"exception":"[object] (Symfony\\Component\\ErrorHandler\\Error\\FatalError(code: 0): Cannot redeclare province_name() (previously declared in C:\\Users\\AMIN\\Desktop\\bigstore\\app\\helpers.php:7) at C:\\Users\\AMIN\\Desktop\\bigstore\\app\\helpers.php:9)
[stacktrace]
#0 {main}
"} 
[2026-07-15 13:13:48] local.ERROR: Cannot redeclare province_name() (previously declared in C:\Users\AMIN\Desktop\bigstore\app\helpers.php:7) {"exception":"[object] (Symfony\\Component\\ErrorHandler\\Error\\FatalError(code: 0): Cannot redeclare province_name() (previously declared in C:\\Users\\AMIN\\Desktop\\bigstore\\app\\helpers.php:7) at C:\\Users\\AMIN\\Desktop\\bigstore\\app\\helpers.php:9)
[stacktrace]
#0 {main}
"} 
[2026-07-15 13:14:48] local.ERROR: Cannot redeclare province_name() (previously declared in C:\Users\AMIN\Desktop\bigstore\app\helpers.php:7) {"exception":"[object] (Symfony\\Component\\ErrorHandler\\Error\\FatalError(code: 0): Cannot redeclare province_name() (previously declared in C:\\Users\\AMIN\\Desktop\\bigstore\\app\\helpers.php:7) at C:\\Users\\AMIN\\Desktop\\bigstore\\app\\helpers.php:9)
[stacktrace]
#0 {main}
"} 
[2026-07-15 13:15:48] local.ERROR: Cannot redeclare province_name() (previously declared in C:\Users\AMIN\Desktop\bigstore\app\helpers.php:7) {"exception":"[object] (Symfony\\Component\\ErrorHandler\\Error\\FatalError(code: 0): Cannot redeclare province_name() (previously declared in C:\\Users\\AMIN\\Desktop\\bigstore\\app\\helpers.php:7) at C:\\Users\\AMIN\\Desktop\\bigstore\\app\\helpers.php:9)
[stacktrace]
#0 {main}
"} 
[2026-07-15 13:16:48] local.ERROR: Cannot redeclare province_name() (previously declared in C:\Users\AMIN\Desktop\bigstore\app\helpers.php:7) {"exception":"[object] (Symfony\\Component\\ErrorHandler\\Error\\FatalError(code: 0): Cannot redeclare province_name() (previously declared in C:\\Users\\AMIN\\Desktop\\bigstore\\app\\helpers.php:7) at C:\\Users\\AMIN\\Desktop\\bigstore\\app\\helpers.php:9)
[stacktrace]
#0 {main}
"} 
[2026-07-15 13:17:48] local.ERROR: Cannot redeclare province_name() (previously declared in C:\Users\AMIN\Desktop\bigstore\app\helpers.php:7) {"exception":"[object] (Symfony\\Component\\ErrorHandler\\Error\\FatalError(code: 0): Cannot redeclare province_name() (previously declared in C:\\Users\\AMIN\\Desktop\\bigstore\\app\\helpers.php:7) at C:\\Users\\AMIN\\Desktop\\bigstore\\app\\helpers.php:9)
[stacktrace]
#0 {main}
"} 
[2026-07-15 13:18:48] local.ERROR: Cannot redeclare province_name() (previously declared in C:\Users\AMIN\Desktop\bigstore\app\helpers.php:7) {"exception":"[object] (Symfony\\Component\\ErrorHandler\\Error\\FatalError(code: 0): Cannot redeclare province_name() (previously declared in C:\\Users\\AMIN\\Desktop\\bigstore\\app\\helpers.php:7) at C:\\Users\\AMIN\\Desktop\\bigstore\\app\\helpers.php:9)
[stacktrace]
#0 {main}
"} 
[2026-07-15 13:19:48] local.ERROR: Cannot redeclare province_name() (previously declared in C:\Users\AMIN\Desktop\bigstore\app\helpers.php:7) {"exception":"[object] (Symfony\\Component\\ErrorHandler\\Error\\FatalError(code: 0): Cannot redeclare province_name() (previously declared in C:\\Users\\AMIN\\Desktop\\bigstore\\app\\helpers.php:7) at C:\\Users\\AMIN\\Desktop\\bigstore\\app\\helpers.php:9)
[stacktrace]
#0 {main}
"} 
[2026-07-15 13:20:48] local.ERROR: Cannot redeclare province_name() (previously declared in C:\Users\AMIN\Desktop\bigstore\app\helpers.php:7) {"exception":"[object] (Symfony\\Component\\ErrorHandler\\Error\\FatalError(code: 0): Cannot redeclare province_name() (previously declared in C:\\Users\\AMIN\\Desktop\\bigstore\\app\\helpers.php:7) at C:\\Users\\AMIN\\Desktop\\bigstore\\app\\helpers.php:9)
[stacktrace]
#0 {main}
"} 
[2026-07-15 13:21:48] local.ERROR: Cannot redeclare province_name() (previously declared in C:\Users\AMIN\Desktop\bigstore\app\helpers.php:7) {"exception":"[object] (Symfony\\Component\\ErrorHandler\\Error\\FatalError(code: 0): Cannot redeclare province_name() (previously declared in C:\\Users\\AMIN\\Desktop\\bigstore\\app\\helpers.php:7) at C:\\Users\\AMIN\\Desktop\\bigstore\\app\\helpers.php:9)
[stacktrace]
#0 {main}
"} 
[2026-07-15 13:22:48] local.ERROR: Cannot redeclare province_name() (previously declared in C:\Users\AMIN\Desktop\bigstore\app\helpers.php:7) {"exception":"[object] (Symfony\\Component\\ErrorHandler\\Error\\FatalError(code: 0): Cannot redeclare province_name() (previously declared in C:\\Users\\AMIN\\Desktop\\bigstore\\app\\helpers.php:7) at C:\\Users\\AMIN\\Desktop\\bigstore\\app\\helpers.php:9)
[stacktrace]
#0 {main}
"} 
[2026-07-15 13:23:49] local.ERROR: Cannot redeclare province_name() (previously declared in C:\Users\AMIN\Desktop\bigstore\app\helpers.php:7) {"exception":"[object] (Symfony\\Component\\ErrorHandler\\Error\\FatalError(code: 0): Cannot redeclare province_name() (previously declared in C:\\Users\\AMIN\\Desktop\\bigstore\\app\\helpers.php:7) at C:\\Users\\AMIN\\Desktop\\bigstore\\app\\helpers.php:9)
[stacktrace]
#0 {main}
"} 
[2026-07-15 13:24:48] local.ERROR: Cannot redeclare province_name() (previously declared in C:\Users\AMIN\Desktop\bigstore\app\helpers.php:7) {"exception":"[object] (Symfony\\Component\\ErrorHandler\\Error\\FatalError(code: 0): Cannot redeclare province_name() (previously declared in C:\\Users\\AMIN\\Desktop\\bigstore\\app\\helpers.php:7) at C:\\Users\\AMIN\\Desktop\\bigstore\\app\\helpers.php:9)
[stacktrace]
#0 {main}
"} 
[2026-07-15 13:25:48] local.ERROR: Cannot redeclare province_name() (previously declared in C:\Users\AMIN\Desktop\bigstore\app\helpers.php:7) {"exception":"[object] (Symfony\\Component\\ErrorHandler\\Error\\FatalError(code: 0): Cannot redeclare province_name() (previously declared in C:\\Users\\AMIN\\Desktop\\bigstore\\app\\helpers.php:7) at C:\\Users\\AMIN\\Desktop\\bigstore\\app\\helpers.php:9)
[stacktrace]
#0 {main}
"} 
[2026-07-15 13:26:48] local.ERROR: Cannot redeclare province_name() (previously declared in C:\Users\AMIN\Desktop\bigstore\app\helpers.php:7) {"exception":"[object] (Symfony\\Component\\ErrorHandler\\Error\\FatalError(code: 0): Cannot redeclare province_name() (previously declared in C:\\Users\\AMIN\\Desktop\\bigstore\\app\\helpers.php:7) at C:\\Users\\AMIN\\Desktop\\bigstore\\app\\helpers.php:9)
[stacktrace]
#0 {main}
"} 
[2026-07-15 13:27:48] local.ERROR: Cannot redeclare province_name() (previously declared in C:\Users\AMIN\Desktop\bigstore\app\helpers.php:7) {"exception":"[object] (Symfony\\Component\\ErrorHandler\\Error\\FatalError(code: 0): Cannot redeclare province_name() (previously declared in C:\\Users\\AMIN\\Desktop\\bigstore\\app\\helpers.php:7) at C:\\Users\\AMIN\\Desktop\\bigstore\\app\\helpers.php:9)
[stacktrace]
#0 {main}
"} 
[2026-07-15 13:28:48] local.ERROR: Cannot redeclare province_name() (previously declared in C:\Users\AMIN\Desktop\bigstore\app\helpers.php:7) {"exception":"[object] (Symfony\\Component\\ErrorHandler\\Error\\FatalError(code: 0): Cannot redeclare province_name() (previously declared in C:\\Users\\AMIN\\Desktop\\bigstore\\app\\helpers.php:7) at C:\\Users\\AMIN\\Desktop\\bigstore\\app\\helpers.php:9)
[stacktrace]
#0 {main}
"} 
[2026-07-15 13:29:48] local.ERROR: Cannot redeclare province_name() (previously declared in C:\Users\AMIN\Desktop\bigstore\app\helpers.php:7) {"exception":"[object] (Symfony\\Component\\ErrorHandler\\Error\\FatalError(code: 0): Cannot redeclare province_name() (previously declared in C:\\Users\\AMIN\\Desktop\\bigstore\\app\\helpers.php:7) at C:\\Users\\AMIN\\Desktop\\bigstore\\app\\helpers.php:9)
[stacktrace]
#0 {main}
"} 
[2026-07-15 13:30:48] local.ERROR: Cannot redeclare province_name() (previously declared in C:\Users\AMIN\Desktop\bigstore\app\helpers.php:7) {"exception":"[object] (Symfony\\Component\\ErrorHandler\\Error\\FatalError(code: 0): Cannot redeclare province_name() (previously declared in C:\\Users\\AMIN\\Desktop\\bigstore\\app\\helpers.php:7) at C:\\Users\\AMIN\\Desktop\\bigstore\\app\\helpers.php:9)
[stacktrace]
#0 {main}
"} 
[2026-07-15 13:31:48] local.ERROR: Cannot redeclare province_name() (previously declared in C:\Users\AMIN\Desktop\bigstore\app\helpers.php:7) {"exception":"[object] (Symfony\\Component\\ErrorHandler\\Error\\FatalError(code: 0): Cannot redeclare province_name() (previously declared in C:\\Users\\AMIN\\Desktop\\bigstore\\app\\helpers.php:7) at C:\\Users\\AMIN\\Desktop\\bigstore\\app\\helpers.php:9)
[stacktrace]
#0 {main}
"} 
[2026-07-15 13:32:48] local.ERROR: Cannot redeclare province_name() (previously declared in C:\Users\AMIN\Desktop\bigstore\app\helpers.php:7) {"exception":"[object] (Symfony\\Component\\ErrorHandler\\Error\\FatalError(code: 0): Cannot redeclare province_name() (previously declared in C:\\Users\\AMIN\\Desktop\\bigstore\\app\\helpers.php:7) at C:\\Users\\AMIN\\Desktop\\bigstore\\app\\helpers.php:9)
[stacktrace]
#0 {main}
"} 
[2026-07-15 13:33:48] local.ERROR: Cannot redeclare province_name() (previously declared in C:\Users\AMIN\Desktop\bigstore\app\helpers.php:7) {"exception":"[object] (Symfony\\Component\\ErrorHandler\\Error\\FatalError(code: 0): Cannot redeclare province_name() (previously declared in C:\\Users\\AMIN\\Desktop\\bigstore\\app\\helpers.php:7) at C:\\Users\\AMIN\\Desktop\\bigstore\\app\\helpers.php:9)
[stacktrace]
#0 {main}
"} 
[2026-07-15 13:34:48] local.ERROR: Cannot redeclare province_name() (previously declared in C:\Users\AMIN\Desktop\bigstore\app\helpers.php:7) {"exception":"[object] (Symfony\\Component\\ErrorHandler\\Error\\FatalError(code: 0): Cannot redeclare province_name() (previously declared in C:\\Users\\AMIN\\Desktop\\bigstore\\app\\helpers.php:7) at C:\\Users\\AMIN\\Desktop\\bigstore\\app\\helpers.php:9)
[stacktrace]
#0 {main}
"} 
[2026-07-15 13:35:48] local.ERROR: Cannot redeclare province_name() (previously declared in C:\Users\AMIN\Desktop\bigstore\app\helpers.php:7) {"exception":"[object] (Symfony\\Component\\ErrorHandler\\Error\\FatalError(code: 0): Cannot redeclare province_name() (previously declared in C:\\Users\\AMIN\\Desktop\\bigstore\\app\\helpers.php:7) at C:\\Users\\AMIN\\Desktop\\bigstore\\app\\helpers.php:9)
[stacktrace]
#0 {main}
"} 
[2026-07-15 13:36:48] local.ERROR: Cannot redeclare province_name() (previously declared in C:\Users\AMIN\Desktop\bigstore\app\helpers.php:7) {"exception":"[object] (Symfony\\Component\\ErrorHandler\\Error\\FatalError(code: 0): Cannot redeclare province_name() (previously declared in C:\\Users\\AMIN\\Desktop\\bigstore\\app\\helpers.php:7) at C:\\Users\\AMIN\\Desktop\\bigstore\\app\\helpers.php:9)
[stacktrace]
#0 {main}
"} 
[2026-07-15 13:37:48] local.ERROR: Cannot redeclare province_name() (previously declared in C:\Users\AMIN\Desktop\bigstore\app\helpers.php:7) {"exception":"[object] (Symfony\\Component\\ErrorHandler\\Error\\FatalError(code: 0): Cannot redeclare province_name() (previously declared in C:\\Users\\AMIN\\Desktop\\bigstore\\app\\helpers.php:7) at C:\\Users\\AMIN\\Desktop\\bigstore\\app\\helpers.php:9)
[stacktrace]
#0 {main}
"} 
[2026-07-15 13:38:48] local.ERROR: Cannot redeclare province_name() (previously declared in C:\Users\AMIN\Desktop\bigstore\app\helpers.php:7) {"exception":"[object] (Symfony\\Component\\ErrorHandler\\Error\\FatalError(code: 0): Cannot redeclare province_name() (previously declared in C:\\Users\\AMIN\\Desktop\\bigstore\\app\\helpers.php:7) at C:\\Users\\AMIN\\Desktop\\bigstore\\app\\helpers.php:9)
[stacktrace]
#0 {main}
"} 
[2026-07-15 13:39:48] local.ERROR: Cannot redeclare province_name() (previously declared in C:\Users\AMIN\Desktop\bigstore\app\helpers.php:7) {"exception":"[object] (Symfony\\Component\\ErrorHandler\\Error\\FatalError(code: 0): Cannot redeclare province_name() (previously declared in C:\\Users\\AMIN\\Desktop\\bigstore\\app\\helpers.php:7) at C:\\Users\\AMIN\\Desktop\\bigstore\\app\\helpers.php:9)
[stacktrace]
#0 {main}
"} 
[2026-07-15 13:40:48] local.ERROR: Cannot redeclare province_name() (previously declared in C:\Users\AMIN\Desktop\bigstore\app\helpers.php:7) {"exception":"[object] (Symfony\\Component\\ErrorHandler\\Error\\FatalError(code: 0): Cannot redeclare province_name() (previously declared in C:\\Users\\AMIN\\Desktop\\bigstore\\app\\helpers.php:7) at C:\\Users\\AMIN\\Desktop\\bigstore\\app\\helpers.php:9)
[stacktrace]
#0 {main}
"} 
[2026-07-15 13:41:48] local.ERROR: Cannot redeclare province_name() (previously declared in C:\Users\AMIN\Desktop\bigstore\app\helpers.php:7) {"exception":"[object] (Symfony\\Component\\ErrorHandler\\Error\\FatalError(code: 0): Cannot redeclare province_name() (previously declared in C:\\Users\\AMIN\\Desktop\\bigstore\\app\\helpers.php:7) at C:\\Users\\AMIN\\Desktop\\bigstore\\app\\helpers.php:9)
[stacktrace]
#0 {main}
"} 
[2026-07-15 13:42:48] local.ERROR: Cannot redeclare province_name() (previously declared in C:\Users\AMIN\Desktop\bigstore\app\helpers.php:7) {"exception":"[object] (Symfony\\Component\\ErrorHandler\\Error\\FatalError(code: 0): Cannot redeclare province_name() (previously declared in C:\\Users\\AMIN\\Desktop\\bigstore\\app\\helpers.php:7) at C:\\Users\\AMIN\\Desktop\\bigstore\\app\\helpers.php:9)
[stacktrace]
#0 {main}
"} 
[2026-07-15 13:43:49] local.ERROR: Cannot redeclare province_name() (previously declared in C:\Users\AMIN\Desktop\bigstore\app\helpers.php:7) {"exception":"[object] (Symfony\\Component\\ErrorHandler\\Error\\FatalError(code: 0): Cannot redeclare province_name() (previously declared in C:\\Users\\AMIN\\Desktop\\bigstore\\app\\helpers.php:7) at C:\\Users\\AMIN\\Desktop\\bigstore\\app\\helpers.php:9)
[stacktrace]
#0 {main}
"} 
[2026-07-15 13:44:48] local.ERROR: Cannot redeclare province_name() (previously declared in C:\Users\AMIN\Desktop\bigstore\app\helpers.php:7) {"exception":"[object] (Symfony\\Component\\ErrorHandler\\Error\\FatalError(code: 0): Cannot redeclare province_name() (previously declared in C:\\Users\\AMIN\\Desktop\\bigstore\\app\\helpers.php:7) at C:\\Users\\AMIN\\Desktop\\bigstore\\app\\helpers.php:9)
[stacktrace]
#0 {main}
"} 
[2026-07-15 13:45:49] local.ERROR: Cannot redeclare province_name() (previously declared in C:\Users\AMIN\Desktop\bigstore\app\helpers.php:7) {"exception":"[object] (Symfony\\Component\\ErrorHandler\\Error\\FatalError(code: 0): Cannot redeclare province_name() (previously declared in C:\\Users\\AMIN\\Desktop\\bigstore\\app\\helpers.php:7) at C:\\Users\\AMIN\\Desktop\\bigstore\\app\\helpers.php:9)
[stacktrace]
#0 {main}
"} 
[2026-07-15 13:46:49] local.ERROR: Cannot redeclare province_name() (previously declared in C:\Users\AMIN\Desktop\bigstore\app\helpers.php:7) {"exception":"[object] (Symfony\\Component\\ErrorHandler\\Error\\FatalError(code: 0): Cannot redeclare province_name() (previously declared in C:\\Users\\AMIN\\Desktop\\bigstore\\app\\helpers.php:7) at C:\\Users\\AMIN\\Desktop\\bigstore\\app\\helpers.php:9)
[stacktrace]
#0 {main}
"} 
[2026-07-15 13:47:48] local.ERROR: Cannot redeclare province_name() (previously declared in C:\Users\AMIN\Desktop\bigstore\app\helpers.php:7) {"exception":"[object] (Symfony\\Component\\ErrorHandler\\Error\\FatalError(code: 0): Cannot redeclare province_name() (previously declared in C:\\Users\\AMIN\\Desktop\\bigstore\\app\\helpers.php:7) at C:\\Users\\AMIN\\Desktop\\bigstore\\app\\helpers.php:9)
[stacktrace]
#0 {main}
"} 
[2026-07-15 13:48:49] local.ERROR: Cannot redeclare province_name() (previously declared in C:\Users\AMIN\Desktop\bigstore\app\helpers.php:7) {"exception":"[object] (Symfony\\Component\\ErrorHandler\\Error\\FatalError(code: 0): Cannot redeclare province_name() (previously declared in C:\\Users\\AMIN\\Desktop\\bigstore\\app\\helpers.php:7) at C:\\Users\\AMIN\\Desktop\\bigstore\\app\\helpers.php:9)
[stacktrace]
#0 {main}
"} 
[2026-07-15 13:49:48] local.ERROR: Cannot redeclare province_name() (previously declared in C:\Users\AMIN\Desktop\bigstore\app\helpers.php:7) {"exception":"[object] (Symfony\\Component\\ErrorHandler\\Error\\FatalError(code: 0): Cannot redeclare province_name() (previously declared in C:\\Users\\AMIN\\Desktop\\bigstore\\app\\helpers.php:7) at C:\\Users\\AMIN\\Desktop\\bigstore\\app\\helpers.php:9)
[stacktrace]
#0 {main}
"} 
[2026-07-15 13:50:48] local.ERROR: Cannot redeclare province_name() (previously declared in C:\Users\AMIN\Desktop\bigstore\app\helpers.php:7) {"exception":"[object] (Symfony\\Component\\ErrorHandler\\Error\\FatalError(code: 0): Cannot redeclare province_name() (previously declared in C:\\Users\\AMIN\\Desktop\\bigstore\\app\\helpers.php:7) at C:\\Users\\AMIN\\Desktop\\bigstore\\app\\helpers.php:9)
[stacktrace]
#0 {main}
"} 
[2026-07-15 13:51:48] local.ERROR: Cannot redeclare province_name() (previously declared in C:\Users\AMIN\Desktop\bigstore\app\helpers.php:7) {"exception":"[object] (Symfony\\Component\\ErrorHandler\\Error\\FatalError(code: 0): Cannot redeclare province_name() (previously declared in C:\\Users\\AMIN\\Desktop\\bigstore\\app\\helpers.php:7) at C:\\Users\\AMIN\\Desktop\\bigstore\\app\\helpers.php:9)
[stacktrace]
#0 {main}
"} 
[2026-07-15 13:52:49] local.ERROR: Cannot redeclare province_name() (previously declared in C:\Users\AMIN\Desktop\bigstore\app\helpers.php:7) {"exception":"[object] (Symfony\\Component\\ErrorHandler\\Error\\FatalError(code: 0): Cannot redeclare province_name() (previously declared in C:\\Users\\AMIN\\Desktop\\bigstore\\app\\helpers.php:7) at C:\\Users\\AMIN\\Desktop\\bigstore\\app\\helpers.php:9)
[stacktrace]
#0 {main}
"} 
[2026-07-15 13:53:48] local.ERROR: Cannot redeclare province_name() (previously declared in C:\Users\AMIN\Desktop\bigstore\app\helpers.php:7) {"exception":"[object] (Symfony\\Component\\ErrorHandler\\Error\\FatalError(code: 0): Cannot redeclare province_name() (previously declared in C:\\Users\\AMIN\\Desktop\\bigstore\\app\\helpers.php:7) at C:\\Users\\AMIN\\Desktop\\bigstore\\app\\helpers.php:9)
[stacktrace]
#0 {main}
"} 
[2026-07-15 13:54:49] local.ERROR: Cannot redeclare province_name() (previously declared in C:\Users\AMIN\Desktop\bigstore\app\helpers.php:7) {"exception":"[object] (Symfony\\Component\\ErrorHandler\\Error\\FatalError(code: 0): Cannot redeclare province_name() (previously declared in C:\\Users\\AMIN\\Desktop\\bigstore\\app\\helpers.php:7) at C:\\Users\\AMIN\\Desktop\\bigstore\\app\\helpers.php:9)
[stacktrace]
#0 {main}
"} 
[2026-07-15 13:55:49] local.ERROR: Cannot redeclare province_name() (previously declared in C:\Users\AMIN\Desktop\bigstore\app\helpers.php:7) {"exception":"[object] (Symfony\\Component\\ErrorHandler\\Error\\FatalError(code: 0): Cannot redeclare province_name() (previously declared in C:\\Users\\AMIN\\Desktop\\bigstore\\app\\helpers.php:7) at C:\\Users\\AMIN\\Desktop\\bigstore\\app\\helpers.php:9)
[stacktrace]
#0 {main}
"} 
[2026-07-15 13:56:49] local.ERROR: Cannot redeclare province_name() (previously declared in C:\Users\AMIN\Desktop\bigstore\app\helpers.php:7) {"exception":"[object] (Symfony\\Component\\ErrorHandler\\Error\\FatalError(code: 0): Cannot redeclare province_name() (previously declared in C:\\Users\\AMIN\\Desktop\\bigstore\\app\\helpers.php:7) at C:\\Users\\AMIN\\Desktop\\bigstore\\app\\helpers.php:9)
[stacktrace]
#0 {main}
"} 
[2026-07-15 13:57:48] local.ERROR: Cannot redeclare province_name() (previously declared in C:\Users\AMIN\Desktop\bigstore\app\helpers.php:7) {"exception":"[object] (Symfony\\Component\\ErrorHandler\\Error\\FatalError(code: 0): Cannot redeclare province_name() (previously declared in C:\\Users\\AMIN\\Desktop\\bigstore\\app\\helpers.php:7) at C:\\Users\\AMIN\\Desktop\\bigstore\\app\\helpers.php:9)
[stacktrace]
#0 {main}
"} 
[2026-07-15 13:58:48] local.ERROR: Cannot redeclare province_name() (previously declared in C:\Users\AMIN\Desktop\bigstore\app\helpers.php:7) {"exception":"[object] (Symfony\\Component\\ErrorHandler\\Error\\FatalError(code: 0): Cannot redeclare province_name() (previously declared in C:\\Users\\AMIN\\Desktop\\bigstore\\app\\helpers.php:7) at C:\\Users\\AMIN\\Desktop\\bigstore\\app\\helpers.php:9)
[stacktrace]
#0 {main}
"} 
[2026-07-15 13:59:48] local.ERROR: Cannot redeclare province_name() (previously declared in C:\Users\AMIN\Desktop\bigstore\app\helpers.php:7) {"exception":"[object] (Symfony\\Component\\ErrorHandler\\Error\\FatalError(code: 0): Cannot redeclare province_name() (previously declared in C:\\Users\\AMIN\\Desktop\\bigstore\\app\\helpers.php:7) at C:\\Users\\AMIN\\Desktop\\bigstore\\app\\helpers.php:9)
[stacktrace]
#0 {main}
"} 
[2026-07-15 14:00:48] local.ERROR: Cannot redeclare province_name() (previously declared in C:\Users\AMIN\Desktop\bigstore\app\helpers.php:7) {"exception":"[object] (Symfony\\Component\\ErrorHandler\\Error\\FatalError(code: 0): Cannot redeclare province_name() (previously declared in C:\\Users\\AMIN\\Desktop\\bigstore\\app\\helpers.php:7) at C:\\Users\\AMIN\\Desktop\\bigstore\\app\\helpers.php:9)
[stacktrace]
#0 {main}
"} 
[2026-07-15 14:01:48] local.ERROR: Cannot redeclare province_name() (previously declared in C:\Users\AMIN\Desktop\bigstore\app\helpers.php:7) {"exception":"[object] (Symfony\\Component\\ErrorHandler\\Error\\FatalError(code: 0): Cannot redeclare province_name() (previously declared in C:\\Users\\AMIN\\Desktop\\bigstore\\app\\helpers.php:7) at C:\\Users\\AMIN\\Desktop\\bigstore\\app\\helpers.php:9)
[stacktrace]
#0 {main}
"} 
[2026-07-15 14:02:49] local.ERROR: Cannot redeclare province_name() (previously declared in C:\Users\AMIN\Desktop\bigstore\app\helpers.php:7) {"exception":"[object] (Symfony\\Component\\ErrorHandler\\Error\\FatalError(code: 0): Cannot redeclare province_name() (previously declared in C:\\Users\\AMIN\\Desktop\\bigstore\\app\\helpers.php:7) at C:\\Users\\AMIN\\Desktop\\bigstore\\app\\helpers.php:9)
[stacktrace]
#0 {main}
"} 
[2026-07-15 14:03:49] local.ERROR: Cannot redeclare province_name() (previously declared in C:\Users\AMIN\Desktop\bigstore\app\helpers.php:7) {"exception":"[object] (Symfony\\Component\\ErrorHandler\\Error\\FatalError(code: 0): Cannot redeclare province_name() (previously declared in C:\\Users\\AMIN\\Desktop\\bigstore\\app\\helpers.php:7) at C:\\Users\\AMIN\\Desktop\\bigstore\\app\\helpers.php:9)
[stacktrace]
#0 {main}
"} 
[2026-07-15 14:04:49] local.ERROR: Cannot redeclare province_name() (previously declared in C:\Users\AMIN\Desktop\bigstore\app\helpers.php:7) {"exception":"[object] (Symfony\\Component\\ErrorHandler\\Error\\FatalError(code: 0): Cannot redeclare province_name() (previously declared in C:\\Users\\AMIN\\Desktop\\bigstore\\app\\helpers.php:7) at C:\\Users\\AMIN\\Desktop\\bigstore\\app\\helpers.php:9)
[stacktrace]
#0 {main}
"} 
[2026-07-15 14:05:49] local.ERROR: Cannot redeclare province_name() (previously declared in C:\Users\AMIN\Desktop\bigstore\app\helpers.php:7) {"exception":"[object] (Symfony\\Component\\ErrorHandler\\Error\\FatalError(code: 0): Cannot redeclare province_name() (previously declared in C:\\Users\\AMIN\\Desktop\\bigstore\\app\\helpers.php:7) at C:\\Users\\AMIN\\Desktop\\bigstore\\app\\helpers.php:9)
[stacktrace]
#0 {main}
"} 
[2026-07-15 14:06:49] local.ERROR: Cannot redeclare province_name() (previously declared in C:\Users\AMIN\Desktop\bigstore\app\helpers.php:7) {"exception":"[object] (Symfony\\Component\\ErrorHandler\\Error\\FatalError(code: 0): Cannot redeclare province_name() (previously declared in C:\\Users\\AMIN\\Desktop\\bigstore\\app\\helpers.php:7) at C:\\Users\\AMIN\\Desktop\\bigstore\\app\\helpers.php:9)
[stacktrace]
#0 {main}
"} 
[2026-07-15 14:07:49] local.ERROR: Cannot redeclare province_name() (previously declared in C:\Users\AMIN\Desktop\bigstore\app\helpers.php:7) {"exception":"[object] (Symfony\\Component\\ErrorHandler\\Error\\FatalError(code: 0): Cannot redeclare province_name() (previously declared in C:\\Users\\AMIN\\Desktop\\bigstore\\app\\helpers.php:7) at C:\\Users\\AMIN\\Desktop\\bigstore\\app\\helpers.php:9)
[stacktrace]
#0 {main}
"} 
[2026-07-15 14:08:49] local.ERROR: Cannot redeclare province_name() (previously declared in C:\Users\AMIN\Desktop\bigstore\app\helpers.php:7) {"exception":"[object] (Symfony\\Component\\ErrorHandler\\Error\\FatalError(code: 0): Cannot redeclare province_name() (previously declared in C:\\Users\\AMIN\\Desktop\\bigstore\\app\\helpers.php:7) at C:\\Users\\AMIN\\Desktop\\bigstore\\app\\helpers.php:9)
[stacktrace]
#0 {main}
"} 
[2026-07-15 14:09:49] local.ERROR: Cannot redeclare province_name() (previously declared in C:\Users\AMIN\Desktop\bigstore\app\helpers.php:7) {"exception":"[object] (Symfony\\Component\\ErrorHandler\\Error\\FatalError(code: 0): Cannot redeclare province_name() (previously declared in C:\\Users\\AMIN\\Desktop\\bigstore\\app\\helpers.php:7) at C:\\Users\\AMIN\\Desktop\\bigstore\\app\\helpers.php:9)
[stacktrace]
#0 {main}
"} 
[2026-07-15 14:10:49] local.ERROR: Cannot redeclare province_name() (previously declared in C:\Users\AMIN\Desktop\bigstore\app\helpers.php:7) {"exception":"[object] (Symfony\\Component\\ErrorHandler\\Error\\FatalError(code: 0): Cannot redeclare province_name() (previously declared in C:\\Users\\AMIN\\Desktop\\bigstore\\app\\helpers.php:7) at C:\\Users\\AMIN\\Desktop\\bigstore\\app\\helpers.php:9)
[stacktrace]
#0 {main}
"} 
[2026-07-15 14:11:49] local.ERROR: Cannot redeclare province_name() (previously declared in C:\Users\AMIN\Desktop\bigstore\app\helpers.php:7) {"exception":"[object] (Symfony\\Component\\ErrorHandler\\Error\\FatalError(code: 0): Cannot redeclare province_name() (previously declared in C:\\Users\\AMIN\\Desktop\\bigstore\\app\\helpers.php:7) at C:\\Users\\AMIN\\Desktop\\bigstore\\app\\helpers.php:9)
[stacktrace]
#0 {main}
"} 
[2026-07-15 14:12:49] local.ERROR: Cannot redeclare province_name() (previously declared in C:\Users\AMIN\Desktop\bigstore\app\helpers.php:7) {"exception":"[object] (Symfony\\Component\\ErrorHandler\\Error\\FatalError(code: 0): Cannot redeclare province_name() (previously declared in C:\\Users\\AMIN\\Desktop\\bigstore\\app\\helpers.php:7) at C:\\Users\\AMIN\\Desktop\\bigstore\\app\\helpers.php:9)
[stacktrace]
#0 {main}
"} 
[2026-07-15 14:13:49] local.ERROR: Cannot redeclare province_name() (previously declared in C:\Users\AMIN\Desktop\bigstore\app\helpers.php:7) {"exception":"[object] (Symfony\\Component\\ErrorHandler\\Error\\FatalError(code: 0): Cannot redeclare province_name() (previously declared in C:\\Users\\AMIN\\Desktop\\bigstore\\app\\helpers.php:7) at C:\\Users\\AMIN\\Desktop\\bigstore\\app\\helpers.php:9)
[stacktrace]
#0 {main}
"} 
[2026-07-15 14:14:49] local.ERROR: Cannot redeclare province_name() (previously declared in C:\Users\AMIN\Desktop\bigstore\app\helpers.php:7) {"exception":"[object] (Symfony\\Component\\ErrorHandler\\Error\\FatalError(code: 0): Cannot redeclare province_name() (previously declared in C:\\Users\\AMIN\\Desktop\\bigstore\\app\\helpers.php:7) at C:\\Users\\AMIN\\Desktop\\bigstore\\app\\helpers.php:9)
[stacktrace]
#0 {main}
"} 
[2026-07-15 14:15:49] local.ERROR: Cannot redeclare province_name() (previously declared in C:\Users\AMIN\Desktop\bigstore\app\helpers.php:7) {"exception":"[object] (Symfony\\Component\\ErrorHandler\\Error\\FatalError(code: 0): Cannot redeclare province_name() (previously declared in C:\\Users\\AMIN\\Desktop\\bigstore\\app\\helpers.php:7) at C:\\Users\\AMIN\\Desktop\\bigstore\\app\\helpers.php:9)
[stacktrace]
#0 {main}
"} 
[2026-07-15 14:16:49] local.ERROR: Cannot redeclare province_name() (previously declared in C:\Users\AMIN\Desktop\bigstore\app\helpers.php:7) {"exception":"[object] (Symfony\\Component\\ErrorHandler\\Error\\FatalError(code: 0): Cannot redeclare province_name() (previously declared in C:\\Users\\AMIN\\Desktop\\bigstore\\app\\helpers.php:7) at C:\\Users\\AMIN\\Desktop\\bigstore\\app\\helpers.php:9)
[stacktrace]
#0 {main}
"} 
[2026-07-15 14:17:49] local.ERROR: Cannot redeclare province_name() (previously declared in C:\Users\AMIN\Desktop\bigstore\app\helpers.php:7) {"exception":"[object] (Symfony\\Component\\ErrorHandler\\Error\\FatalError(code: 0): Cannot redeclare province_name() (previously declared in C:\\Users\\AMIN\\Desktop\\bigstore\\app\\helpers.php:7) at C:\\Users\\AMIN\\Desktop\\bigstore\\app\\helpers.php:9)
[stacktrace]
#0 {main}
"} 
[2026-07-15 14:18:49] local.ERROR: Cannot redeclare province_name() (previously declared in C:\Users\AMIN\Desktop\bigstore\app\helpers.php:7) {"exception":"[object] (Symfony\\Component\\ErrorHandler\\Error\\FatalError(code: 0): Cannot redeclare province_name() (previously declared in C:\\Users\\AMIN\\Desktop\\bigstore\\app\\helpers.php:7) at C:\\Users\\AMIN\\Desktop\\bigstore\\app\\helpers.php:9)
[stacktrace]
#0 {main}
"} 
[2026-07-15 14:19:49] local.ERROR: Cannot redeclare province_name() (previously declared in C:\Users\AMIN\Desktop\bigstore\app\helpers.php:7) {"exception":"[object] (Symfony\\Component\\ErrorHandler\\Error\\FatalError(code: 0): Cannot redeclare province_name() (previously declared in C:\\Users\\AMIN\\Desktop\\bigstore\\app\\helpers.php:7) at C:\\Users\\AMIN\\Desktop\\bigstore\\app\\helpers.php:9)
[stacktrace]
#0 {main}
"} 
[2026-07-15 14:20:49] local.ERROR: Cannot redeclare province_name() (previously declared in C:\Users\AMIN\Desktop\bigstore\app\helpers.php:7) {"exception":"[object] (Symfony\\Component\\ErrorHandler\\Error\\FatalError(code: 0): Cannot redeclare province_name() (previously declared in C:\\Users\\AMIN\\Desktop\\bigstore\\app\\helpers.php:7) at C:\\Users\\AMIN\\Desktop\\bigstore\\app\\helpers.php:9)
[stacktrace]
#0 {main}
"} 
[2026-07-15 14:21:49] local.ERROR: Cannot redeclare province_name() (previously declared in C:\Users\AMIN\Desktop\bigstore\app\helpers.php:7) {"exception":"[object] (Symfony\\Component\\ErrorHandler\\Error\\FatalError(code: 0): Cannot redeclare province_name() (previously declared in C:\\Users\\AMIN\\Desktop\\bigstore\\app\\helpers.php:7) at C:\\Users\\AMIN\\Desktop\\bigstore\\app\\helpers.php:9)
[stacktrace]
#0 {main}
"} 
[2026-07-15 14:22:49] local.ERROR: Cannot redeclare province_name() (previously declared in C:\Users\AMIN\Desktop\bigstore\app\helpers.php:7) {"exception":"[object] (Symfony\\Component\\ErrorHandler\\Error\\FatalError(code: 0): Cannot redeclare province_name() (previously declared in C:\\Users\\AMIN\\Desktop\\bigstore\\app\\helpers.php:7) at C:\\Users\\AMIN\\Desktop\\bigstore\\app\\helpers.php:9)
[stacktrace]
#0 {main}
"} 
[2026-07-15 14:23:49] local.ERROR: Cannot redeclare province_name() (previously declared in C:\Users\AMIN\Desktop\bigstore\app\helpers.php:7) {"exception":"[object] (Symfony\\Component\\ErrorHandler\\Error\\FatalError(code: 0): Cannot redeclare province_name() (previously declared in C:\\Users\\AMIN\\Desktop\\bigstore\\app\\helpers.php:7) at C:\\Users\\AMIN\\Desktop\\bigstore\\app\\helpers.php:9)
[stacktrace]
#0 {main}
"} 
[2026-07-15 14:24:49] local.ERROR: Cannot redeclare province_name() (previously declared in C:\Users\AMIN\Desktop\bigstore\app\helpers.php:7) {"exception":"[object] (Symfony\\Component\\ErrorHandler\\Error\\FatalError(code: 0): Cannot redeclare province_name() (previously declared in C:\\Users\\AMIN\\Desktop\\bigstore\\app\\helpers.php:7) at C:\\Users\\AMIN\\Desktop\\bigstore\\app\\helpers.php:9)
[stacktrace]
#0 {main}
"} 
[2026-07-15 14:25:49] local.ERROR: Cannot redeclare province_name() (previously declared in C:\Users\AMIN\Desktop\bigstore\app\helpers.php:7) {"exception":"[object] (Symfony\\Component\\ErrorHandler\\Error\\FatalError(code: 0): Cannot redeclare province_name() (previously declared in C:\\Users\\AMIN\\Desktop\\bigstore\\app\\helpers.php:7) at C:\\Users\\AMIN\\Desktop\\bigstore\\app\\helpers.php:9)
[stacktrace]
#0 {main}
"} 
[2026-07-15 14:26:49] local.ERROR: Cannot redeclare province_name() (previously declared in C:\Users\AMIN\Desktop\bigstore\app\helpers.php:7) {"exception":"[object] (Symfony\\Component\\ErrorHandler\\Error\\FatalError(code: 0): Cannot redeclare province_name() (previously declared in C:\\Users\\AMIN\\Desktop\\bigstore\\app\\helpers.php:7) at C:\\Users\\AMIN\\Desktop\\bigstore\\app\\helpers.php:9)
[stacktrace]
#0 {main}
"} 
[2026-07-15 14:27:49] local.ERROR: Cannot redeclare province_name() (previously declared in C:\Users\AMIN\Desktop\bigstore\app\helpers.php:7) {"exception":"[object] (Symfony\\Component\\ErrorHandler\\Error\\FatalError(code: 0): Cannot redeclare province_name() (previously declared in C:\\Users\\AMIN\\Desktop\\bigstore\\app\\helpers.php:7) at C:\\Users\\AMIN\\Desktop\\bigstore\\app\\helpers.php:9)
[stacktrace]
#0 {main}
"} 
[2026-07-15 14:28:49] local.ERROR: Cannot redeclare province_name() (previously declared in C:\Users\AMIN\Desktop\bigstore\app\helpers.php:7) {"exception":"[object] (Symfony\\Component\\ErrorHandler\\Error\\FatalError(code: 0): Cannot redeclare province_name() (previously declared in C:\\Users\\AMIN\\Desktop\\bigstore\\app\\helpers.php:7) at C:\\Users\\AMIN\\Desktop\\bigstore\\app\\helpers.php:9)
[stacktrace]
#0 {main}
"} 
[2026-07-15 14:29:49] local.ERROR: Cannot redeclare province_name() (previously declared in C:\Users\AMIN\Desktop\bigstore\app\helpers.php:7) {"exception":"[object] (Symfony\\Component\\ErrorHandler\\Error\\FatalError(code: 0): Cannot redeclare province_name() (previously declared in C:\\Users\\AMIN\\Desktop\\bigstore\\app\\helpers.php:7) at C:\\Users\\AMIN\\Desktop\\bigstore\\app\\helpers.php:9)
[stacktrace]
#0 {main}
"} 
[2026-07-15 14:30:49] local.ERROR: Cannot redeclare province_name() (previously declared in C:\Users\AMIN\Desktop\bigstore\app\helpers.php:7) {"exception":"[object] (Symfony\\Component\\ErrorHandler\\Error\\FatalError(code: 0): Cannot redeclare province_name() (previously declared in C:\\Users\\AMIN\\Desktop\\bigstore\\app\\helpers.php:7) at C:\\Users\\AMIN\\Desktop\\bigstore\\app\\helpers.php:9)
[stacktrace]
#0 {main}
"} 
[2026-07-15 14:31:49] local.ERROR: Cannot redeclare province_name() (previously declared in C:\Users\AMIN\Desktop\bigstore\app\helpers.php:7) {"exception":"[object] (Symfony\\Component\\ErrorHandler\\Error\\FatalError(code: 0): Cannot redeclare province_name() (previously declared in C:\\Users\\AMIN\\Desktop\\bigstore\\app\\helpers.php:7) at C:\\Users\\AMIN\\Desktop\\bigstore\\app\\helpers.php:9)
[stacktrace]
#0 {main}
"} 
[2026-07-15 14:32:49] local.ERROR: Cannot redeclare province_name() (previously declared in C:\Users\AMIN\Desktop\bigstore\app\helpers.php:7) {"exception":"[object] (Symfony\\Component\\ErrorHandler\\Error\\FatalError(code: 0): Cannot redeclare province_name() (previously declared in C:\\Users\\AMIN\\Desktop\\bigstore\\app\\helpers.php:7) at C:\\Users\\AMIN\\Desktop\\bigstore\\app\\helpers.php:9)
[stacktrace]
#0 {main}
"} 
[2026-07-15 14:33:49] local.ERROR: Cannot redeclare province_name() (previously declared in C:\Users\AMIN\Desktop\bigstore\app\helpers.php:7) {"exception":"[object] (Symfony\\Component\\ErrorHandler\\Error\\FatalError(code: 0): Cannot redeclare province_name() (previously declared in C:\\Users\\AMIN\\Desktop\\bigstore\\app\\helpers.php:7) at C:\\Users\\AMIN\\Desktop\\bigstore\\app\\helpers.php:9)
[stacktrace]
#0 {main}
"} 
[2026-07-15 14:34:49] local.ERROR: Cannot redeclare province_name() (previously declared in C:\Users\AMIN\Desktop\bigstore\app\helpers.php:7) {"exception":"[object] (Symfony\\Component\\ErrorHandler\\Error\\FatalError(code: 0): Cannot redeclare province_name() (previously declared in C:\\Users\\AMIN\\Desktop\\bigstore\\app\\helpers.php:7) at C:\\Users\\AMIN\\Desktop\\bigstore\\app\\helpers.php:9)
[stacktrace]
#0 {main}
"} 
[2026-07-15 14:35:49] local.ERROR: Cannot redeclare province_name() (previously declared in C:\Users\AMIN\Desktop\bigstore\app\helpers.php:7) {"exception":"[object] (Symfony\\Component\\ErrorHandler\\Error\\FatalError(code: 0): Cannot redeclare province_name() (previously declared in C:\\Users\\AMIN\\Desktop\\bigstore\\app\\helpers.php:7) at C:\\Users\\AMIN\\Desktop\\bigstore\\app\\helpers.php:9)
[stacktrace]
#0 {main}
"} 
[2026-07-15 14:36:49] local.ERROR: Cannot redeclare province_name() (previously declared in C:\Users\AMIN\Desktop\bigstore\app\helpers.php:7) {"exception":"[object] (Symfony\\Component\\ErrorHandler\\Error\\FatalError(code: 0): Cannot redeclare province_name() (previously declared in C:\\Users\\AMIN\\Desktop\\bigstore\\app\\helpers.php:7) at C:\\Users\\AMIN\\Desktop\\bigstore\\app\\helpers.php:9)
[stacktrace]
#0 {main}
"} 
[2026-07-15 14:37:49] local.ERROR: Cannot redeclare province_name() (previously declared in C:\Users\AMIN\Desktop\bigstore\app\helpers.php:7) {"exception":"[object] (Symfony\\Component\\ErrorHandler\\Error\\FatalError(code: 0): Cannot redeclare province_name() (previously declared in C:\\Users\\AMIN\\Desktop\\bigstore\\app\\helpers.php:7) at C:\\Users\\AMIN\\Desktop\\bigstore\\app\\helpers.php:9)
[stacktrace]
#0 {main}
"} 
[2026-07-15 14:38:49] local.ERROR: Cannot redeclare province_name() (previously declared in C:\Users\AMIN\Desktop\bigstore\app\helpers.php:7) {"exception":"[object] (Symfony\\Component\\ErrorHandler\\Error\\FatalError(code: 0): Cannot redeclare province_name() (previously declared in C:\\Users\\AMIN\\Desktop\\bigstore\\app\\helpers.php:7) at C:\\Users\\AMIN\\Desktop\\bigstore\\app\\helpers.php:9)
[stacktrace]
#0 {main}
"} 
[2026-07-15 14:39:49] local.ERROR: Cannot redeclare province_name() (previously declared in C:\Users\AMIN\Desktop\bigstore\app\helpers.php:7) {"exception":"[object] (Symfony\\Component\\ErrorHandler\\Error\\FatalError(code: 0): Cannot redeclare province_name() (previously declared in C:\\Users\\AMIN\\Desktop\\bigstore\\app\\helpers.php:7) at C:\\Users\\AMIN\\Desktop\\bigstore\\app\\helpers.php:9)
[stacktrace]
#0 {main}
"} 
[2026-07-15 14:40:49] local.ERROR: Cannot redeclare province_name() (previously declared in C:\Users\AMIN\Desktop\bigstore\app\helpers.php:7) {"exception":"[object] (Symfony\\Component\\ErrorHandler\\Error\\FatalError(code: 0): Cannot redeclare province_name() (previously declared in C:\\Users\\AMIN\\Desktop\\bigstore\\app\\helpers.php:7) at C:\\Users\\AMIN\\Desktop\\bigstore\\app\\helpers.php:9)
[stacktrace]
#0 {main}
"} 
[2026-07-15 14:41:49] local.ERROR: Cannot redeclare province_name() (previously declared in C:\Users\AMIN\Desktop\bigstore\app\helpers.php:7) {"exception":"[object] (Symfony\\Component\\ErrorHandler\\Error\\FatalError(code: 0): Cannot redeclare province_name() (previously declared in C:\\Users\\AMIN\\Desktop\\bigstore\\app\\helpers.php:7) at C:\\Users\\AMIN\\Desktop\\bigstore\\app\\helpers.php:9)
[stacktrace]
#0 {main}
"} 
[2026-07-15 14:42:49] local.ERROR: Cannot redeclare province_name() (previously declared in C:\Users\AMIN\Desktop\bigstore\app\helpers.php:7) {"exception":"[object] (Symfony\\Component\\ErrorHandler\\Error\\FatalError(code: 0): Cannot redeclare province_name() (previously declared in C:\\Users\\AMIN\\Desktop\\bigstore\\app\\helpers.php:7) at C:\\Users\\AMIN\\Desktop\\bigstore\\app\\helpers.php:9)
[stacktrace]
#0 {main}
"} 
[2026-07-15 14:43:49] local.ERROR: Cannot redeclare province_name() (previously declared in C:\Users\AMIN\Desktop\bigstore\app\helpers.php:7) {"exception":"[object] (Symfony\\Component\\ErrorHandler\\Error\\FatalError(code: 0): Cannot redeclare province_name() (previously declared in C:\\Users\\AMIN\\Desktop\\bigstore\\app\\helpers.php:7) at C:\\Users\\AMIN\\Desktop\\bigstore\\app\\helpers.php:9)
[stacktrace]
#0 {main}
"} 
[2026-07-15 14:44:49] local.ERROR: Cannot redeclare province_name() (previously declared in C:\Users\AMIN\Desktop\bigstore\app\helpers.php:7) {"exception":"[object] (Symfony\\Component\\ErrorHandler\\Error\\FatalError(code: 0): Cannot redeclare province_name() (previously declared in C:\\Users\\AMIN\\Desktop\\bigstore\\app\\helpers.php:7) at C:\\Users\\AMIN\\Desktop\\bigstore\\app\\helpers.php:9)
[stacktrace]
#0 {main}
"} 
[2026-07-15 14:45:49] local.ERROR: Cannot redeclare province_name() (previously declared in C:\Users\AMIN\Desktop\bigstore\app\helpers.php:7) {"exception":"[object] (Symfony\\Component\\ErrorHandler\\Error\\FatalError(code: 0): Cannot redeclare province_name() (previously declared in C:\\Users\\AMIN\\Desktop\\bigstore\\app\\helpers.php:7) at C:\\Users\\AMIN\\Desktop\\bigstore\\app\\helpers.php:9)
[stacktrace]
#0 {main}
"} 
[2026-07-15 14:46:49] local.ERROR: Cannot redeclare province_name() (previously declared in C:\Users\AMIN\Desktop\bigstore\app\helpers.php:7) {"exception":"[object] (Symfony\\Component\\ErrorHandler\\Error\\FatalError(code: 0): Cannot redeclare province_name() (previously declared in C:\\Users\\AMIN\\Desktop\\bigstore\\app\\helpers.php:7) at C:\\Users\\AMIN\\Desktop\\bigstore\\app\\helpers.php:9)
[stacktrace]
#0 {main}
"} 
[2026-07-15 14:47:49] local.ERROR: Cannot redeclare province_name() (previously declared in C:\Users\AMIN\Desktop\bigstore\app\helpers.php:7) {"exception":"[object] (Symfony\\Component\\ErrorHandler\\Error\\FatalError(code: 0): Cannot redeclare province_name() (previously declared in C:\\Users\\AMIN\\Desktop\\bigstore\\app\\helpers.php:7) at C:\\Users\\AMIN\\Desktop\\bigstore\\app\\helpers.php:9)
[stacktrace]
#0 {main}
"} 
[2026-07-15 14:48:49] local.ERROR: Cannot redeclare province_name() (previously declared in C:\Users\AMIN\Desktop\bigstore\app\helpers.php:7) {"exception":"[object] (Symfony\\Component\\ErrorHandler\\Error\\FatalError(code: 0): Cannot redeclare province_name() (previously declared in C:\\Users\\AMIN\\Desktop\\bigstore\\app\\helpers.php:7) at C:\\Users\\AMIN\\Desktop\\bigstore\\app\\helpers.php:9)
[stacktrace]
#0 {main}
"} 
[2026-07-15 14:49:49] local.ERROR: Cannot redeclare province_name() (previously declared in C:\Users\AMIN\Desktop\bigstore\app\helpers.php:7) {"exception":"[object] (Symfony\\Component\\ErrorHandler\\Error\\FatalError(code: 0): Cannot redeclare province_name() (previously declared in C:\\Users\\AMIN\\Desktop\\bigstore\\app\\helpers.php:7) at C:\\Users\\AMIN\\Desktop\\bigstore\\app\\helpers.php:9)
[stacktrace]
#0 {main}
"} 
[2026-07-15 14:50:49] local.ERROR: Cannot redeclare province_name() (previously declared in C:\Users\AMIN\Desktop\bigstore\app\helpers.php:7) {"exception":"[object] (Symfony\\Component\\ErrorHandler\\Error\\FatalError(code: 0): Cannot redeclare province_name() (previously declared in C:\\Users\\AMIN\\Desktop\\bigstore\\app\\helpers.php:7) at C:\\Users\\AMIN\\Desktop\\bigstore\\app\\helpers.php:9)
[stacktrace]
#0 {main}
"} 
[2026-07-15 14:51:49] local.ERROR: Cannot redeclare province_name() (previously declared in C:\Users\AMIN\Desktop\bigstore\app\helpers.php:7) {"exception":"[object] (Symfony\\Component\\ErrorHandler\\Error\\FatalError(code: 0): Cannot redeclare province_name() (previously declared in C:\\Users\\AMIN\\Desktop\\bigstore\\app\\helpers.php:7) at C:\\Users\\AMIN\\Desktop\\bigstore\\app\\helpers.php:9)
[stacktrace]
#0 {main}
"} 
[2026-07-15 14:52:49] local.ERROR: Cannot redeclare province_name() (previously declared in C:\Users\AMIN\Desktop\bigstore\app\helpers.php:7) {"exception":"[object] (Symfony\\Component\\ErrorHandler\\Error\\FatalError(code: 0): Cannot redeclare province_name() (previously declared in C:\\Users\\AMIN\\Desktop\\bigstore\\app\\helpers.php:7) at C:\\Users\\AMIN\\Desktop\\bigstore\\app\\helpers.php:9)
[stacktrace]
#0 {main}
"} 
[2026-07-15 14:53:49] local.ERROR: Cannot redeclare province_name() (previously declared in C:\Users\AMIN\Desktop\bigstore\app\helpers.php:7) {"exception":"[object] (Symfony\\Component\\ErrorHandler\\Error\\FatalError(code: 0): Cannot redeclare province_name() (previously declared in C:\\Users\\AMIN\\Desktop\\bigstore\\app\\helpers.php:7) at C:\\Users\\AMIN\\Desktop\\bigstore\\app\\helpers.php:9)
[stacktrace]
#0 {main}
"} 
[2026-07-15 14:54:49] local.ERROR: Cannot redeclare province_name() (previously declared in C:\Users\AMIN\Desktop\bigstore\app\helpers.php:7) {"exception":"[object] (Symfony\\Component\\ErrorHandler\\Error\\FatalError(code: 0): Cannot redeclare province_name() (previously declared in C:\\Users\\AMIN\\Desktop\\bigstore\\app\\helpers.php:7) at C:\\Users\\AMIN\\Desktop\\bigstore\\app\\helpers.php:9)
[stacktrace]
#0 {main}
"} 
[2026-07-15 14:55:49] local.ERROR: Cannot redeclare province_name() (previously declared in C:\Users\AMIN\Desktop\bigstore\app\helpers.php:7) {"exception":"[object] (Symfony\\Component\\ErrorHandler\\Error\\FatalError(code: 0): Cannot redeclare province_name() (previously declared in C:\\Users\\AMIN\\Desktop\\bigstore\\app\\helpers.php:7) at C:\\Users\\AMIN\\Desktop\\bigstore\\app\\helpers.php:9)
[stacktrace]
#0 {main}
"} 
[2026-07-15 14:56:49] local.ERROR: Cannot redeclare province_name() (previously declared in C:\Users\AMIN\Desktop\bigstore\app\helpers.php:7) {"exception":"[object] (Symfony\\Component\\ErrorHandler\\Error\\FatalError(code: 0): Cannot redeclare province_name() (previously declared in C:\\Users\\AMIN\\Desktop\\bigstore\\app\\helpers.php:7) at C:\\Users\\AMIN\\Desktop\\bigstore\\app\\helpers.php:9)
[stacktrace]
#0 {main}
"} 
[2026-07-15 14:57:49] local.ERROR: Cannot redeclare province_name() (previously declared in C:\Users\AMIN\Desktop\bigstore\app\helpers.php:7) {"exception":"[object] (Symfony\\Component\\ErrorHandler\\Error\\FatalError(code: 0): Cannot redeclare province_name() (previously declared in C:\\Users\\AMIN\\Desktop\\bigstore\\app\\helpers.php:7) at C:\\Users\\AMIN\\Desktop\\bigstore\\app\\helpers.php:9)
[stacktrace]
#0 {main}
"} 
[2026-07-15 14:58:49] local.ERROR: Cannot redeclare province_name() (previously declared in C:\Users\AMIN\Desktop\bigstore\app\helpers.php:7) {"exception":"[object] (Symfony\\Component\\ErrorHandler\\Error\\FatalError(code: 0): Cannot redeclare province_name() (previously declared in C:\\Users\\AMIN\\Desktop\\bigstore\\app\\helpers.php:7) at C:\\Users\\AMIN\\Desktop\\bigstore\\app\\helpers.php:9)
[stacktrace]
#0 {main}
"} 
[2026-07-15 14:59:49] local.ERROR: Cannot redeclare province_name() (previously declared in C:\Users\AMIN\Desktop\bigstore\app\helpers.php:7) {"exception":"[object] (Symfony\\Component\\ErrorHandler\\Error\\FatalError(code: 0): Cannot redeclare province_name() (previously declared in C:\\Users\\AMIN\\Desktop\\bigstore\\app\\helpers.php:7) at C:\\Users\\AMIN\\Desktop\\bigstore\\app\\helpers.php:9)
[stacktrace]
#0 {main}
"} 
[2026-07-15 15:00:49] local.ERROR: Cannot redeclare province_name() (previously declared in C:\Users\AMIN\Desktop\bigstore\app\helpers.php:7) {"exception":"[object] (Symfony\\Component\\ErrorHandler\\Error\\FatalError(code: 0): Cannot redeclare province_name() (previously declared in C:\\Users\\AMIN\\Desktop\\bigstore\\app\\helpers.php:7) at C:\\Users\\AMIN\\Desktop\\bigstore\\app\\helpers.php:9)
[stacktrace]
#0 {main}
"} 
[2026-07-15 15:01:49] local.ERROR: Cannot redeclare province_name() (previously declared in C:\Users\AMIN\Desktop\bigstore\app\helpers.php:7) {"exception":"[object] (Symfony\\Component\\ErrorHandler\\Error\\FatalError(code: 0): Cannot redeclare province_name() (previously declared in C:\\Users\\AMIN\\Desktop\\bigstore\\app\\helpers.php:7) at C:\\Users\\AMIN\\Desktop\\bigstore\\app\\helpers.php:9)
[stacktrace]
#0 {main}
"} 
[2026-07-15 15:02:49] local.ERROR: Cannot redeclare province_name() (previously declared in C:\Users\AMIN\Desktop\bigstore\app\helpers.php:7) {"exception":"[object] (Symfony\\Component\\ErrorHandler\\Error\\FatalError(code: 0): Cannot redeclare province_name() (previously declared in C:\\Users\\AMIN\\Desktop\\bigstore\\app\\helpers.php:7) at C:\\Users\\AMIN\\Desktop\\bigstore\\app\\helpers.php:9)
[stacktrace]
#0 {main}
"} 
[2026-07-15 15:03:49] local.ERROR: Cannot redeclare province_name() (previously declared in C:\Users\AMIN\Desktop\bigstore\app\helpers.php:7) {"exception":"[object] (Symfony\\Component\\ErrorHandler\\Error\\FatalError(code: 0): Cannot redeclare province_name() (previously declared in C:\\Users\\AMIN\\Desktop\\bigstore\\app\\helpers.php:7) at C:\\Users\\AMIN\\Desktop\\bigstore\\app\\helpers.php:9)
[stacktrace]
#0 {main}
"} 
[2026-07-15 15:04:49] local.ERROR: Cannot redeclare province_name() (previously declared in C:\Users\AMIN\Desktop\bigstore\app\helpers.php:7) {"exception":"[object] (Symfony\\Component\\ErrorHandler\\Error\\FatalError(code: 0): Cannot redeclare province_name() (previously declared in C:\\Users\\AMIN\\Desktop\\bigstore\\app\\helpers.php:7) at C:\\Users\\AMIN\\Desktop\\bigstore\\app\\helpers.php:9)
[stacktrace]
#0 {main}
"} 
[2026-07-15 15:05:49] local.ERROR: Cannot redeclare province_name() (previously declared in C:\Users\AMIN\Desktop\bigstore\app\helpers.php:7) {"exception":"[object] (Symfony\\Component\\ErrorHandler\\Error\\FatalError(code: 0): Cannot redeclare province_name() (previously declared in C:\\Users\\AMIN\\Desktop\\bigstore\\app\\helpers.php:7) at C:\\Users\\AMIN\\Desktop\\bigstore\\app\\helpers.php:9)
[stacktrace]
#0 {main}
"} 
[2026-07-15 15:06:49] local.ERROR: Cannot redeclare province_name() (previously declared in C:\Users\AMIN\Desktop\bigstore\app\helpers.php:7) {"exception":"[object] (Symfony\\Component\\ErrorHandler\\Error\\FatalError(code: 0): Cannot redeclare province_name() (previously declared in C:\\Users\\AMIN\\Desktop\\bigstore\\app\\helpers.php:7) at C:\\Users\\AMIN\\Desktop\\bigstore\\app\\helpers.php:9)
[stacktrace]
#0 {main}
"} 
[2026-07-15 15:07:49] local.ERROR: Cannot redeclare province_name() (previously declared in C:\Users\AMIN\Desktop\bigstore\app\helpers.php:7) {"exception":"[object] (Symfony\\Component\\ErrorHandler\\Error\\FatalError(code: 0): Cannot redeclare province_name() (previously declared in C:\\Users\\AMIN\\Desktop\\bigstore\\app\\helpers.php:7) at C:\\Users\\AMIN\\Desktop\\bigstore\\app\\helpers.php:9)
[stacktrace]
#0 {main}
"} 
[2026-07-15 15:08:49] local.ERROR: Cannot redeclare province_name() (previously declared in C:\Users\AMIN\Desktop\bigstore\app\helpers.php:7) {"exception":"[object] (Symfony\\Component\\ErrorHandler\\Error\\FatalError(code: 0): Cannot redeclare province_name() (previously declared in C:\\Users\\AMIN\\Desktop\\bigstore\\app\\helpers.php:7) at C:\\Users\\AMIN\\Desktop\\bigstore\\app\\helpers.php:9)
[stacktrace]
#0 {main}
"} 
[2026-07-15 15:09:49] local.ERROR: Cannot redeclare province_name() (previously declared in C:\Users\AMIN\Desktop\bigstore\app\helpers.php:7) {"exception":"[object] (Symfony\\Component\\ErrorHandler\\Error\\FatalError(code: 0): Cannot redeclare province_name() (previously declared in C:\\Users\\AMIN\\Desktop\\bigstore\\app\\helpers.php:7) at C:\\Users\\AMIN\\Desktop\\bigstore\\app\\helpers.php:9)
[stacktrace]
#0 {main}
"} 
[2026-07-15 15:10:49] local.ERROR: Cannot redeclare province_name() (previously declared in C:\Users\AMIN\Desktop\bigstore\app\helpers.php:7) {"exception":"[object] (Symfony\\Component\\ErrorHandler\\Error\\FatalError(code: 0): Cannot redeclare province_name() (previously declared in C:\\Users\\AMIN\\Desktop\\bigstore\\app\\helpers.php:7) at C:\\Users\\AMIN\\Desktop\\bigstore\\app\\helpers.php:9)
[stacktrace]
#0 {main}
"} 
[2026-07-15 15:11:49] local.ERROR: Cannot redeclare province_name() (previously declared in C:\Users\AMIN\Desktop\bigstore\app\helpers.php:7) {"exception":"[object] (Symfony\\Component\\ErrorHandler\\Error\\FatalError(code: 0): Cannot redeclare province_name() (previously declared in C:\\Users\\AMIN\\Desktop\\bigstore\\app\\helpers.php:7) at C:\\Users\\AMIN\\Desktop\\bigstore\\app\\helpers.php:9)
[stacktrace]
#0 {main}
"} 
[2026-07-15 15:12:12] local.ERROR: SQLSTATE[42S02]: Base table or view not found: 1146 Table 'bigstoree.posts' doesn't exist (Connection: mysql, SQL: select count(*) as aggregate from `posts`) {"userId":1,"exception":"[object] (Illuminate\\Database\\QueryException(code: 42S02): SQLSTATE[42S02]: Base table or view not found: 1146 Table 'bigstoree.posts' doesn't exist (Connection: mysql, SQL: select count(*) as aggregate from `posts`) at C:\\Users\\AMIN\\Desktop\\bigstore\\vendor\\laravel\\framework\\src\\Illuminate\\Database\\Connection.php:829)
[stacktrace]
#0 C:\\Users\\AMIN\\Desktop\\bigstore\\vendor\\laravel\\framework\\src\\Illuminate\\Database\\Connection.php(783): Illuminate\\Database\\Connection->runQueryCallback('select count(*)...', Array, Object(Closure))
#1 C:\\Users\\AMIN\\Desktop\\bigstore\\vendor\\laravel\\framework\\src\\Illuminate\\Database\\Connection.php(414): Illuminate\\Database\\Connection->run('select count(*)...', Array, Object(Closure))
#2 C:\\Users\\AMIN\\Desktop\\bigstore\\vendor\\laravel\\framework\\src\\Illuminate\\Database\\Query\\Builder.php(2913): Illuminate\\Database\\Connection->select('select count(*)...', Array, true)
#3 C:\\Users\\AMIN\\Desktop\\bigstore\\vendor\\laravel\\framework\\src\\Illuminate\\Database\\Query\\Builder.php(2902): Illuminate\\Database\\Query\\Builder->runSelect()
#4 C:\\Users\\AMIN\\Desktop\\bigstore\\vendor\\laravel\\framework\\src\\Illuminate\\Database\\Query\\Builder.php(3456): Illuminate\\Database\\Query\\Builder->Illuminate\\Database\\Query\\{closure}()
#5 C:\\Users\\AMIN\\Desktop\\bigstore\\vendor\\laravel\\framework\\src\\Illuminate\\Database\\Query\\Builder.php(2901): Illuminate\\Database\\Query\\Builder->onceWithColumns(Array, Object(Closure))
#6 C:\\Users\\AMIN\\Desktop\\bigstore\\vendor\\laravel\\framework\\src\\Illuminate\\Database\\Query\\Builder.php(3066): Illuminate\\Database\\Query\\Builder->get()
#7 C:\\Users\\AMIN\\Desktop\\bigstore\\vendor\\laravel\\framework\\src\\Illuminate\\Database\\Query\\Builder.php(3025): Illuminate\\Database\\Query\\Builder->runPaginationCountQuery(Array)
#8 C:\\Users\\AMIN\\Desktop\\bigstore\\vendor\\laravel\\framework\\src\\Illuminate\\Database\\Eloquent\\Builder.php(923): Illuminate\\Database\\Query\\Builder->getCountForPagination()
#9 C:\\Users\\AMIN\\Desktop\\bigstore\\app\\Http\\Controllers\\Admin\\PostController.php(19): Illuminate\\Database\\Eloquent\\Builder->paginate(15)
#10 C:\\Users\\AMIN\\Desktop\\bigstore\\vendor\\laravel\\framework\\src\\Illuminate\\Routing\\Controller.php(54): App\\Http\\Controllers\\Admin\\PostController->index()
#11 C:\\Users\\AMIN\\Desktop\\bigstore\\vendor\\laravel\\framework\\src\\Illuminate\\Routing\\ControllerDispatcher.php(43): Illuminate\\Routing\\Controller->callAction('index', Array)
#12 C:\\Users\\AMIN\\Desktop\\bigstore\\vendor\\laravel\\framework\\src\\Illuminate\\Routing\\Route.php(259): Illuminate\\Routing\\ControllerDispatcher->dispatch(Object(Illuminate\\Routing\\Route), Object(App\\Http\\Controllers\\Admin\\PostController), 'index')
#13 C:\\Users\\AMIN\\Desktop\\bigstore\\vendor\\laravel\\framework\\src\\Illuminate\\Routing\\Route.php(205): Illuminate\\Routing\\Route->runController()
#14 C:\\Users\\AMIN\\Desktop\\bigstore\\vendor\\laravel\\framework\\src\\Illuminate\\Routing\\Router.php(806): Illuminate\\Routing\\Route->run()
#15 C:\\Users\\AMIN\\Desktop\\bigstore\\vendor\\laravel\\framework\\src\\Illuminate\\Pipeline\\Pipeline.php(144): Illuminate\\Routing\\Router->Illuminate\\Routing\\{closure}(Object(Illuminate\\Http\\Request))
#16 C:\\Users\\AMIN\\Desktop\\bigstore\\vendor\\spatie\\laravel-permission\\src\\Middleware\\RoleMiddleware.php(37): Illuminate\\Pipeline\\Pipeline->Illuminate\\Pipeline\\{closure}(Object(Illuminate\\Http\\Request))
#17 C:\\Users\\AMIN\\Desktop\\bigstore\\vendor\\laravel\\framework\\src\\Illuminate\\Pipeline\\Pipeline.php(183): Spatie\\Permission\\Middleware\\RoleMiddleware->handle(Object(Illuminate\\Http\\Request), Object(Closure), 'admin')
#18 C:\\Users\\AMIN\\Desktop\\bigstore\\vendor\\laravel\\framework\\src\\Illuminate\\Auth\\Middleware\\EnsureEmailIsVerified.php(41): Illuminate\\Pipeline\\Pipeline->Illuminate\\Pipeline\\{closure}(Object(Illuminate\\Http\\Request))
#19 C:\\Users\\AMIN\\Desktop\\bigstore\\vendor\\laravel\\framework\\src\\Illuminate\\Pipeline\\Pipeline.php(183): Illuminate\\Auth\\Middleware\\EnsureEmailIsVerified->handle(Object(Illuminate\\Http\\Request), Object(Closure))
#20 C:\\Users\\AMIN\\Desktop\\bigstore\\vendor\\php-flasher\\flasher-laravel\\Middleware\\FlasherMiddleware.php(34): Illuminate\\Pipeline\\Pipeline->Illuminate\\Pipeline\\{closure}(Object(Illuminate\\Http\\Request))
#21 C:\\Users\\AMIN\\Desktop\\bigstore\\vendor\\laravel\\framework\\src\\Illuminate\\Pipeline\\Pipeline.php(183): Flasher\\Laravel\\Middleware\\FlasherMiddleware->handle(Object(Illuminate\\Http\\Request), Object(Closure))
#22 C:\\Users\\AMIN\\Desktop\\bigstore\\vendor\\php-flasher\\flasher-laravel\\Middleware\\SessionMiddleware.php(34): Illuminate\\Pipeline\\Pipeline->Illuminate\\Pipeline\\{closure}(Object(Illuminate\\Http\\Request))
#23 C:\\Users\\AMIN\\Desktop\\bigstore\\vendor\\laravel\\framework\\src\\Illuminate\\Pipeline\\Pipeline.php(183): Flasher\\Laravel\\Middleware\\SessionMiddleware->handle(Object(Illuminate\\Http\\Request), Object(Closure))
#24 C:\\Users\\AMIN\\Desktop\\bigstore\\vendor\\laravel\\framework\\src\\Illuminate\\Routing\\Middleware\\SubstituteBindings.php(50): Illuminate\\Pipeline\\Pipeline->Illuminate\\Pipeline\\{closure}(Object(Illuminate\\Http\\Request))
#25 C:\\Users\\AMIN\\Desktop\\bigstore\\vendor\\laravel\\framework\\src\\Illuminate\\Pipeline\\Pipeline.php(183): Illuminate\\Routing\\Middleware\\SubstituteBindings->handle(Object(Illuminate\\Http\\Request), Object(Closure))
#26 C:\\Users\\AMIN\\Desktop\\bigstore\\vendor\\laravel\\framework\\src\\Illuminate\\Auth\\Middleware\\Authenticate.php(57): Illuminate\\Pipeline\\Pipeline->Illuminate\\Pipeline\\{closure}(Object(Illuminate\\Http\\Request))
#27 C:\\Users\\AMIN\\Desktop\\bigstore\\vendor\\laravel\\framework\\src\\Illuminate\\Pipeline\\Pipeline.php(183): Illuminate\\Auth\\Middleware\\Authenticate->handle(Object(Illuminate\\Http\\Request), Object(Closure))
#28 C:\\Users\\AMIN\\Desktop\\bigstore\\vendor\\laravel\\framework\\src\\Illuminate\\Foundation\\Http\\Middleware\\VerifyCsrfToken.php(78): Illuminate\\Pipeline\\Pipeline->Illuminate\\Pipeline\\{closure}(Object(Illuminate\\Http\\Request))
#29 C:\\Users\\AMIN\\Desktop\\bigstore\\vendor\\laravel\\framework\\src\\Illuminate\\Pipeline\\Pipeline.php(183): Illuminate\\Foundation\\Http\\Middleware\\VerifyCsrfToken->handle(Object(Illuminate\\Http\\Request), Object(Closure))
#30 C:\\Users\\AMIN\\Desktop\\bigstore\\vendor\\laravel\\framework\\src\\Illuminate\\View\\Middleware\\ShareErrorsFromSession.php(49): Illuminate\\Pipeline\\Pipeline->Illuminate\\Pipeline\\{closure}(Object(Illuminate\\Http\\Request))
#31 C:\\Users\\AMIN\\Desktop\\bigstore\\vendor\\laravel\\framework\\src\\Illuminate\\Pipeline\\Pipeline.php(183): Illuminate\\View\\Middleware\\ShareErrorsFromSession->handle(Object(Illuminate\\Http\\Request), Object(Closure))
#32 C:\\Users\\AMIN\\Desktop\\bigstore\\vendor\\laravel\\framework\\src\\Illuminate\\Session\\Middleware\\StartSession.php(121): Illuminate\\Pipeline\\Pipeline->Illuminate\\Pipeline\\{closure}(Object(Illuminate\\Http\\Request))
#33 C:\\Users\\AMIN\\Desktop\\bigstore\\vendor\\laravel\\framework\\src\\Illuminate\\Session\\Middleware\\StartSession.php(64): Illuminate\\Session\\Middleware\\StartSession->handleStatefulRequest(Object(Illuminate\\Http\\Request), Object(Illuminate\\Session\\Store), Object(Closure))
#34 C:\\Users\\AMIN\\Desktop\\bigstore\\vendor\\laravel\\framework\\src\\Illuminate\\Pipeline\\Pipeline.php(183): Illuminate\\Session\\Middleware\\StartSession->handle(Object(Illuminate\\Http\\Request), Object(Closure))
#35 C:\\Users\\AMIN\\Desktop\\bigstore\\vendor\\laravel\\framework\\src\\Illuminate\\Cookie\\Middleware\\AddQueuedCookiesToResponse.php(37): Illuminate\\Pipeline\\Pipeline->Illuminate\\Pipeline\\{closure}(Object(Illuminate\\Http\\Request))
#36 C:\\Users\\AMIN\\Desktop\\bigstore\\vendor\\laravel\\framework\\src\\Illuminate\\Pipeline\\Pipeline.php(183): Illuminate\\Cookie\\Middleware\\AddQueuedCookiesToResponse->handle(Object(Illuminate\\Http\\Request), Object(Closure))
#37 C:\\Users\\AMIN\\Desktop\\bigstore\\vendor\\laravel\\framework\\src\\Illuminate\\Cookie\\Middleware\\EncryptCookies.php(67): Illuminate\\Pipeline\\Pipeline->Illuminate\\Pipeline\\{closure}(Object(Illuminate\\Http\\Request))
#38 C:\\Users\\AMIN\\Desktop\\bigstore\\vendor\\laravel\\framework\\src\\Illuminate\\Pipeline\\Pipeline.php(183): Illuminate\\Cookie\\Middleware\\EncryptCookies->handle(Object(Illuminate\\Http\\Request), Object(Closure))
#39 C:\\Users\\AMIN\\Desktop\\bigstore\\vendor\\laravel\\framework\\src\\Illuminate\\Pipeline\\Pipeline.php(119): Illuminate\\Pipeline\\Pipeline->Illuminate\\Pipeline\\{closure}(Object(Illuminate\\Http\\Request))
#40 C:\\Users\\AMIN\\Desktop\\bigstore\\vendor\\laravel\\framework\\src\\Illuminate\\Routing\\Router.php(805): Illuminate\\Pipeline\\Pipeline->then(Object(Closure))
#41 C:\\Users\\AMIN\\Desktop\\bigstore\\vendor\\laravel\\framework\\src\\Illuminate\\Routing\\Router.php(784): Illuminate\\Routing\\Router->runRouteWithinStack(Object(Illuminate\\Routing\\Route), Object(Illuminate\\Http\\Request))
#42 C:\\Users\\AMIN\\Desktop\\bigstore\\vendor\\laravel\\framework\\src\\Illuminate\\Routing\\Router.php(748): Illuminate\\Routing\\Router->runRoute(Object(Illuminate\\Http\\Request), Object(Illuminate\\Routing\\Route))
#43 C:\\Users\\AMIN\\Desktop\\bigstore\\vendor\\laravel\\framework\\src\\Illuminate\\Routing\\Router.php(737): Illuminate\\Routing\\Router->dispatchToRoute(Object(Illuminate\\Http\\Request))
#44 C:\\Users\\AMIN\\Desktop\\bigstore\\vendor\\laravel\\framework\\src\\Illuminate\\Foundation\\Http\\Kernel.php(200): Illuminate\\Routing\\Router->dispatch(Object(Illuminate\\Http\\Request))
#45 C:\\Users\\AMIN\\Desktop\\bigstore\\vendor\\laravel\\framework\\src\\Illuminate\\Pipeline\\Pipeline.php(144): Illuminate\\Foundation\\Http\\Kernel->Illuminate\\Foundation\\Http\\{closure}(Object(Illuminate\\Http\\Request))
#46 C:\\Users\\AMIN\\Desktop\\bigstore\\vendor\\livewire\\livewire\\src\\DisableBrowserCache.php(19): Illuminate\\Pipeline\\Pipeline->Illuminate\\Pipeline\\{closure}(Object(Illuminate\\Http\\Request))
#47 C:\\Users\\AMIN\\Desktop\\bigstore\\vendor\\laravel\\framework\\src\\Illuminate\\Pipeline\\Pipeline.php(183): Livewire\\DisableBrowserCache->handle(Object(Illuminate\\Http\\Request), Object(Closure))
#48 C:\\Users\\AMIN\\Desktop\\bigstore\\vendor\\laravel\\framework\\src\\Illuminate\\Foundation\\Http\\Middleware\\TransformsRequest.php(21): Illuminate\\Pipeline\\Pipeline->Illuminate\\Pipeline\\{closure}(Object(Illuminate\\Http\\Request))
#49 C:\\Users\\AMIN\\Desktop\\bigstore\\vendor\\laravel\\framework\\src\\Illuminate\\Foundation\\Http\\Middleware\\ConvertEmptyStringsToNull.php(31): Illuminate\\Foundation\\Http\\Middleware\\TransformsRequest->handle(Object(Illuminate\\Http\\Request), Object(Closure))
#50 C:\\Users\\AMIN\\Desktop\\bigstore\\vendor\\laravel\\framework\\src\\Illuminate\\Pipeline\\Pipeline.php(183): Illuminate\\Foundation\\Http\\Middleware\\ConvertEmptyStringsToNull->handle(Object(Illuminate\\Http\\Request), Object(Closure))
#51 C:\\Users\\AMIN\\Desktop\\bigstore\\vendor\\laravel\\framework\\src\\Illuminate\\Foundation\\Http\\Middleware\\TransformsRequest.php(21): Illuminate\\Pipeline\\Pipeline->Illuminate\\Pipeline\\{closure}(Object(Illuminate\\Http\\Request))
#52 C:\\Users\\AMIN\\Desktop\\bigstore\\vendor\\laravel\\framework\\src\\Illuminate\\Foundation\\Http\\Middleware\\TrimStrings.php(40): Illuminate\\Foundation\\Http\\Middleware\\TransformsRequest->handle(Object(Illuminate\\Http\\Request), Object(Closure))
#53 C:\\Users\\AMIN\\Desktop\\bigstore\\vendor\\laravel\\framework\\src\\Illuminate\\Pipeline\\Pipeline.php(183): Illuminate\\Foundation\\Http\\Middleware\\TrimStrings->handle(Object(Illuminate\\Http\\Request), Object(Closure))
#54 C:\\Users\\AMIN\\Desktop\\bigstore\\vendor\\laravel\\framework\\src\\Illuminate\\Foundation\\Http\\Middleware\\ValidatePostSize.php(27): Illuminate\\Pipeline\\Pipeline->Illuminate\\Pipeline\\{closure}(Object(Illuminate\\Http\\Request))
#55 C:\\Users\\AMIN\\Desktop\\bigstore\\vendor\\laravel\\framework\\src\\Illuminate\\Pipeline\\Pipeline.php(183): Illuminate\\Foundation\\Http\\Middleware\\ValidatePostSize->handle(Object(Illuminate\\Http\\Request), Object(Closure))
#56 C:\\Users\\AMIN\\Desktop\\bigstore\\vendor\\laravel\\framework\\src\\Illuminate\\Foundation\\Http\\Middleware\\PreventRequestsDuringMaintenance.php(99): Illuminate\\Pipeline\\Pipeline->Illuminate\\Pipeline\\{closure}(Object(Illuminate\\Http\\Request))
#57 C:\\Users\\AMIN\\Desktop\\bigstore\\vendor\\laravel\\framework\\src\\Illuminate\\Pipeline\\Pipeline.php(183): Illuminate\\Foundation\\Http\\Middleware\\PreventRequestsDuringMaintenance->handle(Object(Illuminate\\Http\\Request), Object(Closure))
#58 C:\\Users\\AMIN\\Desktop\\bigstore\\vendor\\laravel\\framework\\src\\Illuminate\\Http\\Middleware\\HandleCors.php(49): Illuminate\\Pipeline\\Pipeline->Illuminate\\Pipeline\\{closure}(Object(Illuminate\\Http\\Request))
#59 C:\\Users\\AMIN\\Desktop\\bigstore\\vendor\\laravel\\framework\\src\\Illuminate\\Pipeline\\Pipeline.php(183): Illuminate\\Http\\Middleware\\HandleCors->handle(Object(Illuminate\\Http\\Request), Object(Closure))
#60 C:\\Users\\AMIN\\Desktop\\bigstore\\vendor\\laravel\\framework\\src\\Illuminate\\Http\\Middleware\\TrustProxies.php(39): Illuminate\\Pipeline\\Pipeline->Illuminate\\Pipeline\\{closure}(Object(Illuminate\\Http\\Request))
#61 C:\\Users\\AMIN\\Desktop\\bigstore\\vendor\\laravel\\framework\\src\\Illuminate\\Pipeline\\Pipeline.php(183): Illuminate\\Http\\Middleware\\TrustProxies->handle(Object(Illuminate\\Http\\Request), Object(Closure))
#62 C:\\Users\\AMIN\\Desktop\\bigstore\\vendor\\laravel\\framework\\src\\Illuminate\\Pipeline\\Pipeline.php(119): Illuminate\\Pipeline\\Pipeline->Illuminate\\Pipeline\\{closure}(Object(Illuminate\\Http\\Request))
#63 C:\\Users\\AMIN\\Desktop\\bigstore\\vendor\\laravel\\framework\\src\\Illuminate\\Foundation\\Http\\Kernel.php(175): Illuminate\\Pipeline\\Pipeline->then(Object(Closure))
#64 C:\\Users\\AMIN\\Desktop\\bigstore\\vendor\\laravel\\framework\\src\\Illuminate\\Foundation\\Http\\Kernel.php(144): Illuminate\\Foundation\\Http\\Kernel->sendRequestThroughRouter(Object(Illuminate\\Http\\Request))
#65 C:\\Users\\AMIN\\Desktop\\bigstore\\public\\index.php(51): Illuminate\\Foundation\\Http\\Kernel->handle(Object(Illuminate\\Http\\Request))
#66 C:\\Users\\AMIN\\Desktop\\bigstore\\vendor\\laravel\\framework\\src\\Illuminate\\Foundation\\resources\\server.php(16): require_once('C:\\\\Users\\\\AMIN\\\\D...')
#67 {main}

[previous exception] [object] (PDOException(code: 42S02): SQLSTATE[42S02]: Base table or view not found: 1146 Table 'bigstoree.posts' doesn't exist at C:\\Users\\AMIN\\Desktop\\bigstore\\vendor\\laravel\\framework\\src\\Illuminate\\Database\\Connection.php:423)
[stacktrace]
#0 C:\\Users\\AMIN\\Desktop\\bigstore\\vendor\\laravel\\framework\\src\\Illuminate\\Database\\Connection.php(423): PDO->prepare('select count(*)...')
#1 C:\\Users\\AMIN\\Desktop\\bigstore\\vendor\\laravel\\framework\\src\\Illuminate\\Database\\Connection.php(816): Illuminate\\Database\\Connection->Illuminate\\Database\\{closure}('select count(*)...', Array)
#2 C:\\Users\\AMIN\\Desktop\\bigstore\\vendor\\laravel\\framework\\src\\Illuminate\\Database\\Connection.php(783): Illuminate\\Database\\Connection->runQueryCallback('select count(*)...', Array, Object(Closure))
#3 C:\\Users\\AMIN\\Desktop\\bigstore\\vendor\\laravel\\framework\\src\\Illuminate\\Database\\Connection.php(414): Illuminate\\Database\\Connection->run('select count(*)...', Array, Object(Closure))
#4 C:\\Users\\AMIN\\Desktop\\bigstore\\vendor\\laravel\\framework\\src\\Illuminate\\Database\\Query\\Builder.php(2913): Illuminate\\Database\\Connection->select('select count(*)...', Array, true)
#5 C:\\Users\\AMIN\\Desktop\\bigstore\\vendor\\laravel\\framework\\src\\Illuminate\\Database\\Query\\Builder.php(2902): Illuminate\\Database\\Query\\Builder->runSelect()
#6 C:\\Users\\AMIN\\Desktop\\bigstore\\vendor\\laravel\\framework\\src\\Illuminate\\Database\\Query\\Builder.php(3456): Illuminate\\Database\\Query\\Builder->Illuminate\\Database\\Query\\{closure}()
#7 C:\\Users\\AMIN\\Desktop\\bigstore\\vendor\\laravel\\framework\\src\\Illuminate\\Database\\Query\\Builder.php(2901): Illuminate\\Database\\Query\\Builder->onceWithColumns(Array, Object(Closure))
#8 C:\\Users\\AMIN\\Desktop\\bigstore\\vendor\\laravel\\framework\\src\\Illuminate\\Database\\Query\\Builder.php(3066): Illuminate\\Database\\Query\\Builder->get()
#9 C:\\Users\\AMIN\\Desktop\\bigstore\\vendor\\laravel\\framework\\src\\Illuminate\\Database\\Query\\Builder.php(3025): Illuminate\\Database\\Query\\Builder->runPaginationCountQuery(Array)
#10 C:\\Users\\AMIN\\Desktop\\bigstore\\vendor\\laravel\\framework\\src\\Illuminate\\Database\\Eloquent\\Builder.php(923): Illuminate\\Database\\Query\\Builder->getCountForPagination()
#11 C:\\Users\\AMIN\\Desktop\\bigstore\\app\\Http\\Controllers\\Admin\\PostController.php(19): Illuminate\\Database\\Eloquent\\Builder->paginate(15)
#12 C:\\Users\\AMIN\\Desktop\\bigstore\\vendor\\laravel\\framework\\src\\Illuminate\\Routing\\Controller.php(54): App\\Http\\Controllers\\Admin\\PostController->index()
#13 C:\\Users\\AMIN\\Desktop\\bigstore\\vendor\\laravel\\framework\\src\\Illuminate\\Routing\\ControllerDispatcher.php(43): Illuminate\\Routing\\Controller->callAction('index', Array)
#14 C:\\Users\\AMIN\\Desktop\\bigstore\\vendor\\laravel\\framework\\src\\Illuminate\\Routing\\Route.php(259): Illuminate\\Routing\\ControllerDispatcher->dispatch(Object(Illuminate\\Routing\\Route), Object(App\\Http\\Controllers\\Admin\\PostController), 'index')
#15 C:\\Users\\AMIN\\Desktop\\bigstore\\vendor\\laravel\\framework\\src\\Illuminate\\Routing\\Route.php(205): Illuminate\\Routing\\Route->runController()
#16 C:\\Users\\AMIN\\Desktop\\bigstore\\vendor\\laravel\\framework\\src\\Illuminate\\Routing\\Router.php(806): Illuminate\\Routing\\Route->run()
#17 C:\\Users\\AMIN\\Desktop\\bigstore\\vendor\\laravel\\framework\\src\\Illuminate\\Pipeline\\Pipeline.php(144): Illuminate\\Routing\\Router->Illuminate\\Routing\\{closure}(Object(Illuminate\\Http\\Request))
#18 C:\\Users\\AMIN\\Desktop\\bigstore\\vendor\\spatie\\laravel-permission\\src\\Middleware\\RoleMiddleware.php(37): Illuminate\\Pipeline\\Pipeline->Illuminate\\Pipeline\\{closure}(Object(Illuminate\\Http\\Request))
#19 C:\\Users\\AMIN\\Desktop\\bigstore\\vendor\\laravel\\framework\\src\\Illuminate\\Pipeline\\Pipeline.php(183): Spatie\\Permission\\Middleware\\RoleMiddleware->handle(Object(Illuminate\\Http\\Request), Object(Closure), 'admin')
#20 C:\\Users\\AMIN\\Desktop\\bigstore\\vendor\\laravel\\framework\\src\\Illuminate\\Auth\\Middleware\\EnsureEmailIsVerified.php(41): Illuminate\\Pipeline\\Pipeline->Illuminate\\Pipeline\\{closure}(Object(Illuminate\\Http\\Request))
#21 C:\\Users\\AMIN\\Desktop\\bigstore\\vendor\\laravel\\framework\\src\\Illuminate\\Pipeline\\Pipeline.php(183): Illuminate\\Auth\\Middleware\\EnsureEmailIsVerified->handle(Object(Illuminate\\Http\\Request), Object(Closure))
#22 C:\\Users\\AMIN\\Desktop\\bigstore\\vendor\\php-flasher\\flasher-laravel\\Middleware\\FlasherMiddleware.php(34): Illuminate\\Pipeline\\Pipeline->Illuminate\\Pipeline\\{closure}(Object(Illuminate\\Http\\Request))
#23 C:\\Users\\AMIN\\Desktop\\bigstore\\vendor\\laravel\\framework\\src\\Illuminate\\Pipeline\\Pipeline.php(183): Flasher\\Laravel\\Middleware\\FlasherMiddleware->handle(Object(Illuminate\\Http\\Request), Object(Closure))
#24 C:\\Users\\AMIN\\Desktop\\bigstore\\vendor\\php-flasher\\flasher-laravel\\Middleware\\SessionMiddleware.php(34): Illuminate\\Pipeline\\Pipeline->Illuminate\\Pipeline\\{closure}(Object(Illuminate\\Http\\Request))
#25 C:\\Users\\AMIN\\Desktop\\bigstore\\vendor\\laravel\\framework\\src\\Illuminate\\Pipeline\\Pipeline.php(183): Flasher\\Laravel\\Middleware\\SessionMiddleware->handle(Object(Illuminate\\Http\\Request), Object(Closure))
#26 C:\\Users\\AMIN\\Desktop\\bigstore\\vendor\\laravel\\framework\\src\\Illuminate\\Routing\\Middleware\\SubstituteBindings.php(50): Illuminate\\Pipeline\\Pipeline->Illuminate\\Pipeline\\{closure}(Object(Illuminate\\Http\\Request))
#27 C:\\Users\\AMIN\\Desktop\\bigstore\\vendor\\laravel\\framework\\src\\Illuminate\\Pipeline\\Pipeline.php(183): Illuminate\\Routing\\Middleware\\SubstituteBindings->handle(Object(Illuminate\\Http\\Request), Object(Closure))
#28 C:\\Users\\AMIN\\Desktop\\bigstore\\vendor\\laravel\\framework\\src\\Illuminate\\Auth\\Middleware\\Authenticate.php(57): Illuminate\\Pipeline\\Pipeline->Illuminate\\Pipeline\\{closure}(Object(Illuminate\\Http\\Request))
#29 C:\\Users\\AMIN\\Desktop\\bigstore\\vendor\\laravel\\framework\\src\\Illuminate\\Pipeline\\Pipeline.php(183): Illuminate\\Auth\\Middleware\\Authenticate->handle(Object(Illuminate\\Http\\Request), Object(Closure))
#30 C:\\Users\\AMIN\\Desktop\\bigstore\\vendor\\laravel\\framework\\src\\Illuminate\\Foundation\\Http\\Middleware\\VerifyCsrfToken.php(78): Illuminate\\Pipeline\\Pipeline->Illuminate\\Pipeline\\{closure}(Object(Illuminate\\Http\\Request))
#31 C:\\Users\\AMIN\\Desktop\\bigstore\\vendor\\laravel\\framework\\src\\Illuminate\\Pipeline\\Pipeline.php(183): Illuminate\\Foundation\\Http\\Middleware\\VerifyCsrfToken->handle(Object(Illuminate\\Http\\Request), Object(Closure))
#32 C:\\Users\\AMIN\\Desktop\\bigstore\\vendor\\laravel\\framework\\src\\Illuminate\\View\\Middleware\\ShareErrorsFromSession.php(49): Illuminate\\Pipeline\\Pipeline->Illuminate\\Pipeline\\{closure}(Object(Illuminate\\Http\\Request))
#33 C:\\Users\\AMIN\\Desktop\\bigstore\\vendor\\laravel\\framework\\src\\Illuminate\\Pipeline\\Pipeline.php(183): Illuminate\\View\\Middleware\\ShareErrorsFromSession->handle(Object(Illuminate\\Http\\Request), Object(Closure))
#34 C:\\Users\\AMIN\\Desktop\\bigstore\\vendor\\laravel\\framework\\src\\Illuminate\\Session\\Middleware\\StartSession.php(121): Illuminate\\Pipeline\\Pipeline->Illuminate\\Pipeline\\{closure}(Object(Illuminate\\Http\\Request))
#35 C:\\Users\\AMIN\\Desktop\\bigstore\\vendor\\laravel\\framework\\src\\Illuminate\\Session\\Middleware\\StartSession.php(64): Illuminate\\Session\\Middleware\\StartSession->handleStatefulRequest(Object(Illuminate\\Http\\Request), Object(Illuminate\\Session\\Store), Object(Closure))
#36 C:\\Users\\AMIN\\Desktop\\bigstore\\vendor\\laravel\\framework\\src\\Illuminate\\Pipeline\\Pipeline.php(183): Illuminate\\Session\\Middleware\\StartSession->handle(Object(Illuminate\\Http\\Request), Object(Closure))
#37 C:\\Users\\AMIN\\Desktop\\bigstore\\vendor\\laravel\\framework\\src\\Illuminate\\Cookie\\Middleware\\AddQueuedCookiesToResponse.php(37): Illuminate\\Pipeline\\Pipeline->Illuminate\\Pipeline\\{closure}(Object(Illuminate\\Http\\Request))
#38 C:\\Users\\AMIN\\Desktop\\bigstore\\vendor\\laravel\\framework\\src\\Illuminate\\Pipeline\\Pipeline.php(183): Illuminate\\Cookie\\Middleware\\AddQueuedCookiesToResponse->handle(Object(Illuminate\\Http\\Request), Object(Closure))
#39 C:\\Users\\AMIN\\Desktop\\bigstore\\vendor\\laravel\\framework\\src\\Illuminate\\Cookie\\Middleware\\EncryptCookies.php(67): Illuminate\\Pipeline\\Pipeline->Illuminate\\Pipeline\\{closure}(Object(Illuminate\\Http\\Request))
#40 C:\\Users\\AMIN\\Desktop\\bigstore\\vendor\\laravel\\framework\\src\\Illuminate\\Pipeline\\Pipeline.php(183): Illuminate\\Cookie\\Middleware\\EncryptCookies->handle(Object(Illuminate\\Http\\Request), Object(Closure))
#41 C:\\Users\\AMIN\\Desktop\\bigstore\\vendor\\laravel\\framework\\src\\Illuminate\\Pipeline\\Pipeline.php(119): Illuminate\\Pipeline\\Pipeline->Illuminate\\Pipeline\\{closure}(Object(Illuminate\\Http\\Request))
#42 C:\\Users\\AMIN\\Desktop\\bigstore\\vendor\\laravel\\framework\\src\\Illuminate\\Routing\\Router.php(805): Illuminate\\Pipeline\\Pipeline->then(Object(Closure))
#43 C:\\Users\\AMIN\\Desktop\\bigstore\\vendor\\laravel\\framework\\src\\Illuminate\\Routing\\Router.php(784): Illuminate\\Routing\\Router->runRouteWithinStack(Object(Illuminate\\Routing\\Route), Object(Illuminate\\Http\\Request))
#44 C:\\Users\\AMIN\\Desktop\\bigstore\\vendor\\laravel\\framework\\src\\Illuminate\\Routing\\Router.php(748): Illuminate\\Routing\\Router->runRoute(Object(Illuminate\\Http\\Request), Object(Illuminate\\Routing\\Route))
#45 C:\\Users\\AMIN\\Desktop\\bigstore\\vendor\\laravel\\framework\\src\\Illuminate\\Routing\\Router.php(737): Illuminate\\Routing\\Router->dispatchToRoute(Object(Illuminate\\Http\\Request))
#46 C:\\Users\\AMIN\\Desktop\\bigstore\\vendor\\laravel\\framework\\src\\Illuminate\\Foundation\\Http\\Kernel.php(200): Illuminate\\Routing\\Router->dispatch(Object(Illuminate\\Http\\Request))
#47 C:\\Users\\AMIN\\Desktop\\bigstore\\vendor\\laravel\\framework\\src\\Illuminate\\Pipeline\\Pipeline.php(144): Illuminate\\Foundation\\Http\\Kernel->Illuminate\\Foundation\\Http\\{closure}(Object(Illuminate\\Http\\Request))
#48 C:\\Users\\AMIN\\Desktop\\bigstore\\vendor\\livewire\\livewire\\src\\DisableBrowserCache.php(19): Illuminate\\Pipeline\\Pipeline->Illuminate\\Pipeline\\{closure}(Object(Illuminate\\Http\\Request))
#49 C:\\Users\\AMIN\\Desktop\\bigstore\\vendor\\laravel\\framework\\src\\Illuminate\\Pipeline\\Pipeline.php(183): Livewire\\DisableBrowserCache->handle(Object(Illuminate\\Http\\Request), Object(Closure))
#50 C:\\Users\\AMIN\\Desktop\\bigstore\\vendor\\laravel\\framework\\src\\Illuminate\\Foundation\\Http\\Middleware\\TransformsRequest.php(21): Illuminate\\Pipeline\\Pipeline->Illuminate\\Pipeline\\{closure}(Object(Illuminate\\Http\\Request))
#51 C:\\Users\\AMIN\\Desktop\\bigstore\\vendor\\laravel\\framework\\src\\Illuminate\\Foundation\\Http\\Middleware\\ConvertEmptyStringsToNull.php(31): Illuminate\\Foundation\\Http\\Middleware\\TransformsRequest->handle(Object(Illuminate\\Http\\Request), Object(Closure))
#52 C:\\Users\\AMIN\\Desktop\\bigstore\\vendor\\laravel\\framework\\src\\Illuminate\\Pipeline\\Pipeline.php(183): Illuminate\\Foundation\\Http\\Middleware\\ConvertEmptyStringsToNull->handle(Object(Illuminate\\Http\\Request), Object(Closure))
#53 C:\\Users\\AMIN\\Desktop\\bigstore\\vendor\\laravel\\framework\\src\\Illuminate\\Foundation\\Http\\Middleware\\TransformsRequest.php(21): Illuminate\\Pipeline\\Pipeline->Illuminate\\Pipeline\\{closure}(Object(Illuminate\\Http\\Request))
#54 C:\\Users\\AMIN\\Desktop\\bigstore\\vendor\\laravel\\framework\\src\\Illuminate\\Foundation\\Http\\Middleware\\TrimStrings.php(40): Illuminate\\Foundation\\Http\\Middleware\\TransformsRequest->handle(Object(Illuminate\\Http\\Request), Object(Closure))
#55 C:\\Users\\AMIN\\Desktop\\bigstore\\vendor\\laravel\\framework\\src\\Illuminate\\Pipeline\\Pipeline.php(183): Illuminate\\Foundation\\Http\\Middleware\\TrimStrings->handle(Object(Illuminate\\Http\\Request), Object(Closure))
#56 C:\\Users\\AMIN\\Desktop\\bigstore\\vendor\\laravel\\framework\\src\\Illuminate\\Foundation\\Http\\Middleware\\ValidatePostSize.php(27): Illuminate\\Pipeline\\Pipeline->Illuminate\\Pipeline\\{closure}(Object(Illuminate\\Http\\Request))
#57 C:\\Users\\AMIN\\Desktop\\bigstore\\vendor\\laravel\\framework\\src\\Illuminate\\Pipeline\\Pipeline.php(183): Illuminate\\Foundation\\Http\\Middleware\\ValidatePostSize->handle(Object(Illuminate\\Http\\Request), Object(Closure))
#58 C:\\Users\\AMIN\\Desktop\\bigstore\\vendor\\laravel\\framework\\src\\Illuminate\\Foundation\\Http\\Middleware\\PreventRequestsDuringMaintenance.php(99): Illuminate\\Pipeline\\Pipeline->Illuminate\\Pipeline\\{closure}(Object(Illuminate\\Http\\Request))
#59 C:\\Users\\AMIN\\Desktop\\bigstore\\vendor\\laravel\\framework\\src\\Illuminate\\Pipeline\\Pipeline.php(183): Illuminate\\Foundation\\Http\\Middleware\\PreventRequestsDuringMaintenance->handle(Object(Illuminate\\Http\\Request), Object(Closure))
#60 C:\\Users\\AMIN\\Desktop\\bigstore\\vendor\\laravel\\framework\\src\\Illuminate\\Http\\Middleware\\HandleCors.php(49): Illuminate\\Pipeline\\Pipeline->Illuminate\\Pipeline\\{closure}(Object(Illuminate\\Http\\Request))
#61 C:\\Users\\AMIN\\Desktop\\bigstore\\vendor\\laravel\\framework\\src\\Illuminate\\Pipeline\\Pipeline.php(183): Illuminate\\Http\\Middleware\\HandleCors->handle(Object(Illuminate\\Http\\Request), Object(Closure))
#62 C:\\Users\\AMIN\\Desktop\\bigstore\\vendor\\laravel\\framework\\src\\Illuminate\\Http\\Middleware\\TrustProxies.php(39): Illuminate\\Pipeline\\Pipeline->Illuminate\\Pipeline\\{closure}(Object(Illuminate\\Http\\Request))
#63 C:\\Users\\AMIN\\Desktop\\bigstore\\vendor\\laravel\\framework\\src\\Illuminate\\Pipeline\\Pipeline.php(183): Illuminate\\Http\\Middleware\\TrustProxies->handle(Object(Illuminate\\Http\\Request), Object(Closure))
#64 C:\\Users\\AMIN\\Desktop\\bigstore\\vendor\\laravel\\framework\\src\\Illuminate\\Pipeline\\Pipeline.php(119): Illuminate\\Pipeline\\Pipeline->Illuminate\\Pipeline\\{closure}(Object(Illuminate\\Http\\Request))
#65 C:\\Users\\AMIN\\Desktop\\bigstore\\vendor\\laravel\\framework\\src\\Illuminate\\Foundation\\Http\\Kernel.php(175): Illuminate\\Pipeline\\Pipeline->then(Object(Closure))
#66 C:\\Users\\AMIN\\Desktop\\bigstore\\vendor\\laravel\\framework\\src\\Illuminate\\Foundation\\Http\\Kernel.php(144): Illuminate\\Foundation\\Http\\Kernel->sendRequestThroughRouter(Object(Illuminate\\Http\\Request))
#67 C:\\Users\\AMIN\\Desktop\\bigstore\\public\\index.php(51): Illuminate\\Foundation\\Http\\Kernel->handle(Object(Illuminate\\Http\\Request))
#68 C:\\Users\\AMIN\\Desktop\\bigstore\\vendor\\laravel\\framework\\src\\Illuminate\\Foundation\\resources\\server.php(16): require_once('C:\\\\Users\\\\AMIN\\\\D...')
#69 {main}
"} 
[2026-07-15 15:12:49] local.ERROR: Cannot redeclare province_name() (previously declared in C:\Users\AMIN\Desktop\bigstore\app\helpers.php:7) {"exception":"[object] (Symfony\\Component\\ErrorHandler\\Error\\FatalError(code: 0): Cannot redeclare province_name() (previously declared in C:\\Users\\AMIN\\Desktop\\bigstore\\app\\helpers.php:7) at C:\\Users\\AMIN\\Desktop\\bigstore\\app\\helpers.php:9)
[stacktrace]
#0 {main}
"} 
[2026-07-15 15:13:49] local.ERROR: Cannot redeclare province_name() (previously declared in C:\Users\AMIN\Desktop\bigstore\app\helpers.php:7) {"exception":"[object] (Symfony\\Component\\ErrorHandler\\Error\\FatalError(code: 0): Cannot redeclare province_name() (previously declared in C:\\Users\\AMIN\\Desktop\\bigstore\\app\\helpers.php:7) at C:\\Users\\AMIN\\Desktop\\bigstore\\app\\helpers.php:9)
[stacktrace]
#0 {main}
"} 
[2026-07-15 15:14:49] local.ERROR: Cannot redeclare province_name() (previously declared in C:\Users\AMIN\Desktop\bigstore\app\helpers.php:7) {"exception":"[object] (Symfony\\Component\\ErrorHandler\\Error\\FatalError(code: 0): Cannot redeclare province_name() (previously declared in C:\\Users\\AMIN\\Desktop\\bigstore\\app\\helpers.php:7) at C:\\Users\\AMIN\\Desktop\\bigstore\\app\\helpers.php:9)
[stacktrace]
#0 {main}
"} 
[2026-07-15 15:15:49] local.ERROR: Cannot redeclare province_name() (previously declared in C:\Users\AMIN\Desktop\bigstore\app\helpers.php:7) {"exception":"[object] (Symfony\\Component\\ErrorHandler\\Error\\FatalError(code: 0): Cannot redeclare province_name() (previously declared in C:\\Users\\AMIN\\Desktop\\bigstore\\app\\helpers.php:7) at C:\\Users\\AMIN\\Desktop\\bigstore\\app\\helpers.php:9)
[stacktrace]
#0 {main}
"} 
[2026-07-15 15:16:49] local.ERROR: Cannot redeclare province_name() (previously declared in C:\Users\AMIN\Desktop\bigstore\app\helpers.php:7) {"exception":"[object] (Symfony\\Component\\ErrorHandler\\Error\\FatalError(code: 0): Cannot redeclare province_name() (previously declared in C:\\Users\\AMIN\\Desktop\\bigstore\\app\\helpers.php:7) at C:\\Users\\AMIN\\Desktop\\bigstore\\app\\helpers.php:9)
[stacktrace]
#0 {main}
"} 
[2026-07-15 15:17:49] local.ERROR: Cannot redeclare province_name() (previously declared in C:\Users\AMIN\Desktop\bigstore\app\helpers.php:7) {"exception":"[object] (Symfony\\Component\\ErrorHandler\\Error\\FatalError(code: 0): Cannot redeclare province_name() (previously declared in C:\\Users\\AMIN\\Desktop\\bigstore\\app\\helpers.php:7) at C:\\Users\\AMIN\\Desktop\\bigstore\\app\\helpers.php:9)
[stacktrace]
#0 {main}
"} 
[2026-07-15 15:18:49] local.ERROR: Cannot redeclare province_name() (previously declared in C:\Users\AMIN\Desktop\bigstore\app\helpers.php:7) {"exception":"[object] (Symfony\\Component\\ErrorHandler\\Error\\FatalError(code: 0): Cannot redeclare province_name() (previously declared in C:\\Users\\AMIN\\Desktop\\bigstore\\app\\helpers.php:7) at C:\\Users\\AMIN\\Desktop\\bigstore\\app\\helpers.php:9)
[stacktrace]
#0 {main}
"} 
[2026-07-15 15:19:49] local.ERROR: Cannot redeclare province_name() (previously declared in C:\Users\AMIN\Desktop\bigstore\app\helpers.php:7) {"exception":"[object] (Symfony\\Component\\ErrorHandler\\Error\\FatalError(code: 0): Cannot redeclare province_name() (previously declared in C:\\Users\\AMIN\\Desktop\\bigstore\\app\\helpers.php:7) at C:\\Users\\AMIN\\Desktop\\bigstore\\app\\helpers.php:9)
[stacktrace]
#0 {main}
"} 
[2026-07-15 15:20:49] local.ERROR: Cannot redeclare province_name() (previously declared in C:\Users\AMIN\Desktop\bigstore\app\helpers.php:7) {"exception":"[object] (Symfony\\Component\\ErrorHandler\\Error\\FatalError(code: 0): Cannot redeclare province_name() (previously declared in C:\\Users\\AMIN\\Desktop\\bigstore\\app\\helpers.php:7) at C:\\Users\\AMIN\\Desktop\\bigstore\\app\\helpers.php:9)
[stacktrace]
#0 {main}
"} 
[2026-07-15 15:21:49] local.ERROR: Cannot redeclare province_name() (previously declared in C:\Users\AMIN\Desktop\bigstore\app\helpers.php:7) {"exception":"[object] (Symfony\\Component\\ErrorHandler\\Error\\FatalError(code: 0): Cannot redeclare province_name() (previously declared in C:\\Users\\AMIN\\Desktop\\bigstore\\app\\helpers.php:7) at C:\\Users\\AMIN\\Desktop\\bigstore\\app\\helpers.php:9)
[stacktrace]
#0 {main}
"} 
[2026-07-15 15:22:49] local.ERROR: Cannot redeclare province_name() (previously declared in C:\Users\AMIN\Desktop\bigstore\app\helpers.php:7) {"exception":"[object] (Symfony\\Component\\ErrorHandler\\Error\\FatalError(code: 0): Cannot redeclare province_name() (previously declared in C:\\Users\\AMIN\\Desktop\\bigstore\\app\\helpers.php:7) at C:\\Users\\AMIN\\Desktop\\bigstore\\app\\helpers.php:9)
[stacktrace]
#0 {main}
"} 
[2026-07-15 15:23:49] local.ERROR: Cannot redeclare province_name() (previously declared in C:\Users\AMIN\Desktop\bigstore\app\helpers.php:7) {"exception":"[object] (Symfony\\Component\\ErrorHandler\\Error\\FatalError(code: 0): Cannot redeclare province_name() (previously declared in C:\\Users\\AMIN\\Desktop\\bigstore\\app\\helpers.php:7) at C:\\Users\\AMIN\\Desktop\\bigstore\\app\\helpers.php:9)
[stacktrace]
#0 {main}
"} 
[2026-07-15 15:24:49] local.ERROR: Cannot redeclare province_name() (previously declared in C:\Users\AMIN\Desktop\bigstore\app\helpers.php:7) {"exception":"[object] (Symfony\\Component\\ErrorHandler\\Error\\FatalError(code: 0): Cannot redeclare province_name() (previously declared in C:\\Users\\AMIN\\Desktop\\bigstore\\app\\helpers.php:7) at C:\\Users\\AMIN\\Desktop\\bigstore\\app\\helpers.php:9)
[stacktrace]
#0 {main}
"} 
[2026-07-15 15:25:49] local.ERROR: Cannot redeclare province_name() (previously declared in C:\Users\AMIN\Desktop\bigstore\app\helpers.php:7) {"exception":"[object] (Symfony\\Component\\ErrorHandler\\Error\\FatalError(code: 0): Cannot redeclare province_name() (previously declared in C:\\Users\\AMIN\\Desktop\\bigstore\\app\\helpers.php:7) at C:\\Users\\AMIN\\Desktop\\bigstore\\app\\helpers.php:9)
[stacktrace]
#0 {main}
"} 
[2026-07-15 15:26:49] local.ERROR: Cannot redeclare province_name() (previously declared in C:\Users\AMIN\Desktop\bigstore\app\helpers.php:7) {"exception":"[object] (Symfony\\Component\\ErrorHandler\\Error\\FatalError(code: 0): Cannot redeclare province_name() (previously declared in C:\\Users\\AMIN\\Desktop\\bigstore\\app\\helpers.php:7) at C:\\Users\\AMIN\\Desktop\\bigstore\\app\\helpers.php:9)
[stacktrace]
#0 {main}
"} 
[2026-07-15 15:27:49] local.ERROR: Cannot redeclare province_name() (previously declared in C:\Users\AMIN\Desktop\bigstore\app\helpers.php:7) {"exception":"[object] (Symfony\\Component\\ErrorHandler\\Error\\FatalError(code: 0): Cannot redeclare province_name() (previously declared in C:\\Users\\AMIN\\Desktop\\bigstore\\app\\helpers.php:7) at C:\\Users\\AMIN\\Desktop\\bigstore\\app\\helpers.php:9)
[stacktrace]
#0 {main}
"} 
[2026-07-15 15:28:49] local.ERROR: Cannot redeclare province_name() (previously declared in C:\Users\AMIN\Desktop\bigstore\app\helpers.php:7) {"exception":"[object] (Symfony\\Component\\ErrorHandler\\Error\\FatalError(code: 0): Cannot redeclare province_name() (previously declared in C:\\Users\\AMIN\\Desktop\\bigstore\\app\\helpers.php:7) at C:\\Users\\AMIN\\Desktop\\bigstore\\app\\helpers.php:9)
[stacktrace]
#0 {main}
"} 
[2026-07-15 15:29:49] local.ERROR: Cannot redeclare province_name() (previously declared in C:\Users\AMIN\Desktop\bigstore\app\helpers.php:7) {"exception":"[object] (Symfony\\Component\\ErrorHandler\\Error\\FatalError(code: 0): Cannot redeclare province_name() (previously declared in C:\\Users\\AMIN\\Desktop\\bigstore\\app\\helpers.php:7) at C:\\Users\\AMIN\\Desktop\\bigstore\\app\\helpers.php:9)
[stacktrace]
#0 {main}
"} 
[2026-07-15 15:30:49] local.ERROR: Cannot redeclare province_name() (previously declared in C:\Users\AMIN\Desktop\bigstore\app\helpers.php:7) {"exception":"[object] (Symfony\\Component\\ErrorHandler\\Error\\FatalError(code: 0): Cannot redeclare province_name() (previously declared in C:\\Users\\AMIN\\Desktop\\bigstore\\app\\helpers.php:7) at C:\\Users\\AMIN\\Desktop\\bigstore\\app\\helpers.php:9)
[stacktrace]
#0 {main}
"} 
[2026-07-15 15:31:49] local.ERROR: Cannot redeclare province_name() (previously declared in C:\Users\AMIN\Desktop\bigstore\app\helpers.php:7) {"exception":"[object] (Symfony\\Component\\ErrorHandler\\Error\\FatalError(code: 0): Cannot redeclare province_name() (previously declared in C:\\Users\\AMIN\\Desktop\\bigstore\\app\\helpers.php:7) at C:\\Users\\AMIN\\Desktop\\bigstore\\app\\helpers.php:9)
[stacktrace]
#0 {main}
"} 
[2026-07-15 15:32:49] local.ERROR: Cannot redeclare province_name() (previously declared in C:\Users\AMIN\Desktop\bigstore\app\helpers.php:7) {"exception":"[object] (Symfony\\Component\\ErrorHandler\\Error\\FatalError(code: 0): Cannot redeclare province_name() (previously declared in C:\\Users\\AMIN\\Desktop\\bigstore\\app\\helpers.php:7) at C:\\Users\\AMIN\\Desktop\\bigstore\\app\\helpers.php:9)
[stacktrace]
#0 {main}
"} 
[2026-07-15 15:33:49] local.ERROR: Cannot redeclare province_name() (previously declared in C:\Users\AMIN\Desktop\bigstore\app\helpers.php:7) {"exception":"[object] (Symfony\\Component\\ErrorHandler\\Error\\FatalError(code: 0): Cannot redeclare province_name() (previously declared in C:\\Users\\AMIN\\Desktop\\bigstore\\app\\helpers.php:7) at C:\\Users\\AMIN\\Desktop\\bigstore\\app\\helpers.php:9)
[stacktrace]
#0 {main}
"} 
[2026-07-15 15:34:49] local.ERROR: Cannot redeclare province_name() (previously declared in C:\Users\AMIN\Desktop\bigstore\app\helpers.php:7) {"exception":"[object] (Symfony\\Component\\ErrorHandler\\Error\\FatalError(code: 0): Cannot redeclare province_name() (previously declared in C:\\Users\\AMIN\\Desktop\\bigstore\\app\\helpers.php:7) at C:\\Users\\AMIN\\Desktop\\bigstore\\app\\helpers.php:9)
[stacktrace]
#0 {main}
"} 
[2026-07-15 15:35:49] local.ERROR: Cannot redeclare province_name() (previously declared in C:\Users\AMIN\Desktop\bigstore\app\helpers.php:7) {"exception":"[object] (Symfony\\Component\\ErrorHandler\\Error\\FatalError(code: 0): Cannot redeclare province_name() (previously declared in C:\\Users\\AMIN\\Desktop\\bigstore\\app\\helpers.php:7) at C:\\Users\\AMIN\\Desktop\\bigstore\\app\\helpers.php:9)
[stacktrace]
#0 {main}
"} 
[2026-07-15 15:36:49] local.ERROR: Cannot redeclare province_name() (previously declared in C:\Users\AMIN\Desktop\bigstore\app\helpers.php:7) {"exception":"[object] (Symfony\\Component\\ErrorHandler\\Error\\FatalError(code: 0): Cannot redeclare province_name() (previously declared in C:\\Users\\AMIN\\Desktop\\bigstore\\app\\helpers.php:7) at C:\\Users\\AMIN\\Desktop\\bigstore\\app\\helpers.php:9)
[stacktrace]
#0 {main}
"} 
[2026-07-15 15:37:49] local.ERROR: Cannot redeclare province_name() (previously declared in C:\Users\AMIN\Desktop\bigstore\app\helpers.php:7) {"exception":"[object] (Symfony\\Component\\ErrorHandler\\Error\\FatalError(code: 0): Cannot redeclare province_name() (previously declared in C:\\Users\\AMIN\\Desktop\\bigstore\\app\\helpers.php:7) at C:\\Users\\AMIN\\Desktop\\bigstore\\app\\helpers.php:9)
[stacktrace]
#0 {main}
"} 
[2026-07-15 15:38:49] local.ERROR: Cannot redeclare province_name() (previously declared in C:\Users\AMIN\Desktop\bigstore\app\helpers.php:7) {"exception":"[object] (Symfony\\Component\\ErrorHandler\\Error\\FatalError(code: 0): Cannot redeclare province_name() (previously declared in C:\\Users\\AMIN\\Desktop\\bigstore\\app\\helpers.php:7) at C:\\Users\\AMIN\\Desktop\\bigstore\\app\\helpers.php:9)
[stacktrace]
#0 {main}
"} 
[2026-07-15 15:39:49] local.ERROR: Cannot redeclare province_name() (previously declared in C:\Users\AMIN\Desktop\bigstore\app\helpers.php:7) {"exception":"[object] (Symfony\\Component\\ErrorHandler\\Error\\FatalError(code: 0): Cannot redeclare province_name() (previously declared in C:\\Users\\AMIN\\Desktop\\bigstore\\app\\helpers.php:7) at C:\\Users\\AMIN\\Desktop\\bigstore\\app\\helpers.php:9)
[stacktrace]
#0 {main}
"} 
[2026-07-15 15:40:49] local.ERROR: Cannot redeclare province_name() (previously declared in C:\Users\AMIN\Desktop\bigstore\app\helpers.php:7) {"exception":"[object] (Symfony\\Component\\ErrorHandler\\Error\\FatalError(code: 0): Cannot redeclare province_name() (previously declared in C:\\Users\\AMIN\\Desktop\\bigstore\\app\\helpers.php:7) at C:\\Users\\AMIN\\Desktop\\bigstore\\app\\helpers.php:9)
[stacktrace]
#0 {main}
"} 
[2026-07-15 15:41:49] local.ERROR: Cannot redeclare province_name() (previously declared in C:\Users\AMIN\Desktop\bigstore\app\helpers.php:7) {"exception":"[object] (Symfony\\Component\\ErrorHandler\\Error\\FatalError(code: 0): Cannot redeclare province_name() (previously declared in C:\\Users\\AMIN\\Desktop\\bigstore\\app\\helpers.php:7) at C:\\Users\\AMIN\\Desktop\\bigstore\\app\\helpers.php:9)
[stacktrace]
#0 {main}
"} 
[2026-07-15 15:42:49] local.ERROR: Cannot redeclare province_name() (previously declared in C:\Users\AMIN\Desktop\bigstore\app\helpers.php:7) {"exception":"[object] (Symfony\\Component\\ErrorHandler\\Error\\FatalError(code: 0): Cannot redeclare province_name() (previously declared in C:\\Users\\AMIN\\Desktop\\bigstore\\app\\helpers.php:7) at C:\\Users\\AMIN\\Desktop\\bigstore\\app\\helpers.php:9)
[stacktrace]
#0 {main}
"} 
[2026-07-15 15:43:49] local.ERROR: Cannot redeclare province_name() (previously declared in C:\Users\AMIN\Desktop\bigstore\app\helpers.php:7) {"exception":"[object] (Symfony\\Component\\ErrorHandler\\Error\\FatalError(code: 0): Cannot redeclare province_name() (previously declared in C:\\Users\\AMIN\\Desktop\\bigstore\\app\\helpers.php:7) at C:\\Users\\AMIN\\Desktop\\bigstore\\app\\helpers.php:9)
[stacktrace]
#0 {main}
"} 
[2026-07-15 15:44:49] local.ERROR: Cannot redeclare province_name() (previously declared in C:\Users\AMIN\Desktop\bigstore\app\helpers.php:7) {"exception":"[object] (Symfony\\Component\\ErrorHandler\\Error\\FatalError(code: 0): Cannot redeclare province_name() (previously declared in C:\\Users\\AMIN\\Desktop\\bigstore\\app\\helpers.php:7) at C:\\Users\\AMIN\\Desktop\\bigstore\\app\\helpers.php:9)
[stacktrace]
#0 {main}
"} 
[2026-07-15 15:45:49] local.ERROR: Cannot redeclare province_name() (previously declared in C:\Users\AMIN\Desktop\bigstore\app\helpers.php:7) {"exception":"[object] (Symfony\\Component\\ErrorHandler\\Error\\FatalError(code: 0): Cannot redeclare province_name() (previously declared in C:\\Users\\AMIN\\Desktop\\bigstore\\app\\helpers.php:7) at C:\\Users\\AMIN\\Desktop\\bigstore\\app\\helpers.php:9)
[stacktrace]
#0 {main}
"} 
[2026-07-15 15:46:49] local.ERROR: Cannot redeclare province_name() (previously declared in C:\Users\AMIN\Desktop\bigstore\app\helpers.php:7) {"exception":"[object] (Symfony\\Component\\ErrorHandler\\Error\\FatalError(code: 0): Cannot redeclare province_name() (previously declared in C:\\Users\\AMIN\\Desktop\\bigstore\\app\\helpers.php:7) at C:\\Users\\AMIN\\Desktop\\bigstore\\app\\helpers.php:9)
[stacktrace]
#0 {main}
"} 
[2026-07-15 15:47:49] local.ERROR: Cannot redeclare province_name() (previously declared in C:\Users\AMIN\Desktop\bigstore\app\helpers.php:7) {"exception":"[object] (Symfony\\Component\\ErrorHandler\\Error\\FatalError(code: 0): Cannot redeclare province_name() (previously declared in C:\\Users\\AMIN\\Desktop\\bigstore\\app\\helpers.php:7) at C:\\Users\\AMIN\\Desktop\\bigstore\\app\\helpers.php:9)
[stacktrace]
#0 {main}
"} 
[2026-07-15 15:48:49] local.ERROR: Cannot redeclare province_name() (previously declared in C:\Users\AMIN\Desktop\bigstore\app\helpers.php:7) {"exception":"[object] (Symfony\\Component\\ErrorHandler\\Error\\FatalError(code: 0): Cannot redeclare province_name() (previously declared in C:\\Users\\AMIN\\Desktop\\bigstore\\app\\helpers.php:7) at C:\\Users\\AMIN\\Desktop\\bigstore\\app\\helpers.php:9)
[stacktrace]
#0 {main}
"} 
[2026-07-15 15:49:50] local.ERROR: Cannot redeclare province_name() (previously declared in C:\Users\AMIN\Desktop\bigstore\app\helpers.php:7) {"exception":"[object] (Symfony\\Component\\ErrorHandler\\Error\\FatalError(code: 0): Cannot redeclare province_name() (previously declared in C:\\Users\\AMIN\\Desktop\\bigstore\\app\\helpers.php:7) at C:\\Users\\AMIN\\Desktop\\bigstore\\app\\helpers.php:9)
[stacktrace]
#0 {main}
"} 
[2026-07-15 15:50:49] local.ERROR: Cannot redeclare province_name() (previously declared in C:\Users\AMIN\Desktop\bigstore\app\helpers.php:7) {"exception":"[object] (Symfony\\Component\\ErrorHandler\\Error\\FatalError(code: 0): Cannot redeclare province_name() (previously declared in C:\\Users\\AMIN\\Desktop\\bigstore\\app\\helpers.php:7) at C:\\Users\\AMIN\\Desktop\\bigstore\\app\\helpers.php:9)
[stacktrace]
#0 {main}
"} 
[2026-07-15 15:51:49] local.ERROR: Cannot redeclare province_name() (previously declared in C:\Users\AMIN\Desktop\bigstore\app\helpers.php:7) {"exception":"[object] (Symfony\\Component\\ErrorHandler\\Error\\FatalError(code: 0): Cannot redeclare province_name() (previously declared in C:\\Users\\AMIN\\Desktop\\bigstore\\app\\helpers.php:7) at C:\\Users\\AMIN\\Desktop\\bigstore\\app\\helpers.php:9)
[stacktrace]
#0 {main}
"} 
[2026-07-15 15:52:49] local.ERROR: Cannot redeclare province_name() (previously declared in C:\Users\AMIN\Desktop\bigstore\app\helpers.php:7) {"exception":"[object] (Symfony\\Component\\ErrorHandler\\Error\\FatalError(code: 0): Cannot redeclare province_name() (previously declared in C:\\Users\\AMIN\\Desktop\\bigstore\\app\\helpers.php:7) at C:\\Users\\AMIN\\Desktop\\bigstore\\app\\helpers.php:9)
[stacktrace]
#0 {main}
"} 
[2026-07-15 15:53:49] local.ERROR: Cannot redeclare province_name() (previously declared in C:\Users\AMIN\Desktop\bigstore\app\helpers.php:7) {"exception":"[object] (Symfony\\Component\\ErrorHandler\\Error\\FatalError(code: 0): Cannot redeclare province_name() (previously declared in C:\\Users\\AMIN\\Desktop\\bigstore\\app\\helpers.php:7) at C:\\Users\\AMIN\\Desktop\\bigstore\\app\\helpers.php:9)
[stacktrace]
#0 {main}
"} 
[2026-07-15 15:54:50] local.ERROR: Cannot redeclare province_name() (previously declared in C:\Users\AMIN\Desktop\bigstore\app\helpers.php:7) {"exception":"[object] (Symfony\\Component\\ErrorHandler\\Error\\FatalError(code: 0): Cannot redeclare province_name() (previously declared in C:\\Users\\AMIN\\Desktop\\bigstore\\app\\helpers.php:7) at C:\\Users\\AMIN\\Desktop\\bigstore\\app\\helpers.php:9)
[stacktrace]
#0 {main}
"} 
[2026-07-15 15:55:49] local.ERROR: Cannot redeclare province_name() (previously declared in C:\Users\AMIN\Desktop\bigstore\app\helpers.php:7) {"exception":"[object] (Symfony\\Component\\ErrorHandler\\Error\\FatalError(code: 0): Cannot redeclare province_name() (previously declared in C:\\Users\\AMIN\\Desktop\\bigstore\\app\\helpers.php:7) at C:\\Users\\AMIN\\Desktop\\bigstore\\app\\helpers.php:9)
[stacktrace]
#0 {main}
"} 
[2026-07-15 15:56:49] local.ERROR: Cannot redeclare province_name() (previously declared in C:\Users\AMIN\Desktop\bigstore\app\helpers.php:7) {"exception":"[object] (Symfony\\Component\\ErrorHandler\\Error\\FatalError(code: 0): Cannot redeclare province_name() (previously declared in C:\\Users\\AMIN\\Desktop\\bigstore\\app\\helpers.php:7) at C:\\Users\\AMIN\\Desktop\\bigstore\\app\\helpers.php:9)
[stacktrace]
#0 {main}
"} 
[2026-07-15 15:57:50] local.ERROR: Cannot redeclare province_name() (previously declared in C:\Users\AMIN\Desktop\bigstore\app\helpers.php:7) {"exception":"[object] (Symfony\\Component\\ErrorHandler\\Error\\FatalError(code: 0): Cannot redeclare province_name() (previously declared in C:\\Users\\AMIN\\Desktop\\bigstore\\app\\helpers.php:7) at C:\\Users\\AMIN\\Desktop\\bigstore\\app\\helpers.php:9)
[stacktrace]
#0 {main}
"} 
[2026-07-15 15:58:49] local.ERROR: Cannot redeclare province_name() (previously declared in C:\Users\AMIN\Desktop\bigstore\app\helpers.php:7) {"exception":"[object] (Symfony\\Component\\ErrorHandler\\Error\\FatalError(code: 0): Cannot redeclare province_name() (previously declared in C:\\Users\\AMIN\\Desktop\\bigstore\\app\\helpers.php:7) at C:\\Users\\AMIN\\Desktop\\bigstore\\app\\helpers.php:9)
[stacktrace]
#0 {main}
"} 
[2026-07-15 15:59:50] local.ERROR: Cannot redeclare province_name() (previously declared in C:\Users\AMIN\Desktop\bigstore\app\helpers.php:7) {"exception":"[object] (Symfony\\Component\\ErrorHandler\\Error\\FatalError(code: 0): Cannot redeclare province_name() (previously declared in C:\\Users\\AMIN\\Desktop\\bigstore\\app\\helpers.php:7) at C:\\Users\\AMIN\\Desktop\\bigstore\\app\\helpers.php:9)
[stacktrace]
#0 {main}
"} 
[2026-07-15 16:00:49] local.ERROR: Cannot redeclare province_name() (previously declared in C:\Users\AMIN\Desktop\bigstore\app\helpers.php:7) {"exception":"[object] (Symfony\\Component\\ErrorHandler\\Error\\FatalError(code: 0): Cannot redeclare province_name() (previously declared in C:\\Users\\AMIN\\Desktop\\bigstore\\app\\helpers.php:7) at C:\\Users\\AMIN\\Desktop\\bigstore\\app\\helpers.php:9)
[stacktrace]
#0 {main}
"} 
[2026-07-15 16:01:50] local.ERROR: Cannot redeclare province_name() (previously declared in C:\Users\AMIN\Desktop\bigstore\app\helpers.php:7) {"exception":"[object] (Symfony\\Component\\ErrorHandler\\Error\\FatalError(code: 0): Cannot redeclare province_name() (previously declared in C:\\Users\\AMIN\\Desktop\\bigstore\\app\\helpers.php:7) at C:\\Users\\AMIN\\Desktop\\bigstore\\app\\helpers.php:9)
[stacktrace]
#0 {main}
"} 
[2026-07-15 16:02:49] local.ERROR: Cannot redeclare province_name() (previously declared in C:\Users\AMIN\Desktop\bigstore\app\helpers.php:7) {"exception":"[object] (Symfony\\Component\\ErrorHandler\\Error\\FatalError(code: 0): Cannot redeclare province_name() (previously declared in C:\\Users\\AMIN\\Desktop\\bigstore\\app\\helpers.php:7) at C:\\Users\\AMIN\\Desktop\\bigstore\\app\\helpers.php:9)
[stacktrace]
#0 {main}
"} 
[2026-07-15 16:03:49] local.ERROR: Cannot redeclare province_name() (previously declared in C:\Users\AMIN\Desktop\bigstore\app\helpers.php:7) {"exception":"[object] (Symfony\\Component\\ErrorHandler\\Error\\FatalError(code: 0): Cannot redeclare province_name() (previously declared in C:\\Users\\AMIN\\Desktop\\bigstore\\app\\helpers.php:7) at C:\\Users\\AMIN\\Desktop\\bigstore\\app\\helpers.php:9)
[stacktrace]
#0 {main}
"} 
[2026-07-15 16:04:49] local.ERROR: Cannot redeclare province_name() (previously declared in C:\Users\AMIN\Desktop\bigstore\app\helpers.php:7) {"exception":"[object] (Symfony\\Component\\ErrorHandler\\Error\\FatalError(code: 0): Cannot redeclare province_name() (previously declared in C:\\Users\\AMIN\\Desktop\\bigstore\\app\\helpers.php:7) at C:\\Users\\AMIN\\Desktop\\bigstore\\app\\helpers.php:9)
[stacktrace]
#0 {main}
"} 
[2026-07-15 16:05:49] local.ERROR: Cannot redeclare province_name() (previously declared in C:\Users\AMIN\Desktop\bigstore\app\helpers.php:7) {"exception":"[object] (Symfony\\Component\\ErrorHandler\\Error\\FatalError(code: 0): Cannot redeclare province_name() (previously declared in C:\\Users\\AMIN\\Desktop\\bigstore\\app\\helpers.php:7) at C:\\Users\\AMIN\\Desktop\\bigstore\\app\\helpers.php:9)
[stacktrace]
#0 {main}
"} 
[2026-07-15 16:06:50] local.ERROR: Cannot redeclare province_name() (previously declared in C:\Users\AMIN\Desktop\bigstore\app\helpers.php:7) {"exception":"[object] (Symfony\\Component\\ErrorHandler\\Error\\FatalError(code: 0): Cannot redeclare province_name() (previously declared in C:\\Users\\AMIN\\Desktop\\bigstore\\app\\helpers.php:7) at C:\\Users\\AMIN\\Desktop\\bigstore\\app\\helpers.php:9)
[stacktrace]
#0 {main}
"} 
[2026-07-15 16:07:49] local.ERROR: Cannot redeclare province_name() (previously declared in C:\Users\AMIN\Desktop\bigstore\app\helpers.php:7) {"exception":"[object] (Symfony\\Component\\ErrorHandler\\Error\\FatalError(code: 0): Cannot redeclare province_name() (previously declared in C:\\Users\\AMIN\\Desktop\\bigstore\\app\\helpers.php:7) at C:\\Users\\AMIN\\Desktop\\bigstore\\app\\helpers.php:9)
[stacktrace]
#0 {main}
"} 
[2026-07-15 16:08:50] local.ERROR: Cannot redeclare province_name() (previously declared in C:\Users\AMIN\Desktop\bigstore\app\helpers.php:7) {"exception":"[object] (Symfony\\Component\\ErrorHandler\\Error\\FatalError(code: 0): Cannot redeclare province_name() (previously declared in C:\\Users\\AMIN\\Desktop\\bigstore\\app\\helpers.php:7) at C:\\Users\\AMIN\\Desktop\\bigstore\\app\\helpers.php:9)
[stacktrace]
#0 {main}
"} 
[2026-07-15 16:09:50] local.ERROR: Cannot redeclare province_name() (previously declared in C:\Users\AMIN\Desktop\bigstore\app\helpers.php:7) {"exception":"[object] (Symfony\\Component\\ErrorHandler\\Error\\FatalError(code: 0): Cannot redeclare province_name() (previously declared in C:\\Users\\AMIN\\Desktop\\bigstore\\app\\helpers.php:7) at C:\\Users\\AMIN\\Desktop\\bigstore\\app\\helpers.php:9)
[stacktrace]
#0 {main}
"} 
[2026-07-15 16:10:49] local.ERROR: Cannot redeclare province_name() (previously declared in C:\Users\AMIN\Desktop\bigstore\app\helpers.php:7) {"exception":"[object] (Symfony\\Component\\ErrorHandler\\Error\\FatalError(code: 0): Cannot redeclare province_name() (previously declared in C:\\Users\\AMIN\\Desktop\\bigstore\\app\\helpers.php:7) at C:\\Users\\AMIN\\Desktop\\bigstore\\app\\helpers.php:9)
[stacktrace]
#0 {main}
"} 
[2026-07-15 16:11:50] local.ERROR: Cannot redeclare province_name() (previously declared in C:\Users\AMIN\Desktop\bigstore\app\helpers.php:7) {"exception":"[object] (Symfony\\Component\\ErrorHandler\\Error\\FatalError(code: 0): Cannot redeclare province_name() (previously declared in C:\\Users\\AMIN\\Desktop\\bigstore\\app\\helpers.php:7) at C:\\Users\\AMIN\\Desktop\\bigstore\\app\\helpers.php:9)
[stacktrace]
#0 {main}
"} 
[2026-07-15 16:12:50] local.ERROR: Cannot redeclare province_name() (previously declared in C:\Users\AMIN\Desktop\bigstore\app\helpers.php:7) {"exception":"[object] (Symfony\\Component\\ErrorHandler\\Error\\FatalError(code: 0): Cannot redeclare province_name() (previously declared in C:\\Users\\AMIN\\Desktop\\bigstore\\app\\helpers.php:7) at C:\\Users\\AMIN\\Desktop\\bigstore\\app\\helpers.php:9)
[stacktrace]
#0 {main}
"} 
[2026-07-15 16:13:50] local.ERROR: Cannot redeclare province_name() (previously declared in C:\Users\AMIN\Desktop\bigstore\app\helpers.php:7) {"exception":"[object] (Symfony\\Component\\ErrorHandler\\Error\\FatalError(code: 0): Cannot redeclare province_name() (previously declared in C:\\Users\\AMIN\\Desktop\\bigstore\\app\\helpers.php:7) at C:\\Users\\AMIN\\Desktop\\bigstore\\app\\helpers.php:9)
[stacktrace]
#0 {main}
"} 
[2026-07-15 16:14:50] local.ERROR: Cannot redeclare province_name() (previously declared in C:\Users\AMIN\Desktop\bigstore\app\helpers.php:7) {"exception":"[object] (Symfony\\Component\\ErrorHandler\\Error\\FatalError(code: 0): Cannot redeclare province_name() (previously declared in C:\\Users\\AMIN\\Desktop\\bigstore\\app\\helpers.php:7) at C:\\Users\\AMIN\\Desktop\\bigstore\\app\\helpers.php:9)
[stacktrace]
#0 {main}
"} 
[2026-07-15 16:15:50] local.ERROR: Cannot redeclare province_name() (previously declared in C:\Users\AMIN\Desktop\bigstore\app\helpers.php:7) {"exception":"[object] (Symfony\\Component\\ErrorHandler\\Error\\FatalError(code: 0): Cannot redeclare province_name() (previously declared in C:\\Users\\AMIN\\Desktop\\bigstore\\app\\helpers.php:7) at C:\\Users\\AMIN\\Desktop\\bigstore\\app\\helpers.php:9)
[stacktrace]
#0 {main}
"} 
[2026-07-15 16:16:50] local.ERROR: Cannot redeclare province_name() (previously declared in C:\Users\AMIN\Desktop\bigstore\app\helpers.php:7) {"exception":"[object] (Symfony\\Component\\ErrorHandler\\Error\\FatalError(code: 0): Cannot redeclare province_name() (previously declared in C:\\Users\\AMIN\\Desktop\\bigstore\\app\\helpers.php:7) at C:\\Users\\AMIN\\Desktop\\bigstore\\app\\helpers.php:9)
[stacktrace]
#0 {main}
"} 
[2026-07-15 16:17:50] local.ERROR: Cannot redeclare province_name() (previously declared in C:\Users\AMIN\Desktop\bigstore\app\helpers.php:7) {"exception":"[object] (Symfony\\Component\\ErrorHandler\\Error\\FatalError(code: 0): Cannot redeclare province_name() (previously declared in C:\\Users\\AMIN\\Desktop\\bigstore\\app\\helpers.php:7) at C:\\Users\\AMIN\\Desktop\\bigstore\\app\\helpers.php:9)
[stacktrace]
#0 {main}
"} 
[2026-07-15 16:18:50] local.ERROR: Cannot redeclare province_name() (previously declared in C:\Users\AMIN\Desktop\bigstore\app\helpers.php:7) {"exception":"[object] (Symfony\\Component\\ErrorHandler\\Error\\FatalError(code: 0): Cannot redeclare province_name() (previously declared in C:\\Users\\AMIN\\Desktop\\bigstore\\app\\helpers.php:7) at C:\\Users\\AMIN\\Desktop\\bigstore\\app\\helpers.php:9)
[stacktrace]
#0 {main}
"} 
[2026-07-15 16:19:50] local.ERROR: Cannot redeclare province_name() (previously declared in C:\Users\AMIN\Desktop\bigstore\app\helpers.php:7) {"exception":"[object] (Symfony\\Component\\ErrorHandler\\Error\\FatalError(code: 0): Cannot redeclare province_name() (previously declared in C:\\Users\\AMIN\\Desktop\\bigstore\\app\\helpers.php:7) at C:\\Users\\AMIN\\Desktop\\bigstore\\app\\helpers.php:9)
[stacktrace]
#0 {main}
"} 
[2026-07-15 16:20:50] local.ERROR: Cannot redeclare province_name() (previously declared in C:\Users\AMIN\Desktop\bigstore\app\helpers.php:7) {"exception":"[object] (Symfony\\Component\\ErrorHandler\\Error\\FatalError(code: 0): Cannot redeclare province_name() (previously declared in C:\\Users\\AMIN\\Desktop\\bigstore\\app\\helpers.php:7) at C:\\Users\\AMIN\\Desktop\\bigstore\\app\\helpers.php:9)
[stacktrace]
#0 {main}
"} 
[2026-07-15 16:21:50] local.ERROR: Cannot redeclare province_name() (previously declared in C:\Users\AMIN\Desktop\bigstore\app\helpers.php:7) {"exception":"[object] (Symfony\\Component\\ErrorHandler\\Error\\FatalError(code: 0): Cannot redeclare province_name() (previously declared in C:\\Users\\AMIN\\Desktop\\bigstore\\app\\helpers.php:7) at C:\\Users\\AMIN\\Desktop\\bigstore\\app\\helpers.php:9)
[stacktrace]
#0 {main}
"} 
[2026-07-15 16:22:50] local.ERROR: Cannot redeclare province_name() (previously declared in C:\Users\AMIN\Desktop\bigstore\app\helpers.php:7) {"exception":"[object] (Symfony\\Component\\ErrorHandler\\Error\\FatalError(code: 0): Cannot redeclare province_name() (previously declared in C:\\Users\\AMIN\\Desktop\\bigstore\\app\\helpers.php:7) at C:\\Users\\AMIN\\Desktop\\bigstore\\app\\helpers.php:9)
[stacktrace]
#0 {main}
"} 
[2026-07-15 16:23:50] local.ERROR: Cannot redeclare province_name() (previously declared in C:\Users\AMIN\Desktop\bigstore\app\helpers.php:7) {"exception":"[object] (Symfony\\Component\\ErrorHandler\\Error\\FatalError(code: 0): Cannot redeclare province_name() (previously declared in C:\\Users\\AMIN\\Desktop\\bigstore\\app\\helpers.php:7) at C:\\Users\\AMIN\\Desktop\\bigstore\\app\\helpers.php:9)
[stacktrace]
#0 {main}
"} 
[2026-07-15 16:24:50] local.ERROR: Cannot redeclare province_name() (previously declared in C:\Users\AMIN\Desktop\bigstore\app\helpers.php:7) {"exception":"[object] (Symfony\\Component\\ErrorHandler\\Error\\FatalError(code: 0): Cannot redeclare province_name() (previously declared in C:\\Users\\AMIN\\Desktop\\bigstore\\app\\helpers.php:7) at C:\\Users\\AMIN\\Desktop\\bigstore\\app\\helpers.php:9)
[stacktrace]
#0 {main}
"} 
[2026-07-15 16:25:50] local.ERROR: Cannot redeclare province_name() (previously declared in C:\Users\AMIN\Desktop\bigstore\app\helpers.php:7) {"exception":"[object] (Symfony\\Component\\ErrorHandler\\Error\\FatalError(code: 0): Cannot redeclare province_name() (previously declared in C:\\Users\\AMIN\\Desktop\\bigstore\\app\\helpers.php:7) at C:\\Users\\AMIN\\Desktop\\bigstore\\app\\helpers.php:9)
[stacktrace]
#0 {main}
"} 
[2026-07-15 16:26:50] local.ERROR: Cannot redeclare province_name() (previously declared in C:\Users\AMIN\Desktop\bigstore\app\helpers.php:7) {"exception":"[object] (Symfony\\Component\\ErrorHandler\\Error\\FatalError(code: 0): Cannot redeclare province_name() (previously declared in C:\\Users\\AMIN\\Desktop\\bigstore\\app\\helpers.php:7) at C:\\Users\\AMIN\\Desktop\\bigstore\\app\\helpers.php:9)
[stacktrace]
#0 {main}
"} 
[2026-07-15 16:27:50] local.ERROR: Cannot redeclare province_name() (previously declared in C:\Users\AMIN\Desktop\bigstore\app\helpers.php:7) {"exception":"[object] (Symfony\\Component\\ErrorHandler\\Error\\FatalError(code: 0): Cannot redeclare province_name() (previously declared in C:\\Users\\AMIN\\Desktop\\bigstore\\app\\helpers.php:7) at C:\\Users\\AMIN\\Desktop\\bigstore\\app\\helpers.php:9)
[stacktrace]
#0 {main}
"} 
[2026-07-15 16:28:50] local.ERROR: Cannot redeclare province_name() (previously declared in C:\Users\AMIN\Desktop\bigstore\app\helpers.php:7) {"exception":"[object] (Symfony\\Component\\ErrorHandler\\Error\\FatalError(code: 0): Cannot redeclare province_name() (previously declared in C:\\Users\\AMIN\\Desktop\\bigstore\\app\\helpers.php:7) at C:\\Users\\AMIN\\Desktop\\bigstore\\app\\helpers.php:9)
[stacktrace]
#0 {main}
"} 
[2026-07-15 16:29:50] local.ERROR: Cannot redeclare province_name() (previously declared in C:\Users\AMIN\Desktop\bigstore\app\helpers.php:7) {"exception":"[object] (Symfony\\Component\\ErrorHandler\\Error\\FatalError(code: 0): Cannot redeclare province_name() (previously declared in C:\\Users\\AMIN\\Desktop\\bigstore\\app\\helpers.php:7) at C:\\Users\\AMIN\\Desktop\\bigstore\\app\\helpers.php:9)
[stacktrace]
#0 {main}
"} 
[2026-07-15 16:30:50] local.ERROR: Cannot redeclare province_name() (previously declared in C:\Users\AMIN\Desktop\bigstore\app\helpers.php:7) {"exception":"[object] (Symfony\\Component\\ErrorHandler\\Error\\FatalError(code: 0): Cannot redeclare province_name() (previously declared in C:\\Users\\AMIN\\Desktop\\bigstore\\app\\helpers.php:7) at C:\\Users\\AMIN\\Desktop\\bigstore\\app\\helpers.php:9)
[stacktrace]
#0 {main}
"} 
[2026-07-15 16:31:50] local.ERROR: Cannot redeclare province_name() (previously declared in C:\Users\AMIN\Desktop\bigstore\app\helpers.php:7) {"exception":"[object] (Symfony\\Component\\ErrorHandler\\Error\\FatalError(code: 0): Cannot redeclare province_name() (previously declared in C:\\Users\\AMIN\\Desktop\\bigstore\\app\\helpers.php:7) at C:\\Users\\AMIN\\Desktop\\bigstore\\app\\helpers.php:9)
[stacktrace]
#0 {main}
"} 
[2026-07-15 16:32:50] local.ERROR: Cannot redeclare province_name() (previously declared in C:\Users\AMIN\Desktop\bigstore\app\helpers.php:7) {"exception":"[object] (Symfony\\Component\\ErrorHandler\\Error\\FatalError(code: 0): Cannot redeclare province_name() (previously declared in C:\\Users\\AMIN\\Desktop\\bigstore\\app\\helpers.php:7) at C:\\Users\\AMIN\\Desktop\\bigstore\\app\\helpers.php:9)
[stacktrace]
#0 {main}
"} 
[2026-07-15 16:33:50] local.ERROR: Cannot redeclare province_name() (previously declared in C:\Users\AMIN\Desktop\bigstore\app\helpers.php:7) {"exception":"[object] (Symfony\\Component\\ErrorHandler\\Error\\FatalError(code: 0): Cannot redeclare province_name() (previously declared in C:\\Users\\AMIN\\Desktop\\bigstore\\app\\helpers.php:7) at C:\\Users\\AMIN\\Desktop\\bigstore\\app\\helpers.php:9)
[stacktrace]
#0 {main}
"} 
[2026-07-15 16:34:50] local.ERROR: Cannot redeclare province_name() (previously declared in C:\Users\AMIN\Desktop\bigstore\app\helpers.php:7) {"exception":"[object] (Symfony\\Component\\ErrorHandler\\Error\\FatalError(code: 0): Cannot redeclare province_name() (previously declared in C:\\Users\\AMIN\\Desktop\\bigstore\\app\\helpers.php:7) at C:\\Users\\AMIN\\Desktop\\bigstore\\app\\helpers.php:9)
[stacktrace]
#0 {main}
"} 
[2026-07-15 16:35:50] local.ERROR: Cannot redeclare province_name() (previously declared in C:\Users\AMIN\Desktop\bigstore\app\helpers.php:7) {"exception":"[object] (Symfony\\Component\\ErrorHandler\\Error\\FatalError(code: 0): Cannot redeclare province_name() (previously declared in C:\\Users\\AMIN\\Desktop\\bigstore\\app\\helpers.php:7) at C:\\Users\\AMIN\\Desktop\\bigstore\\app\\helpers.php:9)
[stacktrace]
#0 {main}
"} 
[2026-07-15 16:36:50] local.ERROR: Cannot redeclare province_name() (previously declared in C:\Users\AMIN\Desktop\bigstore\app\helpers.php:7) {"exception":"[object] (Symfony\\Component\\ErrorHandler\\Error\\FatalError(code: 0): Cannot redeclare province_name() (previously declared in C:\\Users\\AMIN\\Desktop\\bigstore\\app\\helpers.php:7) at C:\\Users\\AMIN\\Desktop\\bigstore\\app\\helpers.php:9)
[stacktrace]
#0 {main}
"} 
[2026-07-15 16:37:50] local.ERROR: Cannot redeclare province_name() (previously declared in C:\Users\AMIN\Desktop\bigstore\app\helpers.php:7) {"exception":"[object] (Symfony\\Component\\ErrorHandler\\Error\\FatalError(code: 0): Cannot redeclare province_name() (previously declared in C:\\Users\\AMIN\\Desktop\\bigstore\\app\\helpers.php:7) at C:\\Users\\AMIN\\Desktop\\bigstore\\app\\helpers.php:9)
[stacktrace]
#0 {main}
"} 
[2026-07-15 16:38:50] local.ERROR: Cannot redeclare province_name() (previously declared in C:\Users\AMIN\Desktop\bigstore\app\helpers.php:7) {"exception":"[object] (Symfony\\Component\\ErrorHandler\\Error\\FatalError(code: 0): Cannot redeclare province_name() (previously declared in C:\\Users\\AMIN\\Desktop\\bigstore\\app\\helpers.php:7) at C:\\Users\\AMIN\\Desktop\\bigstore\\app\\helpers.php:9)
[stacktrace]
#0 {main}
"} 
[2026-07-15 16:39:50] local.ERROR: Cannot redeclare province_name() (previously declared in C:\Users\AMIN\Desktop\bigstore\app\helpers.php:7) {"exception":"[object] (Symfony\\Component\\ErrorHandler\\Error\\FatalError(code: 0): Cannot redeclare province_name() (previously declared in C:\\Users\\AMIN\\Desktop\\bigstore\\app\\helpers.php:7) at C:\\Users\\AMIN\\Desktop\\bigstore\\app\\helpers.php:9)
[stacktrace]
#0 {main}
"} 
[2026-07-15 16:40:50] local.ERROR: Cannot redeclare province_name() (previously declared in C:\Users\AMIN\Desktop\bigstore\app\helpers.php:7) {"exception":"[object] (Symfony\\Component\\ErrorHandler\\Error\\FatalError(code: 0): Cannot redeclare province_name() (previously declared in C:\\Users\\AMIN\\Desktop\\bigstore\\app\\helpers.php:7) at C:\\Users\\AMIN\\Desktop\\bigstore\\app\\helpers.php:9)
[stacktrace]
#0 {main}
"} 
[2026-07-15 16:41:50] local.ERROR: Cannot redeclare province_name() (previously declared in C:\Users\AMIN\Desktop\bigstore\app\helpers.php:7) {"exception":"[object] (Symfony\\Component\\ErrorHandler\\Error\\FatalError(code: 0): Cannot redeclare province_name() (previously declared in C:\\Users\\AMIN\\Desktop\\bigstore\\app\\helpers.php:7) at C:\\Users\\AMIN\\Desktop\\bigstore\\app\\helpers.php:9)
[stacktrace]
#0 {main}
"} 
[2026-07-15 16:42:50] local.ERROR: Cannot redeclare province_name() (previously declared in C:\Users\AMIN\Desktop\bigstore\app\helpers.php:7) {"exception":"[object] (Symfony\\Component\\ErrorHandler\\Error\\FatalError(code: 0): Cannot redeclare province_name() (previously declared in C:\\Users\\AMIN\\Desktop\\bigstore\\app\\helpers.php:7) at C:\\Users\\AMIN\\Desktop\\bigstore\\app\\helpers.php:9)
[stacktrace]
#0 {main}
"} 
[2026-07-15 16:43:50] local.ERROR: Cannot redeclare province_name() (previously declared in C:\Users\AMIN\Desktop\bigstore\app\helpers.php:7) {"exception":"[object] (Symfony\\Component\\ErrorHandler\\Error\\FatalError(code: 0): Cannot redeclare province_name() (previously declared in C:\\Users\\AMIN\\Desktop\\bigstore\\app\\helpers.php:7) at C:\\Users\\AMIN\\Desktop\\bigstore\\app\\helpers.php:9)
[stacktrace]
#0 {main}
"} 
[2026-07-15 16:44:50] local.ERROR: Cannot redeclare province_name() (previously declared in C:\Users\AMIN\Desktop\bigstore\app\helpers.php:7) {"exception":"[object] (Symfony\\Component\\ErrorHandler\\Error\\FatalError(code: 0): Cannot redeclare province_name() (previously declared in C:\\Users\\AMIN\\Desktop\\bigstore\\app\\helpers.php:7) at C:\\Users\\AMIN\\Desktop\\bigstore\\app\\helpers.php:9)
[stacktrace]
#0 {main}
"} 
[2026-07-15 16:45:50] local.ERROR: Cannot redeclare province_name() (previously declared in C:\Users\AMIN\Desktop\bigstore\app\helpers.php:7) {"exception":"[object] (Symfony\\Component\\ErrorHandler\\Error\\FatalError(code: 0): Cannot redeclare province_name() (previously declared in C:\\Users\\AMIN\\Desktop\\bigstore\\app\\helpers.php:7) at C:\\Users\\AMIN\\Desktop\\bigstore\\app\\helpers.php:9)
[stacktrace]
#0 {main}
"} 
[2026-07-15 16:46:50] local.ERROR: Cannot redeclare province_name() (previously declared in C:\Users\AMIN\Desktop\bigstore\app\helpers.php:7) {"exception":"[object] (Symfony\\Component\\ErrorHandler\\Error\\FatalError(code: 0): Cannot redeclare province_name() (previously declared in C:\\Users\\AMIN\\Desktop\\bigstore\\app\\helpers.php:7) at C:\\Users\\AMIN\\Desktop\\bigstore\\app\\helpers.php:9)
[stacktrace]
#0 {main}
"} 
[2026-07-15 16:47:50] local.ERROR: Cannot redeclare province_name() (previously declared in C:\Users\AMIN\Desktop\bigstore\app\helpers.php:7) {"exception":"[object] (Symfony\\Component\\ErrorHandler\\Error\\FatalError(code: 0): Cannot redeclare province_name() (previously declared in C:\\Users\\AMIN\\Desktop\\bigstore\\app\\helpers.php:7) at C:\\Users\\AMIN\\Desktop\\bigstore\\app\\helpers.php:9)
[stacktrace]
#0 {main}
"} 
[2026-07-15 16:48:50] local.ERROR: Cannot redeclare province_name() (previously declared in C:\Users\AMIN\Desktop\bigstore\app\helpers.php:7) {"exception":"[object] (Symfony\\Component\\ErrorHandler\\Error\\FatalError(code: 0): Cannot redeclare province_name() (previously declared in C:\\Users\\AMIN\\Desktop\\bigstore\\app\\helpers.php:7) at C:\\Users\\AMIN\\Desktop\\bigstore\\app\\helpers.php:9)
[stacktrace]
#0 {main}
"} 
[2026-07-15 16:49:50] local.ERROR: Cannot redeclare province_name() (previously declared in C:\Users\AMIN\Desktop\bigstore\app\helpers.php:7) {"exception":"[object] (Symfony\\Component\\ErrorHandler\\Error\\FatalError(code: 0): Cannot redeclare province_name() (previously declared in C:\\Users\\AMIN\\Desktop\\bigstore\\app\\helpers.php:7) at C:\\Users\\AMIN\\Desktop\\bigstore\\app\\helpers.php:9)
[stacktrace]
#0 {main}
"} 
[2026-07-15 16:50:50] local.ERROR: Cannot redeclare province_name() (previously declared in C:\Users\AMIN\Desktop\bigstore\app\helpers.php:7) {"exception":"[object] (Symfony\\Component\\ErrorHandler\\Error\\FatalError(code: 0): Cannot redeclare province_name() (previously declared in C:\\Users\\AMIN\\Desktop\\bigstore\\app\\helpers.php:7) at C:\\Users\\AMIN\\Desktop\\bigstore\\app\\helpers.php:9)
[stacktrace]
#0 {main}
"} 
[2026-07-15 16:51:50] local.ERROR: Cannot redeclare province_name() (previously declared in C:\Users\AMIN\Desktop\bigstore\app\helpers.php:7) {"exception":"[object] (Symfony\\Component\\ErrorHandler\\Error\\FatalError(code: 0): Cannot redeclare province_name() (previously declared in C:\\Users\\AMIN\\Desktop\\bigstore\\app\\helpers.php:7) at C:\\Users\\AMIN\\Desktop\\bigstore\\app\\helpers.php:9)
[stacktrace]
#0 {main}
"} 
[2026-07-15 16:52:50] local.ERROR: Cannot redeclare province_name() (previously declared in C:\Users\AMIN\Desktop\bigstore\app\helpers.php:7) {"exception":"[object] (Symfony\\Component\\ErrorHandler\\Error\\FatalError(code: 0): Cannot redeclare province_name() (previously declared in C:\\Users\\AMIN\\Desktop\\bigstore\\app\\helpers.php:7) at C:\\Users\\AMIN\\Desktop\\bigstore\\app\\helpers.php:9)
[stacktrace]
#0 {main}
"} 
[2026-07-15 16:53:50] local.ERROR: Cannot redeclare province_name() (previously declared in C:\Users\AMIN\Desktop\bigstore\app\helpers.php:7) {"exception":"[object] (Symfony\\Component\\ErrorHandler\\Error\\FatalError(code: 0): Cannot redeclare province_name() (previously declared in C:\\Users\\AMIN\\Desktop\\bigstore\\app\\helpers.php:7) at C:\\Users\\AMIN\\Desktop\\bigstore\\app\\helpers.php:9)
[stacktrace]
#0 {main}
"} 
[2026-07-15 16:54:50] local.ERROR: Cannot redeclare province_name() (previously declared in C:\Users\AMIN\Desktop\bigstore\app\helpers.php:7) {"exception":"[object] (Symfony\\Component\\ErrorHandler\\Error\\FatalError(code: 0): Cannot redeclare province_name() (previously declared in C:\\Users\\AMIN\\Desktop\\bigstore\\app\\helpers.php:7) at C:\\Users\\AMIN\\Desktop\\bigstore\\app\\helpers.php:9)
[stacktrace]
#0 {main}
"} 
[2026-07-15 16:55:50] local.ERROR: Cannot redeclare province_name() (previously declared in C:\Users\AMIN\Desktop\bigstore\app\helpers.php:7) {"exception":"[object] (Symfony\\Component\\ErrorHandler\\Error\\FatalError(code: 0): Cannot redeclare province_name() (previously declared in C:\\Users\\AMIN\\Desktop\\bigstore\\app\\helpers.php:7) at C:\\Users\\AMIN\\Desktop\\bigstore\\app\\helpers.php:9)
[stacktrace]
#0 {main}
"} 
[2026-07-15 16:56:50] local.ERROR: Cannot redeclare province_name() (previously declared in C:\Users\AMIN\Desktop\bigstore\app\helpers.php:7) {"exception":"[object] (Symfony\\Component\\ErrorHandler\\Error\\FatalError(code: 0): Cannot redeclare province_name() (previously declared in C:\\Users\\AMIN\\Desktop\\bigstore\\app\\helpers.php:7) at C:\\Users\\AMIN\\Desktop\\bigstore\\app\\helpers.php:9)
[stacktrace]
#0 {main}
"} 
[2026-07-15 16:57:50] local.ERROR: Cannot redeclare province_name() (previously declared in C:\Users\AMIN\Desktop\bigstore\app\helpers.php:7) {"exception":"[object] (Symfony\\Component\\ErrorHandler\\Error\\FatalError(code: 0): Cannot redeclare province_name() (previously declared in C:\\Users\\AMIN\\Desktop\\bigstore\\app\\helpers.php:7) at C:\\Users\\AMIN\\Desktop\\bigstore\\app\\helpers.php:9)
[stacktrace]
#0 {main}
"} 
[2026-07-15 16:58:50] local.ERROR: Cannot redeclare province_name() (previously declared in C:\Users\AMIN\Desktop\bigstore\app\helpers.php:7) {"exception":"[object] (Symfony\\Component\\ErrorHandler\\Error\\FatalError(code: 0): Cannot redeclare province_name() (previously declared in C:\\Users\\AMIN\\Desktop\\bigstore\\app\\helpers.php:7) at C:\\Users\\AMIN\\Desktop\\bigstore\\app\\helpers.php:9)
[stacktrace]
#0 {main}
"} 
[2026-07-15 16:59:50] local.ERROR: Cannot redeclare province_name() (previously declared in C:\Users\AMIN\Desktop\bigstore\app\helpers.php:7) {"exception":"[object] (Symfony\\Component\\ErrorHandler\\Error\\FatalError(code: 0): Cannot redeclare province_name() (previously declared in C:\\Users\\AMIN\\Desktop\\bigstore\\app\\helpers.php:7) at C:\\Users\\AMIN\\Desktop\\bigstore\\app\\helpers.php:9)
[stacktrace]
#0 {main}
"} 
[2026-07-15 17:00:50] local.ERROR: Cannot redeclare province_name() (previously declared in C:\Users\AMIN\Desktop\bigstore\app\helpers.php:7) {"exception":"[object] (Symfony\\Component\\ErrorHandler\\Error\\FatalError(code: 0): Cannot redeclare province_name() (previously declared in C:\\Users\\AMIN\\Desktop\\bigstore\\app\\helpers.php:7) at C:\\Users\\AMIN\\Desktop\\bigstore\\app\\helpers.php:9)
[stacktrace]
#0 {main}
"} 
[2026-07-15 17:01:50] local.ERROR: Cannot redeclare province_name() (previously declared in C:\Users\AMIN\Desktop\bigstore\app\helpers.php:7) {"exception":"[object] (Symfony\\Component\\ErrorHandler\\Error\\FatalError(code: 0): Cannot redeclare province_name() (previously declared in C:\\Users\\AMIN\\Desktop\\bigstore\\app\\helpers.php:7) at C:\\Users\\AMIN\\Desktop\\bigstore\\app\\helpers.php:9)
[stacktrace]
#0 {main}
"} 
[2026-07-15 17:02:50] local.ERROR: Cannot redeclare province_name() (previously declared in C:\Users\AMIN\Desktop\bigstore\app\helpers.php:7) {"exception":"[object] (Symfony\\Component\\ErrorHandler\\Error\\FatalError(code: 0): Cannot redeclare province_name() (previously declared in C:\\Users\\AMIN\\Desktop\\bigstore\\app\\helpers.php:7) at C:\\Users\\AMIN\\Desktop\\bigstore\\app\\helpers.php:9)
[stacktrace]
#0 {main}
"} 
[2026-07-15 17:03:50] local.ERROR: Cannot redeclare province_name() (previously declared in C:\Users\AMIN\Desktop\bigstore\app\helpers.php:7) {"exception":"[object] (Symfony\\Component\\ErrorHandler\\Error\\FatalError(code: 0): Cannot redeclare province_name() (previously declared in C:\\Users\\AMIN\\Desktop\\bigstore\\app\\helpers.php:7) at C:\\Users\\AMIN\\Desktop\\bigstore\\app\\helpers.php:9)
[stacktrace]
#0 {main}
"} 
[2026-07-15 17:04:50] local.ERROR: Cannot redeclare province_name() (previously declared in C:\Users\AMIN\Desktop\bigstore\app\helpers.php:7) {"exception":"[object] (Symfony\\Component\\ErrorHandler\\Error\\FatalError(code: 0): Cannot redeclare province_name() (previously declared in C:\\Users\\AMIN\\Desktop\\bigstore\\app\\helpers.php:7) at C:\\Users\\AMIN\\Desktop\\bigstore\\app\\helpers.php:9)
[stacktrace]
#0 {main}
"} 
[2026-07-15 17:05:50] local.ERROR: Cannot redeclare province_name() (previously declared in C:\Users\AMIN\Desktop\bigstore\app\helpers.php:7) {"exception":"[object] (Symfony\\Component\\ErrorHandler\\Error\\FatalError(code: 0): Cannot redeclare province_name() (previously declared in C:\\Users\\AMIN\\Desktop\\bigstore\\app\\helpers.php:7) at C:\\Users\\AMIN\\Desktop\\bigstore\\app\\helpers.php:9)
[stacktrace]
#0 {main}
"} 
[2026-07-15 17:06:50] local.ERROR: Cannot redeclare province_name() (previously declared in C:\Users\AMIN\Desktop\bigstore\app\helpers.php:7) {"exception":"[object] (Symfony\\Component\\ErrorHandler\\Error\\FatalError(code: 0): Cannot redeclare province_name() (previously declared in C:\\Users\\AMIN\\Desktop\\bigstore\\app\\helpers.php:7) at C:\\Users\\AMIN\\Desktop\\bigstore\\app\\helpers.php:9)
[stacktrace]
#0 {main}
"} 
[2026-07-15 17:07:50] local.ERROR: Cannot redeclare province_name() (previously declared in C:\Users\AMIN\Desktop\bigstore\app\helpers.php:7) {"exception":"[object] (Symfony\\Component\\ErrorHandler\\Error\\FatalError(code: 0): Cannot redeclare province_name() (previously declared in C:\\Users\\AMIN\\Desktop\\bigstore\\app\\helpers.php:7) at C:\\Users\\AMIN\\Desktop\\bigstore\\app\\helpers.php:9)
[stacktrace]
#0 {main}
"} 
[2026-07-15 17:08:50] local.ERROR: Cannot redeclare province_name() (previously declared in C:\Users\AMIN\Desktop\bigstore\app\helpers.php:7) {"exception":"[object] (Symfony\\Component\\ErrorHandler\\Error\\FatalError(code: 0): Cannot redeclare province_name() (previously declared in C:\\Users\\AMIN\\Desktop\\bigstore\\app\\helpers.php:7) at C:\\Users\\AMIN\\Desktop\\bigstore\\app\\helpers.php:9)
[stacktrace]
#0 {main}
"} 
[2026-07-15 17:09:50] local.ERROR: Cannot redeclare province_name() (previously declared in C:\Users\AMIN\Desktop\bigstore\app\helpers.php:7) {"exception":"[object] (Symfony\\Component\\ErrorHandler\\Error\\FatalError(code: 0): Cannot redeclare province_name() (previously declared in C:\\Users\\AMIN\\Desktop\\bigstore\\app\\helpers.php:7) at C:\\Users\\AMIN\\Desktop\\bigstore\\app\\helpers.php:9)
[stacktrace]
#0 {main}
"} 
[2026-07-15 17:10:50] local.ERROR: Cannot redeclare province_name() (previously declared in C:\Users\AMIN\Desktop\bigstore\app\helpers.php:7) {"exception":"[object] (Symfony\\Component\\ErrorHandler\\Error\\FatalError(code: 0): Cannot redeclare province_name() (previously declared in C:\\Users\\AMIN\\Desktop\\bigstore\\app\\helpers.php:7) at C:\\Users\\AMIN\\Desktop\\bigstore\\app\\helpers.php:9)
[stacktrace]
#0 {main}
"} 
[2026-07-15 17:11:50] local.ERROR: Cannot redeclare province_name() (previously declared in C:\Users\AMIN\Desktop\bigstore\app\helpers.php:7) {"exception":"[object] (Symfony\\Component\\ErrorHandler\\Error\\FatalError(code: 0): Cannot redeclare province_name() (previously declared in C:\\Users\\AMIN\\Desktop\\bigstore\\app\\helpers.php:7) at C:\\Users\\AMIN\\Desktop\\bigstore\\app\\helpers.php:9)
[stacktrace]
#0 {main}
"} 
[2026-07-15 17:12:50] local.ERROR: Cannot redeclare province_name() (previously declared in C:\Users\AMIN\Desktop\bigstore\app\helpers.php:7) {"exception":"[object] (Symfony\\Component\\ErrorHandler\\Error\\FatalError(code: 0): Cannot redeclare province_name() (previously declared in C:\\Users\\AMIN\\Desktop\\bigstore\\app\\helpers.php:7) at C:\\Users\\AMIN\\Desktop\\bigstore\\app\\helpers.php:9)
[stacktrace]
#0 {main}
"} 
[2026-07-15 17:13:50] local.ERROR: Cannot redeclare province_name() (previously declared in C:\Users\AMIN\Desktop\bigstore\app\helpers.php:7) {"exception":"[object] (Symfony\\Component\\ErrorHandler\\Error\\FatalError(code: 0): Cannot redeclare province_name() (previously declared in C:\\Users\\AMIN\\Desktop\\bigstore\\app\\helpers.php:7) at C:\\Users\\AMIN\\Desktop\\bigstore\\app\\helpers.php:9)
[stacktrace]
#0 {main}
"} 
[2026-07-15 17:14:50] local.ERROR: Cannot redeclare province_name() (previously declared in C:\Users\AMIN\Desktop\bigstore\app\helpers.php:7) {"exception":"[object] (Symfony\\Component\\ErrorHandler\\Error\\FatalError(code: 0): Cannot redeclare province_name() (previously declared in C:\\Users\\AMIN\\Desktop\\bigstore\\app\\helpers.php:7) at C:\\Users\\AMIN\\Desktop\\bigstore\\app\\helpers.php:9)
[stacktrace]
#0 {main}
"} 
[2026-07-15 17:15:50] local.ERROR: Cannot redeclare province_name() (previously declared in C:\Users\AMIN\Desktop\bigstore\app\helpers.php:7) {"exception":"[object] (Symfony\\Component\\ErrorHandler\\Error\\FatalError(code: 0): Cannot redeclare province_name() (previously declared in C:\\Users\\AMIN\\Desktop\\bigstore\\app\\helpers.php:7) at C:\\Users\\AMIN\\Desktop\\bigstore\\app\\helpers.php:9)
[stacktrace]
#0 {main}
"} 
[2026-07-15 17:16:50] local.ERROR: Cannot redeclare province_name() (previously declared in C:\Users\AMIN\Desktop\bigstore\app\helpers.php:7) {"exception":"[object] (Symfony\\Component\\ErrorHandler\\Error\\FatalError(code: 0): Cannot redeclare province_name() (previously declared in C:\\Users\\AMIN\\Desktop\\bigstore\\app\\helpers.php:7) at C:\\Users\\AMIN\\Desktop\\bigstore\\app\\helpers.php:9)
[stacktrace]
#0 {main}
"} 
[2026-07-15 17:17:50] local.ERROR: Cannot redeclare province_name() (previously declared in C:\Users\AMIN\Desktop\bigstore\app\helpers.php:7) {"exception":"[object] (Symfony\\Component\\ErrorHandler\\Error\\FatalError(code: 0): Cannot redeclare province_name() (previously declared in C:\\Users\\AMIN\\Desktop\\bigstore\\app\\helpers.php:7) at C:\\Users\\AMIN\\Desktop\\bigstore\\app\\helpers.php:9)
[stacktrace]
#0 {main}
"} 
[2026-07-15 17:18:50] local.ERROR: Cannot redeclare province_name() (previously declared in C:\Users\AMIN\Desktop\bigstore\app\helpers.php:7) {"exception":"[object] (Symfony\\Component\\ErrorHandler\\Error\\FatalError(code: 0): Cannot redeclare province_name() (previously declared in C:\\Users\\AMIN\\Desktop\\bigstore\\app\\helpers.php:7) at C:\\Users\\AMIN\\Desktop\\bigstore\\app\\helpers.php:9)
[stacktrace]
#0 {main}
"} 
[2026-07-15 17:19:50] local.ERROR: Cannot redeclare province_name() (previously declared in C:\Users\AMIN\Desktop\bigstore\app\helpers.php:7) {"exception":"[object] (Symfony\\Component\\ErrorHandler\\Error\\FatalError(code: 0): Cannot redeclare province_name() (previously declared in C:\\Users\\AMIN\\Desktop\\bigstore\\app\\helpers.php:7) at C:\\Users\\AMIN\\Desktop\\bigstore\\app\\helpers.php:9)
[stacktrace]
#0 {main}
"} 
[2026-07-15 17:20:50] local.ERROR: Cannot redeclare province_name() (previously declared in C:\Users\AMIN\Desktop\bigstore\app\helpers.php:7) {"exception":"[object] (Symfony\\Component\\ErrorHandler\\Error\\FatalError(code: 0): Cannot redeclare province_name() (previously declared in C:\\Users\\AMIN\\Desktop\\bigstore\\app\\helpers.php:7) at C:\\Users\\AMIN\\Desktop\\bigstore\\app\\helpers.php:9)
[stacktrace]
#0 {main}
"} 
[2026-07-15 17:21:50] local.ERROR: Cannot redeclare province_name() (previously declared in C:\Users\AMIN\Desktop\bigstore\app\helpers.php:7) {"exception":"[object] (Symfony\\Component\\ErrorHandler\\Error\\FatalError(code: 0): Cannot redeclare province_name() (previously declared in C:\\Users\\AMIN\\Desktop\\bigstore\\app\\helpers.php:7) at C:\\Users\\AMIN\\Desktop\\bigstore\\app\\helpers.php:9)
[stacktrace]
#0 {main}
"} 
[2026-07-15 17:22:50] local.ERROR: Cannot redeclare province_name() (previously declared in C:\Users\AMIN\Desktop\bigstore\app\helpers.php:7) {"exception":"[object] (Symfony\\Component\\ErrorHandler\\Error\\FatalError(code: 0): Cannot redeclare province_name() (previously declared in C:\\Users\\AMIN\\Desktop\\bigstore\\app\\helpers.php:7) at C:\\Users\\AMIN\\Desktop\\bigstore\\app\\helpers.php:9)
[stacktrace]
#0 {main}
"} 
[2026-07-15 17:23:50] local.ERROR: Cannot redeclare province_name() (previously declared in C:\Users\AMIN\Desktop\bigstore\app\helpers.php:7) {"exception":"[object] (Symfony\\Component\\ErrorHandler\\Error\\FatalError(code: 0): Cannot redeclare province_name() (previously declared in C:\\Users\\AMIN\\Desktop\\bigstore\\app\\helpers.php:7) at C:\\Users\\AMIN\\Desktop\\bigstore\\app\\helpers.php:9)
[stacktrace]
#0 {main}
"} 
[2026-07-15 17:24:50] local.ERROR: Cannot redeclare province_name() (previously declared in C:\Users\AMIN\Desktop\bigstore\app\helpers.php:7) {"exception":"[object] (Symfony\\Component\\ErrorHandler\\Error\\FatalError(code: 0): Cannot redeclare province_name() (previously declared in C:\\Users\\AMIN\\Desktop\\bigstore\\app\\helpers.php:7) at C:\\Users\\AMIN\\Desktop\\bigstore\\app\\helpers.php:9)
[stacktrace]
#0 {main}
"} 
[2026-07-15 17:25:50] local.ERROR: Cannot redeclare province_name() (previously declared in C:\Users\AMIN\Desktop\bigstore\app\helpers.php:7) {"exception":"[object] (Symfony\\Component\\ErrorHandler\\Error\\FatalError(code: 0): Cannot redeclare province_name() (previously declared in C:\\Users\\AMIN\\Desktop\\bigstore\\app\\helpers.php:7) at C:\\Users\\AMIN\\Desktop\\bigstore\\app\\helpers.php:9)
[stacktrace]
#0 {main}
"} 
[2026-07-15 17:26:50] local.ERROR: Cannot redeclare province_name() (previously declared in C:\Users\AMIN\Desktop\bigstore\app\helpers.php:7) {"exception":"[object] (Symfony\\Component\\ErrorHandler\\Error\\FatalError(code: 0): Cannot redeclare province_name() (previously declared in C:\\Users\\AMIN\\Desktop\\bigstore\\app\\helpers.php:7) at C:\\Users\\AMIN\\Desktop\\bigstore\\app\\helpers.php:9)
[stacktrace]
#0 {main}
"} 
[2026-07-15 17:27:50] local.ERROR: Cannot redeclare province_name() (previously declared in C:\Users\AMIN\Desktop\bigstore\app\helpers.php:7) {"exception":"[object] (Symfony\\Component\\ErrorHandler\\Error\\FatalError(code: 0): Cannot redeclare province_name() (previously declared in C:\\Users\\AMIN\\Desktop\\bigstore\\app\\helpers.php:7) at C:\\Users\\AMIN\\Desktop\\bigstore\\app\\helpers.php:9)
[stacktrace]
#0 {main}
"} 
[2026-07-15 17:28:50] local.ERROR: Cannot redeclare province_name() (previously declared in C:\Users\AMIN\Desktop\bigstore\app\helpers.php:7) {"exception":"[object] (Symfony\\Component\\ErrorHandler\\Error\\FatalError(code: 0): Cannot redeclare province_name() (previously declared in C:\\Users\\AMIN\\Desktop\\bigstore\\app\\helpers.php:7) at C:\\Users\\AMIN\\Desktop\\bigstore\\app\\helpers.php:9)
[stacktrace]
#0 {main}
"} 
[2026-07-15 17:29:50] local.ERROR: Cannot redeclare province_name() (previously declared in C:\Users\AMIN\Desktop\bigstore\app\helpers.php:7) {"exception":"[object] (Symfony\\Component\\ErrorHandler\\Error\\FatalError(code: 0): Cannot redeclare province_name() (previously declared in C:\\Users\\AMIN\\Desktop\\bigstore\\app\\helpers.php:7) at C:\\Users\\AMIN\\Desktop\\bigstore\\app\\helpers.php:9)
[stacktrace]
#0 {main}
"} 
[2026-07-15 17:30:50] local.ERROR: Cannot redeclare province_name() (previously declared in C:\Users\AMIN\Desktop\bigstore\app\helpers.php:7) {"exception":"[object] (Symfony\\Component\\ErrorHandler\\Error\\FatalError(code: 0): Cannot redeclare province_name() (previously declared in C:\\Users\\AMIN\\Desktop\\bigstore\\app\\helpers.php:7) at C:\\Users\\AMIN\\Desktop\\bigstore\\app\\helpers.php:9)
[stacktrace]
#0 {main}
"} 
[2026-07-15 17:31:50] local.ERROR: Cannot redeclare province_name() (previously declared in C:\Users\AMIN\Desktop\bigstore\app\helpers.php:7) {"exception":"[object] (Symfony\\Component\\ErrorHandler\\Error\\FatalError(code: 0): Cannot redeclare province_name() (previously declared in C:\\Users\\AMIN\\Desktop\\bigstore\\app\\helpers.php:7) at C:\\Users\\AMIN\\Desktop\\bigstore\\app\\helpers.php:9)
[stacktrace]
#0 {main}
"} 
[2026-07-15 17:32:50] local.ERROR: Cannot redeclare province_name() (previously declared in C:\Users\AMIN\Desktop\bigstore\app\helpers.php:7) {"exception":"[object] (Symfony\\Component\\ErrorHandler\\Error\\FatalError(code: 0): Cannot redeclare province_name() (previously declared in C:\\Users\\AMIN\\Desktop\\bigstore\\app\\helpers.php:7) at C:\\Users\\AMIN\\Desktop\\bigstore\\app\\helpers.php:9)
[stacktrace]
#0 {main}
"} 
[2026-07-15 17:33:50] local.ERROR: Cannot redeclare province_name() (previously declared in C:\Users\AMIN\Desktop\bigstore\app\helpers.php:7) {"exception":"[object] (Symfony\\Component\\ErrorHandler\\Error\\FatalError(code: 0): Cannot redeclare province_name() (previously declared in C:\\Users\\AMIN\\Desktop\\bigstore\\app\\helpers.php:7) at C:\\Users\\AMIN\\Desktop\\bigstore\\app\\helpers.php:9)
[stacktrace]
#0 {main}
"} 
[2026-07-15 17:34:50] local.ERROR: Cannot redeclare province_name() (previously declared in C:\Users\AMIN\Desktop\bigstore\app\helpers.php:7) {"exception":"[object] (Symfony\\Component\\ErrorHandler\\Error\\FatalError(code: 0): Cannot redeclare province_name() (previously declared in C:\\Users\\AMIN\\Desktop\\bigstore\\app\\helpers.php:7) at C:\\Users\\AMIN\\Desktop\\bigstore\\app\\helpers.php:9)
[stacktrace]
#0 {main}
"} 
[2026-07-15 17:35:50] local.ERROR: Cannot redeclare province_name() (previously declared in C:\Users\AMIN\Desktop\bigstore\app\helpers.php:7) {"exception":"[object] (Symfony\\Component\\ErrorHandler\\Error\\FatalError(code: 0): Cannot redeclare province_name() (previously declared in C:\\Users\\AMIN\\Desktop\\bigstore\\app\\helpers.php:7) at C:\\Users\\AMIN\\Desktop\\bigstore\\app\\helpers.php:9)
[stacktrace]
#0 {main}
"} 
[2026-07-15 19:54:43] local.ERROR: Cannot redeclare province_name() (previously declared in C:\Users\AMIN\Desktop\bigstore\app\helpers.php:7) {"exception":"[object] (Symfony\\Component\\ErrorHandler\\Error\\FatalError(code: 0): Cannot redeclare province_name() (previously declared in C:\\Users\\AMIN\\Desktop\\bigstore\\app\\helpers.php:7) at C:\\Users\\AMIN\\Desktop\\bigstore\\app\\helpers.php:9)
[stacktrace]
#0 {main}
"} 
[2026-07-15 19:55:43] local.ERROR: Cannot redeclare province_name() (previously declared in C:\Users\AMIN\Desktop\bigstore\app\helpers.php:7) {"exception":"[object] (Symfony\\Component\\ErrorHandler\\Error\\FatalError(code: 0): Cannot redeclare province_name() (previously declared in C:\\Users\\AMIN\\Desktop\\bigstore\\app\\helpers.php:7) at C:\\Users\\AMIN\\Desktop\\bigstore\\app\\helpers.php:9)
[stacktrace]
#0 {main}
"} 
[2026-07-15 19:56:43] local.ERROR: Cannot redeclare province_name() (previously declared in C:\Users\AMIN\Desktop\bigstore\app\helpers.php:7) {"exception":"[object] (Symfony\\Component\\ErrorHandler\\Error\\FatalError(code: 0): Cannot redeclare province_name() (previously declared in C:\\Users\\AMIN\\Desktop\\bigstore\\app\\helpers.php:7) at C:\\Users\\AMIN\\Desktop\\bigstore\\app\\helpers.php:9)
[stacktrace]
#0 {main}
"} 
[2026-07-15 19:57:43] local.ERROR: Cannot redeclare province_name() (previously declared in C:\Users\AMIN\Desktop\bigstore\app\helpers.php:7) {"exception":"[object] (Symfony\\Component\\ErrorHandler\\Error\\FatalError(code: 0): Cannot redeclare province_name() (previously declared in C:\\Users\\AMIN\\Desktop\\bigstore\\app\\helpers.php:7) at C:\\Users\\AMIN\\Desktop\\bigstore\\app\\helpers.php:9)
[stacktrace]
#0 {main}
"} 
[2026-07-15 19:58:02] local.ERROR: Undefined array key 13 {"userId":1,"exception":"[object] (ErrorException(code: 0): Undefined array key 13 at C:\\Users\\AMIN\\Desktop\\bigstore\\vendor\\laravel\\framework\\src\\Illuminate\\Validation\\Concerns\\ValidatesAttributes.php:1073)
[stacktrace]
#0 C:\\Users\\AMIN\\Desktop\\bigstore\\vendor\\laravel\\framework\\src\\Illuminate\\Foundation\\Bootstrap\\HandleExceptions.php(255): Illuminate\\Foundation\\Bootstrap\\HandleExceptions->handleError(2, 'Undefined array...', 'C:\\\\Users\\\\AMIN\\\\D...', 1073)
#1 C:\\Users\\AMIN\\Desktop\\bigstore\\vendor\\laravel\\framework\\src\\Illuminate\\Validation\\Concerns\\ValidatesAttributes.php(1073): Illuminate\\Foundation\\Bootstrap\\HandleExceptions->Illuminate\\Foundation\\Bootstrap\\{closure}(2, 'Undefined array...', 'C:\\\\Users\\\\AMIN\\\\D...', 1073)
#2 C:\\Users\\AMIN\\Desktop\\bigstore\\vendor\\laravel\\framework\\src\\Illuminate\\Validation\\Concerns\\ValidatesAttributes.php(999): Illuminate\\Validation\\Validator->getExtraConditions(Array)
#3 C:\\Users\\AMIN\\Desktop\\bigstore\\vendor\\laravel\\framework\\src\\Illuminate\\Validation\\Concerns\\ValidatesAttributes.php(942): Illuminate\\Validation\\Validator->getUniqueExtra(Array)
#4 C:\\Users\\AMIN\\Desktop\\bigstore\\vendor\\laravel\\framework\\src\\Illuminate\\Validation\\Validator.php(660): Illuminate\\Validation\\Validator->validateUnique('slug', 'testv2', Array, Object(Illuminate\\Validation\\Validator))
#5 C:\\Users\\AMIN\\Desktop\\bigstore\\vendor\\laravel\\framework\\src\\Illuminate\\Validation\\Validator.php(459): Illuminate\\Validation\\Validator->validateAttribute('slug', 'Unique')
#6 C:\\Users\\AMIN\\Desktop\\bigstore\\vendor\\laravel\\framework\\src\\Illuminate\\Validation\\Validator.php(494): Illuminate\\Validation\\Validator->passes()
#7 C:\\Users\\AMIN\\Desktop\\bigstore\\vendor\\laravel\\framework\\src\\Illuminate\\Validation\\ValidatesWhenResolvedTrait.php(31): Illuminate\\Validation\\Validator->fails()
#8 C:\\Users\\AMIN\\Desktop\\bigstore\\vendor\\laravel\\framework\\src\\Illuminate\\Foundation\\Providers\\FormRequestServiceProvider.php(30): Illuminate\\Foundation\\Http\\FormRequest->validateResolved()
#9 C:\\Users\\AMIN\\Desktop\\bigstore\\vendor\\laravel\\framework\\src\\Illuminate\\Container\\Container.php(1302): Illuminate\\Foundation\\Providers\\FormRequestServiceProvider->Illuminate\\Foundation\\Providers\\{closure}(Object(App\\Http\\Requests\\PostRequest), Object(Illuminate\\Foundation\\Application))
#10 C:\\Users\\AMIN\\Desktop\\bigstore\\vendor\\laravel\\framework\\src\\Illuminate\\Container\\Container.php(1266): Illuminate\\Container\\Container->fireCallbackArray(Object(App\\Http\\Requests\\PostRequest), Array)
#11 C:\\Users\\AMIN\\Desktop\\bigstore\\vendor\\laravel\\framework\\src\\Illuminate\\Container\\Container.php(1252): Illuminate\\Container\\Container->fireAfterResolvingCallbacks('App\\\\Http\\\\Reques...', Object(App\\Http\\Requests\\PostRequest))
#12 C:\\Users\\AMIN\\Desktop\\bigstore\\vendor\\laravel\\framework\\src\\Illuminate\\Container\\Container.php(813): Illuminate\\Container\\Container->fireResolvingCallbacks('App\\\\Http\\\\Reques...', Object(App\\Http\\Requests\\PostRequest))
#13 C:\\Users\\AMIN\\Desktop\\bigstore\\vendor\\laravel\\framework\\src\\Illuminate\\Foundation\\Application.php(986): Illuminate\\Container\\Container->resolve('App\\\\Http\\\\Reques...', Array, true)
#14 C:\\Users\\AMIN\\Desktop\\bigstore\\vendor\\laravel\\framework\\src\\Illuminate\\Container\\Container.php(731): Illuminate\\Foundation\\Application->resolve('App\\\\Http\\\\Reques...', Array)
#15 C:\\Users\\AMIN\\Desktop\\bigstore\\vendor\\laravel\\framework\\src\\Illuminate\\Foundation\\Application.php(971): Illuminate\\Container\\Container->make('App\\\\Http\\\\Reques...', Array)
#16 C:\\Users\\AMIN\\Desktop\\bigstore\\vendor\\laravel\\framework\\src\\Illuminate\\Routing\\ResolvesRouteDependencies.php(85): Illuminate\\Foundation\\Application->make('App\\\\Http\\\\Reques...')
#17 C:\\Users\\AMIN\\Desktop\\bigstore\\vendor\\laravel\\framework\\src\\Illuminate\\Routing\\ResolvesRouteDependencies.php(50): Illuminate\\Routing\\ControllerDispatcher->transformDependency(Object(ReflectionParameter), Array, Object(stdClass))
#18 C:\\Users\\AMIN\\Desktop\\bigstore\\vendor\\laravel\\framework\\src\\Illuminate\\Routing\\ResolvesRouteDependencies.php(29): Illuminate\\Routing\\ControllerDispatcher->resolveMethodDependencies(Array, Object(ReflectionMethod))
#19 C:\\Users\\AMIN\\Desktop\\bigstore\\vendor\\laravel\\framework\\src\\Illuminate\\Routing\\ControllerDispatcher.php(59): Illuminate\\Routing\\ControllerDispatcher->resolveClassMethodDependencies(Array, Object(App\\Http\\Controllers\\Admin\\PostController), 'update')
#20 C:\\Users\\AMIN\\Desktop\\bigstore\\vendor\\laravel\\framework\\src\\Illuminate\\Routing\\ControllerDispatcher.php(40): Illuminate\\Routing\\ControllerDispatcher->resolveParameters(Object(Illuminate\\Routing\\Route), Object(App\\Http\\Controllers\\Admin\\PostController), 'update')
#21 C:\\Users\\AMIN\\Desktop\\bigstore\\vendor\\laravel\\framework\\src\\Illuminate\\Routing\\Route.php(259): Illuminate\\Routing\\ControllerDispatcher->dispatch(Object(Illuminate\\Routing\\Route), Object(App\\Http\\Controllers\\Admin\\PostController), 'update')
#22 C:\\Users\\AMIN\\Desktop\\bigstore\\vendor\\laravel\\framework\\src\\Illuminate\\Routing\\Route.php(205): Illuminate\\Routing\\Route->runController()
#23 C:\\Users\\AMIN\\Desktop\\bigstore\\vendor\\laravel\\framework\\src\\Illuminate\\Routing\\Router.php(806): Illuminate\\Routing\\Route->run()
#24 C:\\Users\\AMIN\\Desktop\\bigstore\\vendor\\laravel\\framework\\src\\Illuminate\\Pipeline\\Pipeline.php(144): Illuminate\\Routing\\Router->Illuminate\\Routing\\{closure}(Object(Illuminate\\Http\\Request))
#25 C:\\Users\\AMIN\\Desktop\\bigstore\\vendor\\spatie\\laravel-permission\\src\\Middleware\\RoleMiddleware.php(37): Illuminate\\Pipeline\\Pipeline->Illuminate\\Pipeline\\{closure}(Object(Illuminate\\Http\\Request))
#26 C:\\Users\\AMIN\\Desktop\\bigstore\\vendor\\laravel\\framework\\src\\Illuminate\\Pipeline\\Pipeline.php(183): Spatie\\Permission\\Middleware\\RoleMiddleware->handle(Object(Illuminate\\Http\\Request), Object(Closure), 'admin')
#27 C:\\Users\\AMIN\\Desktop\\bigstore\\vendor\\laravel\\framework\\src\\Illuminate\\Auth\\Middleware\\EnsureEmailIsVerified.php(41): Illuminate\\Pipeline\\Pipeline->Illuminate\\Pipeline\\{closure}(Object(Illuminate\\Http\\Request))
#28 C:\\Users\\AMIN\\Desktop\\bigstore\\vendor\\laravel\\framework\\src\\Illuminate\\Pipeline\\Pipeline.php(183): Illuminate\\Auth\\Middleware\\EnsureEmailIsVerified->handle(Object(Illuminate\\Http\\Request), Object(Closure))
#29 C:\\Users\\AMIN\\Desktop\\bigstore\\vendor\\php-flasher\\flasher-laravel\\Middleware\\FlasherMiddleware.php(34): Illuminate\\Pipeline\\Pipeline->Illuminate\\Pipeline\\{closure}(Object(Illuminate\\Http\\Request))
#30 C:\\Users\\AMIN\\Desktop\\bigstore\\vendor\\laravel\\framework\\src\\Illuminate\\Pipeline\\Pipeline.php(183): Flasher\\Laravel\\Middleware\\FlasherMiddleware->handle(Object(Illuminate\\Http\\Request), Object(Closure))
#31 C:\\Users\\AMIN\\Desktop\\bigstore\\vendor\\php-flasher\\flasher-laravel\\Middleware\\SessionMiddleware.php(34): Illuminate\\Pipeline\\Pipeline->Illuminate\\Pipeline\\{closure}(Object(Illuminate\\Http\\Request))
#32 C:\\Users\\AMIN\\Desktop\\bigstore\\vendor\\laravel\\framework\\src\\Illuminate\\Pipeline\\Pipeline.php(183): Flasher\\Laravel\\Middleware\\SessionMiddleware->handle(Object(Illuminate\\Http\\Request), Object(Closure))
#33 C:\\Users\\AMIN\\Desktop\\bigstore\\vendor\\laravel\\framework\\src\\Illuminate\\Routing\\Middleware\\SubstituteBindings.php(50): Illuminate\\Pipeline\\Pipeline->Illuminate\\Pipeline\\{closure}(Object(Illuminate\\Http\\Request))
#34 C:\\Users\\AMIN\\Desktop\\bigstore\\vendor\\laravel\\framework\\src\\Illuminate\\Pipeline\\Pipeline.php(183): Illuminate\\Routing\\Middleware\\SubstituteBindings->handle(Object(Illuminate\\Http\\Request), Object(Closure))
#35 C:\\Users\\AMIN\\Desktop\\bigstore\\vendor\\laravel\\framework\\src\\Illuminate\\Auth\\Middleware\\Authenticate.php(57): Illuminate\\Pipeline\\Pipeline->Illuminate\\Pipeline\\{closure}(Object(Illuminate\\Http\\Request))
#36 C:\\Users\\AMIN\\Desktop\\bigstore\\vendor\\laravel\\framework\\src\\Illuminate\\Pipeline\\Pipeline.php(183): Illuminate\\Auth\\Middleware\\Authenticate->handle(Object(Illuminate\\Http\\Request), Object(Closure))
#37 C:\\Users\\AMIN\\Desktop\\bigstore\\vendor\\laravel\\framework\\src\\Illuminate\\Foundation\\Http\\Middleware\\VerifyCsrfToken.php(78): Illuminate\\Pipeline\\Pipeline->Illuminate\\Pipeline\\{closure}(Object(Illuminate\\Http\\Request))
#38 C:\\Users\\AMIN\\Desktop\\bigstore\\vendor\\laravel\\framework\\src\\Illuminate\\Pipeline\\Pipeline.php(183): Illuminate\\Foundation\\Http\\Middleware\\VerifyCsrfToken->handle(Object(Illuminate\\Http\\Request), Object(Closure))
#39 C:\\Users\\AMIN\\Desktop\\bigstore\\vendor\\laravel\\framework\\src\\Illuminate\\View\\Middleware\\ShareErrorsFromSession.php(49): Illuminate\\Pipeline\\Pipeline->Illuminate\\Pipeline\\{closure}(Object(Illuminate\\Http\\Request))
#40 C:\\Users\\AMIN\\Desktop\\bigstore\\vendor\\laravel\\framework\\src\\Illuminate\\Pipeline\\Pipeline.php(183): Illuminate\\View\\Middleware\\ShareErrorsFromSession->handle(Object(Illuminate\\Http\\Request), Object(Closure))
#41 C:\\Users\\AMIN\\Desktop\\bigstore\\vendor\\laravel\\framework\\src\\Illuminate\\Session\\Middleware\\StartSession.php(121): Illuminate\\Pipeline\\Pipeline->Illuminate\\Pipeline\\{closure}(Object(Illuminate\\Http\\Request))
#42 C:\\Users\\AMIN\\Desktop\\bigstore\\vendor\\laravel\\framework\\src\\Illuminate\\Session\\Middleware\\StartSession.php(64): Illuminate\\Session\\Middleware\\StartSession->handleStatefulRequest(Object(Illuminate\\Http\\Request), Object(Illuminate\\Session\\Store), Object(Closure))
#43 C:\\Users\\AMIN\\Desktop\\bigstore\\vendor\\laravel\\framework\\src\\Illuminate\\Pipeline\\Pipeline.php(183): Illuminate\\Session\\Middleware\\StartSession->handle(Object(Illuminate\\Http\\Request), Object(Closure))
#44 C:\\Users\\AMIN\\Desktop\\bigstore\\vendor\\laravel\\framework\\src\\Illuminate\\Cookie\\Middleware\\AddQueuedCookiesToResponse.php(37): Illuminate\\Pipeline\\Pipeline->Illuminate\\Pipeline\\{closure}(Object(Illuminate\\Http\\Request))
#45 C:\\Users\\AMIN\\Desktop\\bigstore\\vendor\\laravel\\framework\\src\\Illuminate\\Pipeline\\Pipeline.php(183): Illuminate\\Cookie\\Middleware\\AddQueuedCookiesToResponse->handle(Object(Illuminate\\Http\\Request), Object(Closure))
#46 C:\\Users\\AMIN\\Desktop\\bigstore\\vendor\\laravel\\framework\\src\\Illuminate\\Cookie\\Middleware\\EncryptCookies.php(67): Illuminate\\Pipeline\\Pipeline->Illuminate\\Pipeline\\{closure}(Object(Illuminate\\Http\\Request))
#47 C:\\Users\\AMIN\\Desktop\\bigstore\\vendor\\laravel\\framework\\src\\Illuminate\\Pipeline\\Pipeline.php(183): Illuminate\\Cookie\\Middleware\\EncryptCookies->handle(Object(Illuminate\\Http\\Request), Object(Closure))
#48 C:\\Users\\AMIN\\Desktop\\bigstore\\vendor\\laravel\\framework\\src\\Illuminate\\Pipeline\\Pipeline.php(119): Illuminate\\Pipeline\\Pipeline->Illuminate\\Pipeline\\{closure}(Object(Illuminate\\Http\\Request))
#49 C:\\Users\\AMIN\\Desktop\\bigstore\\vendor\\laravel\\framework\\src\\Illuminate\\Routing\\Router.php(805): Illuminate\\Pipeline\\Pipeline->then(Object(Closure))
#50 C:\\Users\\AMIN\\Desktop\\bigstore\\vendor\\laravel\\framework\\src\\Illuminate\\Routing\\Router.php(784): Illuminate\\Routing\\Router->runRouteWithinStack(Object(Illuminate\\Routing\\Route), Object(Illuminate\\Http\\Request))
#51 C:\\Users\\AMIN\\Desktop\\bigstore\\vendor\\laravel\\framework\\src\\Illuminate\\Routing\\Router.php(748): Illuminate\\Routing\\Router->runRoute(Object(Illuminate\\Http\\Request), Object(Illuminate\\Routing\\Route))
#52 C:\\Users\\AMIN\\Desktop\\bigstore\\vendor\\laravel\\framework\\src\\Illuminate\\Routing\\Router.php(737): Illuminate\\Routing\\Router->dispatchToRoute(Object(Illuminate\\Http\\Request))
#53 C:\\Users\\AMIN\\Desktop\\bigstore\\vendor\\laravel\\framework\\src\\Illuminate\\Foundation\\Http\\Kernel.php(200): Illuminate\\Routing\\Router->dispatch(Object(Illuminate\\Http\\Request))
#54 C:\\Users\\AMIN\\Desktop\\bigstore\\vendor\\laravel\\framework\\src\\Illuminate\\Pipeline\\Pipeline.php(144): Illuminate\\Foundation\\Http\\Kernel->Illuminate\\Foundation\\Http\\{closure}(Object(Illuminate\\Http\\Request))
#55 C:\\Users\\AMIN\\Desktop\\bigstore\\vendor\\livewire\\livewire\\src\\DisableBrowserCache.php(19): Illuminate\\Pipeline\\Pipeline->Illuminate\\Pipeline\\{closure}(Object(Illuminate\\Http\\Request))
#56 C:\\Users\\AMIN\\Desktop\\bigstore\\vendor\\laravel\\framework\\src\\Illuminate\\Pipeline\\Pipeline.php(183): Livewire\\DisableBrowserCache->handle(Object(Illuminate\\Http\\Request), Object(Closure))
#57 C:\\Users\\AMIN\\Desktop\\bigstore\\vendor\\laravel\\framework\\src\\Illuminate\\Foundation\\Http\\Middleware\\TransformsRequest.php(21): Illuminate\\Pipeline\\Pipeline->Illuminate\\Pipeline\\{closure}(Object(Illuminate\\Http\\Request))
#58 C:\\Users\\AMIN\\Desktop\\bigstore\\vendor\\laravel\\framework\\src\\Illuminate\\Foundation\\Http\\Middleware\\ConvertEmptyStringsToNull.php(31): Illuminate\\Foundation\\Http\\Middleware\\TransformsRequest->handle(Object(Illuminate\\Http\\Request), Object(Closure))
#59 C:\\Users\\AMIN\\Desktop\\bigstore\\vendor\\laravel\\framework\\src\\Illuminate\\Pipeline\\Pipeline.php(183): Illuminate\\Foundation\\Http\\Middleware\\ConvertEmptyStringsToNull->handle(Object(Illuminate\\Http\\Request), Object(Closure))
#60 C:\\Users\\AMIN\\Desktop\\bigstore\\vendor\\laravel\\framework\\src\\Illuminate\\Foundation\\Http\\Middleware\\TransformsRequest.php(21): Illuminate\\Pipeline\\Pipeline->Illuminate\\Pipeline\\{closure}(Object(Illuminate\\Http\\Request))
#61 C:\\Users\\AMIN\\Desktop\\bigstore\\vendor\\laravel\\framework\\src\\Illuminate\\Foundation\\Http\\Middleware\\TrimStrings.php(40): Illuminate\\Foundation\\Http\\Middleware\\TransformsRequest->handle(Object(Illuminate\\Http\\Request), Object(Closure))
#62 C:\\Users\\AMIN\\Desktop\\bigstore\\vendor\\laravel\\framework\\src\\Illuminate\\Pipeline\\Pipeline.php(183): Illuminate\\Foundation\\Http\\Middleware\\TrimStrings->handle(Object(Illuminate\\Http\\Request), Object(Closure))
#63 C:\\Users\\AMIN\\Desktop\\bigstore\\vendor\\laravel\\framework\\src\\Illuminate\\Foundation\\Http\\Middleware\\ValidatePostSize.php(27): Illuminate\\Pipeline\\Pipeline->Illuminate\\Pipeline\\{closure}(Object(Illuminate\\Http\\Request))
#64 C:\\Users\\AMIN\\Desktop\\bigstore\\vendor\\laravel\\framework\\src\\Illuminate\\Pipeline\\Pipeline.php(183): Illuminate\\Foundation\\Http\\Middleware\\ValidatePostSize->handle(Object(Illuminate\\Http\\Request), Object(Closure))
#65 C:\\Users\\AMIN\\Desktop\\bigstore\\vendor\\laravel\\framework\\src\\Illuminate\\Foundation\\Http\\Middleware\\PreventRequestsDuringMaintenance.php(99): Illuminate\\Pipeline\\Pipeline->Illuminate\\Pipeline\\{closure}(Object(Illuminate\\Http\\Request))
#66 C:\\Users\\AMIN\\Desktop\\bigstore\\vendor\\laravel\\framework\\src\\Illuminate\\Pipeline\\Pipeline.php(183): Illuminate\\Foundation\\Http\\Middleware\\PreventRequestsDuringMaintenance->handle(Object(Illuminate\\Http\\Request), Object(Closure))
#67 C:\\Users\\AMIN\\Desktop\\bigstore\\vendor\\laravel\\framework\\src\\Illuminate\\Http\\Middleware\\HandleCors.php(49): Illuminate\\Pipeline\\Pipeline->Illuminate\\Pipeline\\{closure}(Object(Illuminate\\Http\\Request))
#68 C:\\Users\\AMIN\\Desktop\\bigstore\\vendor\\laravel\\framework\\src\\Illuminate\\Pipeline\\Pipeline.php(183): Illuminate\\Http\\Middleware\\HandleCors->handle(Object(Illuminate\\Http\\Request), Object(Closure))
#69 C:\\Users\\AMIN\\Desktop\\bigstore\\vendor\\laravel\\framework\\src\\Illuminate\\Http\\Middleware\\TrustProxies.php(39): Illuminate\\Pipeline\\Pipeline->Illuminate\\Pipeline\\{closure}(Object(Illuminate\\Http\\Request))
#70 C:\\Users\\AMIN\\Desktop\\bigstore\\vendor\\laravel\\framework\\src\\Illuminate\\Pipeline\\Pipeline.php(183): Illuminate\\Http\\Middleware\\TrustProxies->handle(Object(Illuminate\\Http\\Request), Object(Closure))
#71 C:\\Users\\AMIN\\Desktop\\bigstore\\vendor\\laravel\\framework\\src\\Illuminate\\Pipeline\\Pipeline.php(119): Illuminate\\Pipeline\\Pipeline->Illuminate\\Pipeline\\{closure}(Object(Illuminate\\Http\\Request))
#72 C:\\Users\\AMIN\\Desktop\\bigstore\\vendor\\laravel\\framework\\src\\Illuminate\\Foundation\\Http\\Kernel.php(175): Illuminate\\Pipeline\\Pipeline->then(Object(Closure))
#73 C:\\Users\\AMIN\\Desktop\\bigstore\\vendor\\laravel\\framework\\src\\Illuminate\\Foundation\\Http\\Kernel.php(144): Illuminate\\Foundation\\Http\\Kernel->sendRequestThroughRouter(Object(Illuminate\\Http\\Request))
#74 C:\\Users\\AMIN\\Desktop\\bigstore\\public\\index.php(51): Illuminate\\Foundation\\Http\\Kernel->handle(Object(Illuminate\\Http\\Request))
#75 C:\\Users\\AMIN\\Desktop\\bigstore\\vendor\\laravel\\framework\\src\\Illuminate\\Foundation\\resources\\server.php(16): require_once('C:\\\\Users\\\\AMIN\\\\D...')
#76 {main}
"} 
[2026-07-15 19:58:43] local.ERROR: Cannot redeclare province_name() (previously declared in C:\Users\AMIN\Desktop\bigstore\app\helpers.php:7) {"exception":"[object] (Symfony\\Component\\ErrorHandler\\Error\\FatalError(code: 0): Cannot redeclare province_name() (previously declared in C:\\Users\\AMIN\\Desktop\\bigstore\\app\\helpers.php:7) at C:\\Users\\AMIN\\Desktop\\bigstore\\app\\helpers.php:9)
[stacktrace]
#0 {main}
"} 
[2026-07-15 19:59:43] local.ERROR: Cannot redeclare province_name() (previously declared in C:\Users\AMIN\Desktop\bigstore\app\helpers.php:7) {"exception":"[object] (Symfony\\Component\\ErrorHandler\\Error\\FatalError(code: 0): Cannot redeclare province_name() (previously declared in C:\\Users\\AMIN\\Desktop\\bigstore\\app\\helpers.php:7) at C:\\Users\\AMIN\\Desktop\\bigstore\\app\\helpers.php:9)
[stacktrace]
#0 {main}
"} 
[2026-07-15 20:00:43] local.ERROR: Cannot redeclare province_name() (previously declared in C:\Users\AMIN\Desktop\bigstore\app\helpers.php:7) {"exception":"[object] (Symfony\\Component\\ErrorHandler\\Error\\FatalError(code: 0): Cannot redeclare province_name() (previously declared in C:\\Users\\AMIN\\Desktop\\bigstore\\app\\helpers.php:7) at C:\\Users\\AMIN\\Desktop\\bigstore\\app\\helpers.php:9)
[stacktrace]
#0 {main}
"} 
[2026-07-15 20:01:43] local.ERROR: Cannot redeclare province_name() (previously declared in C:\Users\AMIN\Desktop\bigstore\app\helpers.php:7) {"exception":"[object] (Symfony\\Component\\ErrorHandler\\Error\\FatalError(code: 0): Cannot redeclare province_name() (previously declared in C:\\Users\\AMIN\\Desktop\\bigstore\\app\\helpers.php:7) at C:\\Users\\AMIN\\Desktop\\bigstore\\app\\helpers.php:9)
[stacktrace]
#0 {main}
"} 
[2026-07-15 20:02:43] local.ERROR: Cannot redeclare province_name() (previously declared in C:\Users\AMIN\Desktop\bigstore\app\helpers.php:7) {"exception":"[object] (Symfony\\Component\\ErrorHandler\\Error\\FatalError(code: 0): Cannot redeclare province_name() (previously declared in C:\\Users\\AMIN\\Desktop\\bigstore\\app\\helpers.php:7) at C:\\Users\\AMIN\\Desktop\\bigstore\\app\\helpers.php:9)
[stacktrace]
#0 {main}
"} 
[2026-07-15 20:03:43] local.ERROR: Cannot redeclare province_name() (previously declared in C:\Users\AMIN\Desktop\bigstore\app\helpers.php:7) {"exception":"[object] (Symfony\\Component\\ErrorHandler\\Error\\FatalError(code: 0): Cannot redeclare province_name() (previously declared in C:\\Users\\AMIN\\Desktop\\bigstore\\app\\helpers.php:7) at C:\\Users\\AMIN\\Desktop\\bigstore\\app\\helpers.php:9)
[stacktrace]
#0 {main}
"} 
[2026-07-15 20:04:43] local.ERROR: Cannot redeclare province_name() (previously declared in C:\Users\AMIN\Desktop\bigstore\app\helpers.php:7) {"exception":"[object] (Symfony\\Component\\ErrorHandler\\Error\\FatalError(code: 0): Cannot redeclare province_name() (previously declared in C:\\Users\\AMIN\\Desktop\\bigstore\\app\\helpers.php:7) at C:\\Users\\AMIN\\Desktop\\bigstore\\app\\helpers.php:9)
[stacktrace]
#0 {main}
"} 
[2026-07-15 20:05:56] local.ERROR: Cannot redeclare province_name() (previously declared in C:\Users\AMIN\Desktop\bigstore\app\helpers.php:7) {"exception":"[object] (Symfony\\Component\\ErrorHandler\\Error\\FatalError(code: 0): Cannot redeclare province_name() (previously declared in C:\\Users\\AMIN\\Desktop\\bigstore\\app\\helpers.php:7) at C:\\Users\\AMIN\\Desktop\\bigstore\\app\\helpers.php:9)
[stacktrace]
#0 {main}
"} 
[2026-07-15 20:06:43] local.ERROR: Cannot redeclare province_name() (previously declared in C:\Users\AMIN\Desktop\bigstore\app\helpers.php:7) {"exception":"[object] (Symfony\\Component\\ErrorHandler\\Error\\FatalError(code: 0): Cannot redeclare province_name() (previously declared in C:\\Users\\AMIN\\Desktop\\bigstore\\app\\helpers.php:7) at C:\\Users\\AMIN\\Desktop\\bigstore\\app\\helpers.php:9)
[stacktrace]
#0 {main}
"} 
[2026-07-15 20:07:43] local.ERROR: Cannot redeclare province_name() (previously declared in C:\Users\AMIN\Desktop\bigstore\app\helpers.php:7) {"exception":"[object] (Symfony\\Component\\ErrorHandler\\Error\\FatalError(code: 0): Cannot redeclare province_name() (previously declared in C:\\Users\\AMIN\\Desktop\\bigstore\\app\\helpers.php:7) at C:\\Users\\AMIN\\Desktop\\bigstore\\app\\helpers.php:9)
[stacktrace]
#0 {main}
"} 
[2026-07-15 20:08:43] local.ERROR: Cannot redeclare province_name() (previously declared in C:\Users\AMIN\Desktop\bigstore\app\helpers.php:7) {"exception":"[object] (Symfony\\Component\\ErrorHandler\\Error\\FatalError(code: 0): Cannot redeclare province_name() (previously declared in C:\\Users\\AMIN\\Desktop\\bigstore\\app\\helpers.php:7) at C:\\Users\\AMIN\\Desktop\\bigstore\\app\\helpers.php:9)
[stacktrace]
#0 {main}
"} 
[2026-07-15 20:09:43] local.ERROR: Cannot redeclare province_name() (previously declared in C:\Users\AMIN\Desktop\bigstore\app\helpers.php:7) {"exception":"[object] (Symfony\\Component\\ErrorHandler\\Error\\FatalError(code: 0): Cannot redeclare province_name() (previously declared in C:\\Users\\AMIN\\Desktop\\bigstore\\app\\helpers.php:7) at C:\\Users\\AMIN\\Desktop\\bigstore\\app\\helpers.php:9)
[stacktrace]
#0 {main}
"} 
[2026-07-15 20:10:43] local.ERROR: Cannot redeclare province_name() (previously declared in C:\Users\AMIN\Desktop\bigstore\app\helpers.php:7) {"exception":"[object] (Symfony\\Component\\ErrorHandler\\Error\\FatalError(code: 0): Cannot redeclare province_name() (previously declared in C:\\Users\\AMIN\\Desktop\\bigstore\\app\\helpers.php:7) at C:\\Users\\AMIN\\Desktop\\bigstore\\app\\helpers.php:9)
[stacktrace]
#0 {main}
"} 
[2026-07-15 20:11:44] local.ERROR: Cannot redeclare province_name() (previously declared in C:\Users\AMIN\Desktop\bigstore\app\helpers.php:7) {"exception":"[object] (Symfony\\Component\\ErrorHandler\\Error\\FatalError(code: 0): Cannot redeclare province_name() (previously declared in C:\\Users\\AMIN\\Desktop\\bigstore\\app\\helpers.php:7) at C:\\Users\\AMIN\\Desktop\\bigstore\\app\\helpers.php:9)
[stacktrace]
#0 {main}
"} 
[2026-07-15 20:12:43] local.ERROR: Cannot redeclare province_name() (previously declared in C:\Users\AMIN\Desktop\bigstore\app\helpers.php:7) {"exception":"[object] (Symfony\\Component\\ErrorHandler\\Error\\FatalError(code: 0): Cannot redeclare province_name() (previously declared in C:\\Users\\AMIN\\Desktop\\bigstore\\app\\helpers.php:7) at C:\\Users\\AMIN\\Desktop\\bigstore\\app\\helpers.php:9)
[stacktrace]
#0 {main}
"} 
[2026-07-15 20:13:43] local.ERROR: Cannot redeclare province_name() (previously declared in C:\Users\AMIN\Desktop\bigstore\app\helpers.php:7) {"exception":"[object] (Symfony\\Component\\ErrorHandler\\Error\\FatalError(code: 0): Cannot redeclare province_name() (previously declared in C:\\Users\\AMIN\\Desktop\\bigstore\\app\\helpers.php:7) at C:\\Users\\AMIN\\Desktop\\bigstore\\app\\helpers.php:9)
[stacktrace]
#0 {main}
"} 
[2026-07-15 20:14:43] local.ERROR: Cannot redeclare province_name() (previously declared in C:\Users\AMIN\Desktop\bigstore\app\helpers.php:7) {"exception":"[object] (Symfony\\Component\\ErrorHandler\\Error\\FatalError(code: 0): Cannot redeclare province_name() (previously declared in C:\\Users\\AMIN\\Desktop\\bigstore\\app\\helpers.php:7) at C:\\Users\\AMIN\\Desktop\\bigstore\\app\\helpers.php:9)
[stacktrace]
#0 {main}
"} 
[2026-07-15 20:15:43] local.ERROR: Cannot redeclare province_name() (previously declared in C:\Users\AMIN\Desktop\bigstore\app\helpers.php:7) {"exception":"[object] (Symfony\\Component\\ErrorHandler\\Error\\FatalError(code: 0): Cannot redeclare province_name() (previously declared in C:\\Users\\AMIN\\Desktop\\bigstore\\app\\helpers.php:7) at C:\\Users\\AMIN\\Desktop\\bigstore\\app\\helpers.php:9)
[stacktrace]
#0 {main}
"} 
[2026-07-15 20:16:43] local.ERROR: Cannot redeclare province_name() (previously declared in C:\Users\AMIN\Desktop\bigstore\app\helpers.php:7) {"exception":"[object] (Symfony\\Component\\ErrorHandler\\Error\\FatalError(code: 0): Cannot redeclare province_name() (previously declared in C:\\Users\\AMIN\\Desktop\\bigstore\\app\\helpers.php:7) at C:\\Users\\AMIN\\Desktop\\bigstore\\app\\helpers.php:9)
[stacktrace]
#0 {main}
"} 
[2026-07-15 20:17:43] local.ERROR: Cannot redeclare province_name() (previously declared in C:\Users\AMIN\Desktop\bigstore\app\helpers.php:7) {"exception":"[object] (Symfony\\Component\\ErrorHandler\\Error\\FatalError(code: 0): Cannot redeclare province_name() (previously declared in C:\\Users\\AMIN\\Desktop\\bigstore\\app\\helpers.php:7) at C:\\Users\\AMIN\\Desktop\\bigstore\\app\\helpers.php:9)
[stacktrace]
#0 {main}
"} 
[2026-07-15 20:18:43] local.ERROR: Cannot redeclare province_name() (previously declared in C:\Users\AMIN\Desktop\bigstore\app\helpers.php:7) {"exception":"[object] (Symfony\\Component\\ErrorHandler\\Error\\FatalError(code: 0): Cannot redeclare province_name() (previously declared in C:\\Users\\AMIN\\Desktop\\bigstore\\app\\helpers.php:7) at C:\\Users\\AMIN\\Desktop\\bigstore\\app\\helpers.php:9)
[stacktrace]
#0 {main}
"} 
[2026-07-15 20:19:43] local.ERROR: Cannot redeclare province_name() (previously declared in C:\Users\AMIN\Desktop\bigstore\app\helpers.php:7) {"exception":"[object] (Symfony\\Component\\ErrorHandler\\Error\\FatalError(code: 0): Cannot redeclare province_name() (previously declared in C:\\Users\\AMIN\\Desktop\\bigstore\\app\\helpers.php:7) at C:\\Users\\AMIN\\Desktop\\bigstore\\app\\helpers.php:9)
[stacktrace]
#0 {main}
"} 
[2026-07-15 20:20:43] local.ERROR: Cannot redeclare province_name() (previously declared in C:\Users\AMIN\Desktop\bigstore\app\helpers.php:7) {"exception":"[object] (Symfony\\Component\\ErrorHandler\\Error\\FatalError(code: 0): Cannot redeclare province_name() (previously declared in C:\\Users\\AMIN\\Desktop\\bigstore\\app\\helpers.php:7) at C:\\Users\\AMIN\\Desktop\\bigstore\\app\\helpers.php:9)
[stacktrace]
#0 {main}
"} 
[2026-07-15 20:21:43] local.ERROR: Cannot redeclare province_name() (previously declared in C:\Users\AMIN\Desktop\bigstore\app\helpers.php:7) {"exception":"[object] (Symfony\\Component\\ErrorHandler\\Error\\FatalError(code: 0): Cannot redeclare province_name() (previously declared in C:\\Users\\AMIN\\Desktop\\bigstore\\app\\helpers.php:7) at C:\\Users\\AMIN\\Desktop\\bigstore\\app\\helpers.php:9)
[stacktrace]
#0 {main}
"} 
[2026-07-15 20:22:43] local.ERROR: Cannot redeclare province_name() (previously declared in C:\Users\AMIN\Desktop\bigstore\app\helpers.php:7) {"exception":"[object] (Symfony\\Component\\ErrorHandler\\Error\\FatalError(code: 0): Cannot redeclare province_name() (previously declared in C:\\Users\\AMIN\\Desktop\\bigstore\\app\\helpers.php:7) at C:\\Users\\AMIN\\Desktop\\bigstore\\app\\helpers.php:9)
[stacktrace]
#0 {main}
"} 
[2026-07-15 20:23:43] local.ERROR: Cannot redeclare province_name() (previously declared in C:\Users\AMIN\Desktop\bigstore\app\helpers.php:7) {"exception":"[object] (Symfony\\Component\\ErrorHandler\\Error\\FatalError(code: 0): Cannot redeclare province_name() (previously declared in C:\\Users\\AMIN\\Desktop\\bigstore\\app\\helpers.php:7) at C:\\Users\\AMIN\\Desktop\\bigstore\\app\\helpers.php:9)
[stacktrace]
#0 {main}
"} 
[2026-07-15 20:24:43] local.ERROR: Cannot redeclare province_name() (previously declared in C:\Users\AMIN\Desktop\bigstore\app\helpers.php:7) {"exception":"[object] (Symfony\\Component\\ErrorHandler\\Error\\FatalError(code: 0): Cannot redeclare province_name() (previously declared in C:\\Users\\AMIN\\Desktop\\bigstore\\app\\helpers.php:7) at C:\\Users\\AMIN\\Desktop\\bigstore\\app\\helpers.php:9)
[stacktrace]
#0 {main}
"} 
[2026-07-15 20:25:43] local.ERROR: Cannot redeclare province_name() (previously declared in C:\Users\AMIN\Desktop\bigstore\app\helpers.php:7) {"exception":"[object] (Symfony\\Component\\ErrorHandler\\Error\\FatalError(code: 0): Cannot redeclare province_name() (previously declared in C:\\Users\\AMIN\\Desktop\\bigstore\\app\\helpers.php:7) at C:\\Users\\AMIN\\Desktop\\bigstore\\app\\helpers.php:9)
[stacktrace]
#0 {main}
"} 
[2026-07-15 20:26:43] local.ERROR: Cannot redeclare province_name() (previously declared in C:\Users\AMIN\Desktop\bigstore\app\helpers.php:7) {"exception":"[object] (Symfony\\Component\\ErrorHandler\\Error\\FatalError(code: 0): Cannot redeclare province_name() (previously declared in C:\\Users\\AMIN\\Desktop\\bigstore\\app\\helpers.php:7) at C:\\Users\\AMIN\\Desktop\\bigstore\\app\\helpers.php:9)
[stacktrace]
#0 {main}
"} 
[2026-07-15 20:27:43] local.ERROR: Cannot redeclare province_name() (previously declared in C:\Users\AMIN\Desktop\bigstore\app\helpers.php:7) {"exception":"[object] (Symfony\\Component\\ErrorHandler\\Error\\FatalError(code: 0): Cannot redeclare province_name() (previously declared in C:\\Users\\AMIN\\Desktop\\bigstore\\app\\helpers.php:7) at C:\\Users\\AMIN\\Desktop\\bigstore\\app\\helpers.php:9)
[stacktrace]
#0 {main}
"} 
[2026-07-15 20:28:43] local.ERROR: Cannot redeclare province_name() (previously declared in C:\Users\AMIN\Desktop\bigstore\app\helpers.php:7) {"exception":"[object] (Symfony\\Component\\ErrorHandler\\Error\\FatalError(code: 0): Cannot redeclare province_name() (previously declared in C:\\Users\\AMIN\\Desktop\\bigstore\\app\\helpers.php:7) at C:\\Users\\AMIN\\Desktop\\bigstore\\app\\helpers.php:9)
[stacktrace]
#0 {main}
"} 
[2026-07-15 20:29:43] local.ERROR: Cannot redeclare province_name() (previously declared in C:\Users\AMIN\Desktop\bigstore\app\helpers.php:7) {"exception":"[object] (Symfony\\Component\\ErrorHandler\\Error\\FatalError(code: 0): Cannot redeclare province_name() (previously declared in C:\\Users\\AMIN\\Desktop\\bigstore\\app\\helpers.php:7) at C:\\Users\\AMIN\\Desktop\\bigstore\\app\\helpers.php:9)
[stacktrace]
#0 {main}
"} 
[2026-07-15 20:30:43] local.ERROR: Cannot redeclare province_name() (previously declared in C:\Users\AMIN\Desktop\bigstore\app\helpers.php:7) {"exception":"[object] (Symfony\\Component\\ErrorHandler\\Error\\FatalError(code: 0): Cannot redeclare province_name() (previously declared in C:\\Users\\AMIN\\Desktop\\bigstore\\app\\helpers.php:7) at C:\\Users\\AMIN\\Desktop\\bigstore\\app\\helpers.php:9)
[stacktrace]
#0 {main}
"} 
[2026-07-15 20:31:43] local.ERROR: Cannot redeclare province_name() (previously declared in C:\Users\AMIN\Desktop\bigstore\app\helpers.php:7) {"exception":"[object] (Symfony\\Component\\ErrorHandler\\Error\\FatalError(code: 0): Cannot redeclare province_name() (previously declared in C:\\Users\\AMIN\\Desktop\\bigstore\\app\\helpers.php:7) at C:\\Users\\AMIN\\Desktop\\bigstore\\app\\helpers.php:9)
[stacktrace]
#0 {main}
"} 
[2026-07-15 20:32:43] local.ERROR: Cannot redeclare province_name() (previously declared in C:\Users\AMIN\Desktop\bigstore\app\helpers.php:7) {"exception":"[object] (Symfony\\Component\\ErrorHandler\\Error\\FatalError(code: 0): Cannot redeclare province_name() (previously declared in C:\\Users\\AMIN\\Desktop\\bigstore\\app\\helpers.php:7) at C:\\Users\\AMIN\\Desktop\\bigstore\\app\\helpers.php:9)
[stacktrace]
#0 {main}
"} 
[2026-07-15 20:33:43] local.ERROR: Cannot redeclare province_name() (previously declared in C:\Users\AMIN\Desktop\bigstore\app\helpers.php:7) {"exception":"[object] (Symfony\\Component\\ErrorHandler\\Error\\FatalError(code: 0): Cannot redeclare province_name() (previously declared in C:\\Users\\AMIN\\Desktop\\bigstore\\app\\helpers.php:7) at C:\\Users\\AMIN\\Desktop\\bigstore\\app\\helpers.php:9)
[stacktrace]
#0 {main}
"} 
[2026-07-15 20:34:43] local.ERROR: Cannot redeclare province_name() (previously declared in C:\Users\AMIN\Desktop\bigstore\app\helpers.php:7) {"exception":"[object] (Symfony\\Component\\ErrorHandler\\Error\\FatalError(code: 0): Cannot redeclare province_name() (previously declared in C:\\Users\\AMIN\\Desktop\\bigstore\\app\\helpers.php:7) at C:\\Users\\AMIN\\Desktop\\bigstore\\app\\helpers.php:9)
[stacktrace]
#0 {main}
"} 
[2026-07-15 20:35:43] local.ERROR: Cannot redeclare province_name() (previously declared in C:\Users\AMIN\Desktop\bigstore\app\helpers.php:7) {"exception":"[object] (Symfony\\Component\\ErrorHandler\\Error\\FatalError(code: 0): Cannot redeclare province_name() (previously declared in C:\\Users\\AMIN\\Desktop\\bigstore\\app\\helpers.php:7) at C:\\Users\\AMIN\\Desktop\\bigstore\\app\\helpers.php:9)
[stacktrace]
#0 {main}
"} 
[2026-07-15 20:36:43] local.ERROR: Cannot redeclare province_name() (previously declared in C:\Users\AMIN\Desktop\bigstore\app\helpers.php:7) {"exception":"[object] (Symfony\\Component\\ErrorHandler\\Error\\FatalError(code: 0): Cannot redeclare province_name() (previously declared in C:\\Users\\AMIN\\Desktop\\bigstore\\app\\helpers.php:7) at C:\\Users\\AMIN\\Desktop\\bigstore\\app\\helpers.php:9)
[stacktrace]
#0 {main}
"} 
[2026-07-15 20:37:43] local.ERROR: Cannot redeclare province_name() (previously declared in C:\Users\AMIN\Desktop\bigstore\app\helpers.php:7) {"exception":"[object] (Symfony\\Component\\ErrorHandler\\Error\\FatalError(code: 0): Cannot redeclare province_name() (previously declared in C:\\Users\\AMIN\\Desktop\\bigstore\\app\\helpers.php:7) at C:\\Users\\AMIN\\Desktop\\bigstore\\app\\helpers.php:9)
[stacktrace]
#0 {main}
"} 
[2026-07-15 20:38:43] local.ERROR: Cannot redeclare province_name() (previously declared in C:\Users\AMIN\Desktop\bigstore\app\helpers.php:7) {"exception":"[object] (Symfony\\Component\\ErrorHandler\\Error\\FatalError(code: 0): Cannot redeclare province_name() (previously declared in C:\\Users\\AMIN\\Desktop\\bigstore\\app\\helpers.php:7) at C:\\Users\\AMIN\\Desktop\\bigstore\\app\\helpers.php:9)
[stacktrace]
#0 {main}
"} 
[2026-07-15 20:39:43] local.ERROR: Cannot redeclare province_name() (previously declared in C:\Users\AMIN\Desktop\bigstore\app\helpers.php:7) {"exception":"[object] (Symfony\\Component\\ErrorHandler\\Error\\FatalError(code: 0): Cannot redeclare province_name() (previously declared in C:\\Users\\AMIN\\Desktop\\bigstore\\app\\helpers.php:7) at C:\\Users\\AMIN\\Desktop\\bigstore\\app\\helpers.php:9)
[stacktrace]
#0 {main}
"} 
[2026-07-15 20:40:43] local.ERROR: Cannot redeclare province_name() (previously declared in C:\Users\AMIN\Desktop\bigstore\app\helpers.php:7) {"exception":"[object] (Symfony\\Component\\ErrorHandler\\Error\\FatalError(code: 0): Cannot redeclare province_name() (previously declared in C:\\Users\\AMIN\\Desktop\\bigstore\\app\\helpers.php:7) at C:\\Users\\AMIN\\Desktop\\bigstore\\app\\helpers.php:9)
[stacktrace]
#0 {main}
"} 
[2026-07-15 20:41:43] local.ERROR: Cannot redeclare province_name() (previously declared in C:\Users\AMIN\Desktop\bigstore\app\helpers.php:7) {"exception":"[object] (Symfony\\Component\\ErrorHandler\\Error\\FatalError(code: 0): Cannot redeclare province_name() (previously declared in C:\\Users\\AMIN\\Desktop\\bigstore\\app\\helpers.php:7) at C:\\Users\\AMIN\\Desktop\\bigstore\\app\\helpers.php:9)
[stacktrace]
#0 {main}
"} 
[2026-07-15 20:42:43] local.ERROR: Cannot redeclare province_name() (previously declared in C:\Users\AMIN\Desktop\bigstore\app\helpers.php:7) {"exception":"[object] (Symfony\\Component\\ErrorHandler\\Error\\FatalError(code: 0): Cannot redeclare province_name() (previously declared in C:\\Users\\AMIN\\Desktop\\bigstore\\app\\helpers.php:7) at C:\\Users\\AMIN\\Desktop\\bigstore\\app\\helpers.php:9)
[stacktrace]
#0 {main}
"} 
[2026-07-15 20:43:43] local.ERROR: Cannot redeclare province_name() (previously declared in C:\Users\AMIN\Desktop\bigstore\app\helpers.php:7) {"exception":"[object] (Symfony\\Component\\ErrorHandler\\Error\\FatalError(code: 0): Cannot redeclare province_name() (previously declared in C:\\Users\\AMIN\\Desktop\\bigstore\\app\\helpers.php:7) at C:\\Users\\AMIN\\Desktop\\bigstore\\app\\helpers.php:9)
[stacktrace]
#0 {main}
"} 
[2026-07-15 20:44:43] local.ERROR: Cannot redeclare province_name() (previously declared in C:\Users\AMIN\Desktop\bigstore\app\helpers.php:7) {"exception":"[object] (Symfony\\Component\\ErrorHandler\\Error\\FatalError(code: 0): Cannot redeclare province_name() (previously declared in C:\\Users\\AMIN\\Desktop\\bigstore\\app\\helpers.php:7) at C:\\Users\\AMIN\\Desktop\\bigstore\\app\\helpers.php:9)
[stacktrace]
#0 {main}
"} 
[2026-07-15 20:45:43] local.ERROR: Cannot redeclare province_name() (previously declared in C:\Users\AMIN\Desktop\bigstore\app\helpers.php:7) {"exception":"[object] (Symfony\\Component\\ErrorHandler\\Error\\FatalError(code: 0): Cannot redeclare province_name() (previously declared in C:\\Users\\AMIN\\Desktop\\bigstore\\app\\helpers.php:7) at C:\\Users\\AMIN\\Desktop\\bigstore\\app\\helpers.php:9)
[stacktrace]
#0 {main}
"} 
[2026-07-15 20:46:43] local.ERROR: Cannot redeclare province_name() (previously declared in C:\Users\AMIN\Desktop\bigstore\app\helpers.php:7) {"exception":"[object] (Symfony\\Component\\ErrorHandler\\Error\\FatalError(code: 0): Cannot redeclare province_name() (previously declared in C:\\Users\\AMIN\\Desktop\\bigstore\\app\\helpers.php:7) at C:\\Users\\AMIN\\Desktop\\bigstore\\app\\helpers.php:9)
[stacktrace]
#0 {main}
"} 
[2026-07-15 23:22:47] local.ERROR: Cannot redeclare province_name() (previously declared in C:\Users\AMIN\Desktop\bigstore\app\helpers.php:7) {"exception":"[object] (Symfony\\Component\\ErrorHandler\\Error\\FatalError(code: 0): Cannot redeclare province_name() (previously declared in C:\\Users\\AMIN\\Desktop\\bigstore\\app\\helpers.php:7) at C:\\Users\\AMIN\\Desktop\\bigstore\\app\\helpers.php:9)
[stacktrace]
#0 {main}
"} 
[2026-07-15 23:23:44] local.ERROR: Cannot redeclare province_name() (previously declared in C:\Users\AMIN\Desktop\bigstore\app\helpers.php:7) {"exception":"[object] (Symfony\\Component\\ErrorHandler\\Error\\FatalError(code: 0): Cannot redeclare province_name() (previously declared in C:\\Users\\AMIN\\Desktop\\bigstore\\app\\helpers.php:7) at C:\\Users\\AMIN\\Desktop\\bigstore\\app\\helpers.php:9)
[stacktrace]
#0 {main}
"} 
[2026-07-15 23:24:44] local.ERROR: Cannot redeclare province_name() (previously declared in C:\Users\AMIN\Desktop\bigstore\app\helpers.php:7) {"exception":"[object] (Symfony\\Component\\ErrorHandler\\Error\\FatalError(code: 0): Cannot redeclare province_name() (previously declared in C:\\Users\\AMIN\\Desktop\\bigstore\\app\\helpers.php:7) at C:\\Users\\AMIN\\Desktop\\bigstore\\app\\helpers.php:9)
[stacktrace]
#0 {main}
"} 
[2026-07-15 23:25:45] local.ERROR: Cannot redeclare province_name() (previously declared in C:\Users\AMIN\Desktop\bigstore\app\helpers.php:7) {"exception":"[object] (Symfony\\Component\\ErrorHandler\\Error\\FatalError(code: 0): Cannot redeclare province_name() (previously declared in C:\\Users\\AMIN\\Desktop\\bigstore\\app\\helpers.php:7) at C:\\Users\\AMIN\\Desktop\\bigstore\\app\\helpers.php:9)
[stacktrace]
#0 {main}
"} 
[2026-07-15 23:26:44] local.ERROR: Cannot redeclare province_name() (previously declared in C:\Users\AMIN\Desktop\bigstore\app\helpers.php:7) {"exception":"[object] (Symfony\\Component\\ErrorHandler\\Error\\FatalError(code: 0): Cannot redeclare province_name() (previously declared in C:\\Users\\AMIN\\Desktop\\bigstore\\app\\helpers.php:7) at C:\\Users\\AMIN\\Desktop\\bigstore\\app\\helpers.php:9)
[stacktrace]
#0 {main}
"} 
[2026-07-15 23:27:44] local.ERROR: Cannot redeclare province_name() (previously declared in C:\Users\AMIN\Desktop\bigstore\app\helpers.php:7) {"exception":"[object] (Symfony\\Component\\ErrorHandler\\Error\\FatalError(code: 0): Cannot redeclare province_name() (previously declared in C:\\Users\\AMIN\\Desktop\\bigstore\\app\\helpers.php:7) at C:\\Users\\AMIN\\Desktop\\bigstore\\app\\helpers.php:9)
[stacktrace]
#0 {main}
"} 
[2026-07-15 23:28:44] local.ERROR: Cannot redeclare province_name() (previously declared in C:\Users\AMIN\Desktop\bigstore\app\helpers.php:7) {"exception":"[object] (Symfony\\Component\\ErrorHandler\\Error\\FatalError(code: 0): Cannot redeclare province_name() (previously declared in C:\\Users\\AMIN\\Desktop\\bigstore\\app\\helpers.php:7) at C:\\Users\\AMIN\\Desktop\\bigstore\\app\\helpers.php:9)
[stacktrace]
#0 {main}
"} 
[2026-07-15 23:29:44] local.ERROR: Cannot redeclare province_name() (previously declared in C:\Users\AMIN\Desktop\bigstore\app\helpers.php:7) {"exception":"[object] (Symfony\\Component\\ErrorHandler\\Error\\FatalError(code: 0): Cannot redeclare province_name() (previously declared in C:\\Users\\AMIN\\Desktop\\bigstore\\app\\helpers.php:7) at C:\\Users\\AMIN\\Desktop\\bigstore\\app\\helpers.php:9)
[stacktrace]
#0 {main}
"} 
[2026-07-15 23:30:44] local.ERROR: Cannot redeclare province_name() (previously declared in C:\Users\AMIN\Desktop\bigstore\app\helpers.php:7) {"exception":"[object] (Symfony\\Component\\ErrorHandler\\Error\\FatalError(code: 0): Cannot redeclare province_name() (previously declared in C:\\Users\\AMIN\\Desktop\\bigstore\\app\\helpers.php:7) at C:\\Users\\AMIN\\Desktop\\bigstore\\app\\helpers.php:9)
[stacktrace]
#0 {main}
"} 
[2026-07-15 23:31:45] local.ERROR: Cannot redeclare province_name() (previously declared in C:\Users\AMIN\Desktop\bigstore\app\helpers.php:7) {"exception":"[object] (Symfony\\Component\\ErrorHandler\\Error\\FatalError(code: 0): Cannot redeclare province_name() (previously declared in C:\\Users\\AMIN\\Desktop\\bigstore\\app\\helpers.php:7) at C:\\Users\\AMIN\\Desktop\\bigstore\\app\\helpers.php:9)
[stacktrace]
#0 {main}
"} 
[2026-07-15 23:32:45] local.ERROR: Cannot redeclare province_name() (previously declared in C:\Users\AMIN\Desktop\bigstore\app\helpers.php:7) {"exception":"[object] (Symfony\\Component\\ErrorHandler\\Error\\FatalError(code: 0): Cannot redeclare province_name() (previously declared in C:\\Users\\AMIN\\Desktop\\bigstore\\app\\helpers.php:7) at C:\\Users\\AMIN\\Desktop\\bigstore\\app\\helpers.php:9)
[stacktrace]
#0 {main}
"} 
[2026-07-15 23:33:44] local.ERROR: Cannot redeclare province_name() (previously declared in C:\Users\AMIN\Desktop\bigstore\app\helpers.php:7) {"exception":"[object] (Symfony\\Component\\ErrorHandler\\Error\\FatalError(code: 0): Cannot redeclare province_name() (previously declared in C:\\Users\\AMIN\\Desktop\\bigstore\\app\\helpers.php:7) at C:\\Users\\AMIN\\Desktop\\bigstore\\app\\helpers.php:9)
[stacktrace]
#0 {main}
"} 
[2026-07-15 23:34:44] local.ERROR: Cannot redeclare province_name() (previously declared in C:\Users\AMIN\Desktop\bigstore\app\helpers.php:7) {"exception":"[object] (Symfony\\Component\\ErrorHandler\\Error\\FatalError(code: 0): Cannot redeclare province_name() (previously declared in C:\\Users\\AMIN\\Desktop\\bigstore\\app\\helpers.php:7) at C:\\Users\\AMIN\\Desktop\\bigstore\\app\\helpers.php:9)
[stacktrace]
#0 {main}
"} 
[2026-07-15 23:35:45] local.ERROR: Cannot redeclare province_name() (previously declared in C:\Users\AMIN\Desktop\bigstore\app\helpers.php:7) {"exception":"[object] (Symfony\\Component\\ErrorHandler\\Error\\FatalError(code: 0): Cannot redeclare province_name() (previously declared in C:\\Users\\AMIN\\Desktop\\bigstore\\app\\helpers.php:7) at C:\\Users\\AMIN\\Desktop\\bigstore\\app\\helpers.php:9)
[stacktrace]
#0 {main}
"} 
[2026-07-15 23:36:44] local.ERROR: Cannot redeclare province_name() (previously declared in C:\Users\AMIN\Desktop\bigstore\app\helpers.php:7) {"exception":"[object] (Symfony\\Component\\ErrorHandler\\Error\\FatalError(code: 0): Cannot redeclare province_name() (previously declared in C:\\Users\\AMIN\\Desktop\\bigstore\\app\\helpers.php:7) at C:\\Users\\AMIN\\Desktop\\bigstore\\app\\helpers.php:9)
[stacktrace]
#0 {main}
"} 
[2026-07-15 23:37:44] local.ERROR: Cannot redeclare province_name() (previously declared in C:\Users\AMIN\Desktop\bigstore\app\helpers.php:7) {"exception":"[object] (Symfony\\Component\\ErrorHandler\\Error\\FatalError(code: 0): Cannot redeclare province_name() (previously declared in C:\\Users\\AMIN\\Desktop\\bigstore\\app\\helpers.php:7) at C:\\Users\\AMIN\\Desktop\\bigstore\\app\\helpers.php:9)
[stacktrace]
#0 {main}
"} 
[2026-07-15 23:38:45] local.ERROR: Cannot redeclare province_name() (previously declared in C:\Users\AMIN\Desktop\bigstore\app\helpers.php:7) {"exception":"[object] (Symfony\\Component\\ErrorHandler\\Error\\FatalError(code: 0): Cannot redeclare province_name() (previously declared in C:\\Users\\AMIN\\Desktop\\bigstore\\app\\helpers.php:7) at C:\\Users\\AMIN\\Desktop\\bigstore\\app\\helpers.php:9)
[stacktrace]
#0 {main}
"} 
[2026-07-15 23:39:45] local.ERROR: Cannot redeclare province_name() (previously declared in C:\Users\AMIN\Desktop\bigstore\app\helpers.php:7) {"exception":"[object] (Symfony\\Component\\ErrorHandler\\Error\\FatalError(code: 0): Cannot redeclare province_name() (previously declared in C:\\Users\\AMIN\\Desktop\\bigstore\\app\\helpers.php:7) at C:\\Users\\AMIN\\Desktop\\bigstore\\app\\helpers.php:9)
[stacktrace]
#0 {main}
"} 
[2026-07-15 23:40:45] local.ERROR: Cannot redeclare province_name() (previously declared in C:\Users\AMIN\Desktop\bigstore\app\helpers.php:7) {"exception":"[object] (Symfony\\Component\\ErrorHandler\\Error\\FatalError(code: 0): Cannot redeclare province_name() (previously declared in C:\\Users\\AMIN\\Desktop\\bigstore\\app\\helpers.php:7) at C:\\Users\\AMIN\\Desktop\\bigstore\\app\\helpers.php:9)
[stacktrace]
#0 {main}
"} 
[2026-07-15 23:41:45] local.ERROR: Cannot redeclare province_name() (previously declared in C:\Users\AMIN\Desktop\bigstore\app\helpers.php:7) {"exception":"[object] (Symfony\\Component\\ErrorHandler\\Error\\FatalError(code: 0): Cannot redeclare province_name() (previously declared in C:\\Users\\AMIN\\Desktop\\bigstore\\app\\helpers.php:7) at C:\\Users\\AMIN\\Desktop\\bigstore\\app\\helpers.php:9)
[stacktrace]
#0 {main}
"} 
[2026-07-15 23:42:44] local.ERROR: Cannot redeclare province_name() (previously declared in C:\Users\AMIN\Desktop\bigstore\app\helpers.php:7) {"exception":"[object] (Symfony\\Component\\ErrorHandler\\Error\\FatalError(code: 0): Cannot redeclare province_name() (previously declared in C:\\Users\\AMIN\\Desktop\\bigstore\\app\\helpers.php:7) at C:\\Users\\AMIN\\Desktop\\bigstore\\app\\helpers.php:9)
[stacktrace]
#0 {main}
"} 
[2026-07-15 23:43:45] local.ERROR: Cannot redeclare province_name() (previously declared in C:\Users\AMIN\Desktop\bigstore\app\helpers.php:7) {"exception":"[object] (Symfony\\Component\\ErrorHandler\\Error\\FatalError(code: 0): Cannot redeclare province_name() (previously declared in C:\\Users\\AMIN\\Desktop\\bigstore\\app\\helpers.php:7) at C:\\Users\\AMIN\\Desktop\\bigstore\\app\\helpers.php:9)
[stacktrace]
#0 {main}
"} 
[2026-07-15 23:44:45] local.ERROR: Cannot redeclare province_name() (previously declared in C:\Users\AMIN\Desktop\bigstore\app\helpers.php:7) {"exception":"[object] (Symfony\\Component\\ErrorHandler\\Error\\FatalError(code: 0): Cannot redeclare province_name() (previously declared in C:\\Users\\AMIN\\Desktop\\bigstore\\app\\helpers.php:7) at C:\\Users\\AMIN\\Desktop\\bigstore\\app\\helpers.php:9)
[stacktrace]
#0 {main}
"} 
[2026-07-15 23:45:45] local.ERROR: Cannot redeclare province_name() (previously declared in C:\Users\AMIN\Desktop\bigstore\app\helpers.php:7) {"exception":"[object] (Symfony\\Component\\ErrorHandler\\Error\\FatalError(code: 0): Cannot redeclare province_name() (previously declared in C:\\Users\\AMIN\\Desktop\\bigstore\\app\\helpers.php:7) at C:\\Users\\AMIN\\Desktop\\bigstore\\app\\helpers.php:9)
[stacktrace]
#0 {main}
"} 
[2026-07-15 23:46:45] local.ERROR: Cannot redeclare province_name() (previously declared in C:\Users\AMIN\Desktop\bigstore\app\helpers.php:7) {"exception":"[object] (Symfony\\Component\\ErrorHandler\\Error\\FatalError(code: 0): Cannot redeclare province_name() (previously declared in C:\\Users\\AMIN\\Desktop\\bigstore\\app\\helpers.php:7) at C:\\Users\\AMIN\\Desktop\\bigstore\\app\\helpers.php:9)
[stacktrace]
#0 {main}
"} 
[2026-07-15 23:47:45] local.ERROR: Cannot redeclare province_name() (previously declared in C:\Users\AMIN\Desktop\bigstore\app\helpers.php:7) {"exception":"[object] (Symfony\\Component\\ErrorHandler\\Error\\FatalError(code: 0): Cannot redeclare province_name() (previously declared in C:\\Users\\AMIN\\Desktop\\bigstore\\app\\helpers.php:7) at C:\\Users\\AMIN\\Desktop\\bigstore\\app\\helpers.php:9)
[stacktrace]
#0 {main}
"} 
[2026-07-15 23:48:45] local.ERROR: Cannot redeclare province_name() (previously declared in C:\Users\AMIN\Desktop\bigstore\app\helpers.php:7) {"exception":"[object] (Symfony\\Component\\ErrorHandler\\Error\\FatalError(code: 0): Cannot redeclare province_name() (previously declared in C:\\Users\\AMIN\\Desktop\\bigstore\\app\\helpers.php:7) at C:\\Users\\AMIN\\Desktop\\bigstore\\app\\helpers.php:9)
[stacktrace]
#0 {main}
"} 
[2026-07-15 23:49:45] local.ERROR: Cannot redeclare province_name() (previously declared in C:\Users\AMIN\Desktop\bigstore\app\helpers.php:7) {"exception":"[object] (Symfony\\Component\\ErrorHandler\\Error\\FatalError(code: 0): Cannot redeclare province_name() (previously declared in C:\\Users\\AMIN\\Desktop\\bigstore\\app\\helpers.php:7) at C:\\Users\\AMIN\\Desktop\\bigstore\\app\\helpers.php:9)
[stacktrace]
#0 {main}
"} 
[2026-07-15 23:50:45] local.ERROR: Cannot redeclare province_name() (previously declared in C:\Users\AMIN\Desktop\bigstore\app\helpers.php:7) {"exception":"[object] (Symfony\\Component\\ErrorHandler\\Error\\FatalError(code: 0): Cannot redeclare province_name() (previously declared in C:\\Users\\AMIN\\Desktop\\bigstore\\app\\helpers.php:7) at C:\\Users\\AMIN\\Desktop\\bigstore\\app\\helpers.php:9)
[stacktrace]
#0 {main}
"} 
[2026-07-15 23:51:45] local.ERROR: Cannot redeclare province_name() (previously declared in C:\Users\AMIN\Desktop\bigstore\app\helpers.php:7) {"exception":"[object] (Symfony\\Component\\ErrorHandler\\Error\\FatalError(code: 0): Cannot redeclare province_name() (previously declared in C:\\Users\\AMIN\\Desktop\\bigstore\\app\\helpers.php:7) at C:\\Users\\AMIN\\Desktop\\bigstore\\app\\helpers.php:9)
[stacktrace]
#0 {main}
"} 
[2026-07-15 23:52:45] local.ERROR: Cannot redeclare province_name() (previously declared in C:\Users\AMIN\Desktop\bigstore\app\helpers.php:7) {"exception":"[object] (Symfony\\Component\\ErrorHandler\\Error\\FatalError(code: 0): Cannot redeclare province_name() (previously declared in C:\\Users\\AMIN\\Desktop\\bigstore\\app\\helpers.php:7) at C:\\Users\\AMIN\\Desktop\\bigstore\\app\\helpers.php:9)
[stacktrace]
#0 {main}
"} 
[2026-07-15 23:53:45] local.ERROR: Cannot redeclare province_name() (previously declared in C:\Users\AMIN\Desktop\bigstore\app\helpers.php:7) {"exception":"[object] (Symfony\\Component\\ErrorHandler\\Error\\FatalError(code: 0): Cannot redeclare province_name() (previously declared in C:\\Users\\AMIN\\Desktop\\bigstore\\app\\helpers.php:7) at C:\\Users\\AMIN\\Desktop\\bigstore\\app\\helpers.php:9)
[stacktrace]
#0 {main}
"} 
[2026-07-15 23:54:45] local.ERROR: Cannot redeclare province_name() (previously declared in C:\Users\AMIN\Desktop\bigstore\app\helpers.php:7) {"exception":"[object] (Symfony\\Component\\ErrorHandler\\Error\\FatalError(code: 0): Cannot redeclare province_name() (previously declared in C:\\Users\\AMIN\\Desktop\\bigstore\\app\\helpers.php:7) at C:\\Users\\AMIN\\Desktop\\bigstore\\app\\helpers.php:9)
[stacktrace]
#0 {main}
"} 
[2026-07-15 23:55:45] local.ERROR: Cannot redeclare province_name() (previously declared in C:\Users\AMIN\Desktop\bigstore\app\helpers.php:7) {"exception":"[object] (Symfony\\Component\\ErrorHandler\\Error\\FatalError(code: 0): Cannot redeclare province_name() (previously declared in C:\\Users\\AMIN\\Desktop\\bigstore\\app\\helpers.php:7) at C:\\Users\\AMIN\\Desktop\\bigstore\\app\\helpers.php:9)
[stacktrace]
#0 {main}
"} 
[2026-07-15 23:56:45] local.ERROR: Cannot redeclare province_name() (previously declared in C:\Users\AMIN\Desktop\bigstore\app\helpers.php:7) {"exception":"[object] (Symfony\\Component\\ErrorHandler\\Error\\FatalError(code: 0): Cannot redeclare province_name() (previously declared in C:\\Users\\AMIN\\Desktop\\bigstore\\app\\helpers.php:7) at C:\\Users\\AMIN\\Desktop\\bigstore\\app\\helpers.php:9)
[stacktrace]
#0 {main}
"} 
[2026-07-15 23:57:45] local.ERROR: Cannot redeclare province_name() (previously declared in C:\Users\AMIN\Desktop\bigstore\app\helpers.php:7) {"exception":"[object] (Symfony\\Component\\ErrorHandler\\Error\\FatalError(code: 0): Cannot redeclare province_name() (previously declared in C:\\Users\\AMIN\\Desktop\\bigstore\\app\\helpers.php:7) at C:\\Users\\AMIN\\Desktop\\bigstore\\app\\helpers.php:9)
[stacktrace]
#0 {main}
"} 
[2026-07-15 23:58:45] local.ERROR: Cannot redeclare province_name() (previously declared in C:\Users\AMIN\Desktop\bigstore\app\helpers.php:7) {"exception":"[object] (Symfony\\Component\\ErrorHandler\\Error\\FatalError(code: 0): Cannot redeclare province_name() (previously declared in C:\\Users\\AMIN\\Desktop\\bigstore\\app\\helpers.php:7) at C:\\Users\\AMIN\\Desktop\\bigstore\\app\\helpers.php:9)
[stacktrace]
#0 {main}
"} 
[2026-07-15 23:59:45] local.ERROR: Cannot redeclare province_name() (previously declared in C:\Users\AMIN\Desktop\bigstore\app\helpers.php:7) {"exception":"[object] (Symfony\\Component\\ErrorHandler\\Error\\FatalError(code: 0): Cannot redeclare province_name() (previously declared in C:\\Users\\AMIN\\Desktop\\bigstore\\app\\helpers.php:7) at C:\\Users\\AMIN\\Desktop\\bigstore\\app\\helpers.php:9)
[stacktrace]
#0 {main}
"} 
[2026-07-16 00:00:45] local.ERROR: Cannot redeclare province_name() (previously declared in C:\Users\AMIN\Desktop\bigstore\app\helpers.php:7) {"exception":"[object] (Symfony\\Component\\ErrorHandler\\Error\\FatalError(code: 0): Cannot redeclare province_name() (previously declared in C:\\Users\\AMIN\\Desktop\\bigstore\\app\\helpers.php:7) at C:\\Users\\AMIN\\Desktop\\bigstore\\app\\helpers.php:9)
[stacktrace]
#0 {main}
"} 
[2026-07-16 00:01:45] local.ERROR: Cannot redeclare province_name() (previously declared in C:\Users\AMIN\Desktop\bigstore\app\helpers.php:7) {"exception":"[object] (Symfony\\Component\\ErrorHandler\\Error\\FatalError(code: 0): Cannot redeclare province_name() (previously declared in C:\\Users\\AMIN\\Desktop\\bigstore\\app\\helpers.php:7) at C:\\Users\\AMIN\\Desktop\\bigstore\\app\\helpers.php:9)
[stacktrace]
#0 {main}
"} 
[2026-07-16 00:02:45] local.ERROR: Cannot redeclare province_name() (previously declared in C:\Users\AMIN\Desktop\bigstore\app\helpers.php:7) {"exception":"[object] (Symfony\\Component\\ErrorHandler\\Error\\FatalError(code: 0): Cannot redeclare province_name() (previously declared in C:\\Users\\AMIN\\Desktop\\bigstore\\app\\helpers.php:7) at C:\\Users\\AMIN\\Desktop\\bigstore\\app\\helpers.php:9)
[stacktrace]
#0 {main}
"} 
[2026-07-16 00:03:45] local.ERROR: Cannot redeclare province_name() (previously declared in C:\Users\AMIN\Desktop\bigstore\app\helpers.php:7) {"exception":"[object] (Symfony\\Component\\ErrorHandler\\Error\\FatalError(code: 0): Cannot redeclare province_name() (previously declared in C:\\Users\\AMIN\\Desktop\\bigstore\\app\\helpers.php:7) at C:\\Users\\AMIN\\Desktop\\bigstore\\app\\helpers.php:9)
[stacktrace]
#0 {main}
"} 
[2026-07-16 00:04:45] local.ERROR: Cannot redeclare province_name() (previously declared in C:\Users\AMIN\Desktop\bigstore\app\helpers.php:7) {"exception":"[object] (Symfony\\Component\\ErrorHandler\\Error\\FatalError(code: 0): Cannot redeclare province_name() (previously declared in C:\\Users\\AMIN\\Desktop\\bigstore\\app\\helpers.php:7) at C:\\Users\\AMIN\\Desktop\\bigstore\\app\\helpers.php:9)
[stacktrace]
#0 {main}
"} 
[2026-07-16 00:05:45] local.ERROR: Cannot redeclare province_name() (previously declared in C:\Users\AMIN\Desktop\bigstore\app\helpers.php:7) {"exception":"[object] (Symfony\\Component\\ErrorHandler\\Error\\FatalError(code: 0): Cannot redeclare province_name() (previously declared in C:\\Users\\AMIN\\Desktop\\bigstore\\app\\helpers.php:7) at C:\\Users\\AMIN\\Desktop\\bigstore\\app\\helpers.php:9)
[stacktrace]
#0 {main}
"} 
[2026-07-16 00:06:45] local.ERROR: Cannot redeclare province_name() (previously declared in C:\Users\AMIN\Desktop\bigstore\app\helpers.php:7) {"exception":"[object] (Symfony\\Component\\ErrorHandler\\Error\\FatalError(code: 0): Cannot redeclare province_name() (previously declared in C:\\Users\\AMIN\\Desktop\\bigstore\\app\\helpers.php:7) at C:\\Users\\AMIN\\Desktop\\bigstore\\app\\helpers.php:9)
[stacktrace]
#0 {main}
"} 
[2026-07-16 00:07:45] local.ERROR: Cannot redeclare province_name() (previously declared in C:\Users\AMIN\Desktop\bigstore\app\helpers.php:7) {"exception":"[object] (Symfony\\Component\\ErrorHandler\\Error\\FatalError(code: 0): Cannot redeclare province_name() (previously declared in C:\\Users\\AMIN\\Desktop\\bigstore\\app\\helpers.php:7) at C:\\Users\\AMIN\\Desktop\\bigstore\\app\\helpers.php:9)
[stacktrace]
#0 {main}
"} 
[2026-07-16 00:08:45] local.ERROR: Cannot redeclare province_name() (previously declared in C:\Users\AMIN\Desktop\bigstore\app\helpers.php:7) {"exception":"[object] (Symfony\\Component\\ErrorHandler\\Error\\FatalError(code: 0): Cannot redeclare province_name() (previously declared in C:\\Users\\AMIN\\Desktop\\bigstore\\app\\helpers.php:7) at C:\\Users\\AMIN\\Desktop\\bigstore\\app\\helpers.php:9)
[stacktrace]
#0 {main}
"} 
[2026-07-16 00:09:45] local.ERROR: Cannot redeclare province_name() (previously declared in C:\Users\AMIN\Desktop\bigstore\app\helpers.php:7) {"exception":"[object] (Symfony\\Component\\ErrorHandler\\Error\\FatalError(code: 0): Cannot redeclare province_name() (previously declared in C:\\Users\\AMIN\\Desktop\\bigstore\\app\\helpers.php:7) at C:\\Users\\AMIN\\Desktop\\bigstore\\app\\helpers.php:9)
[stacktrace]
#0 {main}
"} 
[2026-07-16 00:10:45] local.ERROR: Cannot redeclare province_name() (previously declared in C:\Users\AMIN\Desktop\bigstore\app\helpers.php:7) {"exception":"[object] (Symfony\\Component\\ErrorHandler\\Error\\FatalError(code: 0): Cannot redeclare province_name() (previously declared in C:\\Users\\AMIN\\Desktop\\bigstore\\app\\helpers.php:7) at C:\\Users\\AMIN\\Desktop\\bigstore\\app\\helpers.php:9)
[stacktrace]
#0 {main}
"} 
[2026-07-16 00:11:45] local.ERROR: Cannot redeclare province_name() (previously declared in C:\Users\AMIN\Desktop\bigstore\app\helpers.php:7) {"exception":"[object] (Symfony\\Component\\ErrorHandler\\Error\\FatalError(code: 0): Cannot redeclare province_name() (previously declared in C:\\Users\\AMIN\\Desktop\\bigstore\\app\\helpers.php:7) at C:\\Users\\AMIN\\Desktop\\bigstore\\app\\helpers.php:9)
[stacktrace]
#0 {main}
"} 
[2026-07-16 00:12:45] local.ERROR: Cannot redeclare province_name() (previously declared in C:\Users\AMIN\Desktop\bigstore\app\helpers.php:7) {"exception":"[object] (Symfony\\Component\\ErrorHandler\\Error\\FatalError(code: 0): Cannot redeclare province_name() (previously declared in C:\\Users\\AMIN\\Desktop\\bigstore\\app\\helpers.php:7) at C:\\Users\\AMIN\\Desktop\\bigstore\\app\\helpers.php:9)
[stacktrace]
#0 {main}
"} 
[2026-07-16 00:13:45] local.ERROR: Cannot redeclare province_name() (previously declared in C:\Users\AMIN\Desktop\bigstore\app\helpers.php:7) {"exception":"[object] (Symfony\\Component\\ErrorHandler\\Error\\FatalError(code: 0): Cannot redeclare province_name() (previously declared in C:\\Users\\AMIN\\Desktop\\bigstore\\app\\helpers.php:7) at C:\\Users\\AMIN\\Desktop\\bigstore\\app\\helpers.php:9)
[stacktrace]
#0 {main}
"} 
[2026-07-16 00:14:45] local.ERROR: Cannot redeclare province_name() (previously declared in C:\Users\AMIN\Desktop\bigstore\app\helpers.php:7) {"exception":"[object] (Symfony\\Component\\ErrorHandler\\Error\\FatalError(code: 0): Cannot redeclare province_name() (previously declared in C:\\Users\\AMIN\\Desktop\\bigstore\\app\\helpers.php:7) at C:\\Users\\AMIN\\Desktop\\bigstore\\app\\helpers.php:9)
[stacktrace]
#0 {main}
"} 
[2026-07-16 00:15:45] local.ERROR: Cannot redeclare province_name() (previously declared in C:\Users\AMIN\Desktop\bigstore\app\helpers.php:7) {"exception":"[object] (Symfony\\Component\\ErrorHandler\\Error\\FatalError(code: 0): Cannot redeclare province_name() (previously declared in C:\\Users\\AMIN\\Desktop\\bigstore\\app\\helpers.php:7) at C:\\Users\\AMIN\\Desktop\\bigstore\\app\\helpers.php:9)
[stacktrace]
#0 {main}
"} 
[2026-07-16 00:16:45] local.ERROR: Cannot redeclare province_name() (previously declared in C:\Users\AMIN\Desktop\bigstore\app\helpers.php:7) {"exception":"[object] (Symfony\\Component\\ErrorHandler\\Error\\FatalError(code: 0): Cannot redeclare province_name() (previously declared in C:\\Users\\AMIN\\Desktop\\bigstore\\app\\helpers.php:7) at C:\\Users\\AMIN\\Desktop\\bigstore\\app\\helpers.php:9)
[stacktrace]
#0 {main}
"} 
[2026-07-16 00:17:45] local.ERROR: Cannot redeclare province_name() (previously declared in C:\Users\AMIN\Desktop\bigstore\app\helpers.php:7) {"exception":"[object] (Symfony\\Component\\ErrorHandler\\Error\\FatalError(code: 0): Cannot redeclare province_name() (previously declared in C:\\Users\\AMIN\\Desktop\\bigstore\\app\\helpers.php:7) at C:\\Users\\AMIN\\Desktop\\bigstore\\app\\helpers.php:9)
[stacktrace]
#0 {main}
"} 
[2026-07-16 00:18:45] local.ERROR: Cannot redeclare province_name() (previously declared in C:\Users\AMIN\Desktop\bigstore\app\helpers.php:7) {"exception":"[object] (Symfony\\Component\\ErrorHandler\\Error\\FatalError(code: 0): Cannot redeclare province_name() (previously declared in C:\\Users\\AMIN\\Desktop\\bigstore\\app\\helpers.php:7) at C:\\Users\\AMIN\\Desktop\\bigstore\\app\\helpers.php:9)
[stacktrace]
#0 {main}
"} 
[2026-07-16 00:19:45] local.ERROR: Cannot redeclare province_name() (previously declared in C:\Users\AMIN\Desktop\bigstore\app\helpers.php:7) {"exception":"[object] (Symfony\\Component\\ErrorHandler\\Error\\FatalError(code: 0): Cannot redeclare province_name() (previously declared in C:\\Users\\AMIN\\Desktop\\bigstore\\app\\helpers.php:7) at C:\\Users\\AMIN\\Desktop\\bigstore\\app\\helpers.php:9)
[stacktrace]
#0 {main}
"} 
[2026-07-16 00:20:45] local.ERROR: Cannot redeclare province_name() (previously declared in C:\Users\AMIN\Desktop\bigstore\app\helpers.php:7) {"exception":"[object] (Symfony\\Component\\ErrorHandler\\Error\\FatalError(code: 0): Cannot redeclare province_name() (previously declared in C:\\Users\\AMIN\\Desktop\\bigstore\\app\\helpers.php:7) at C:\\Users\\AMIN\\Desktop\\bigstore\\app\\helpers.php:9)
[stacktrace]
#0 {main}
"} 
[2026-07-16 00:21:45] local.ERROR: Cannot redeclare province_name() (previously declared in C:\Users\AMIN\Desktop\bigstore\app\helpers.php:7) {"exception":"[object] (Symfony\\Component\\ErrorHandler\\Error\\FatalError(code: 0): Cannot redeclare province_name() (previously declared in C:\\Users\\AMIN\\Desktop\\bigstore\\app\\helpers.php:7) at C:\\Users\\AMIN\\Desktop\\bigstore\\app\\helpers.php:9)
[stacktrace]
#0 {main}
"} 
[2026-07-16 00:22:45] local.ERROR: Cannot redeclare province_name() (previously declared in C:\Users\AMIN\Desktop\bigstore\app\helpers.php:7) {"exception":"[object] (Symfony\\Component\\ErrorHandler\\Error\\FatalError(code: 0): Cannot redeclare province_name() (previously declared in C:\\Users\\AMIN\\Desktop\\bigstore\\app\\helpers.php:7) at C:\\Users\\AMIN\\Desktop\\bigstore\\app\\helpers.php:9)
[stacktrace]
#0 {main}
"} 
[2026-07-16 00:23:45] local.ERROR: Cannot redeclare province_name() (previously declared in C:\Users\AMIN\Desktop\bigstore\app\helpers.php:7) {"exception":"[object] (Symfony\\Component\\ErrorHandler\\Error\\FatalError(code: 0): Cannot redeclare province_name() (previously declared in C:\\Users\\AMIN\\Desktop\\bigstore\\app\\helpers.php:7) at C:\\Users\\AMIN\\Desktop\\bigstore\\app\\helpers.php:9)
[stacktrace]
#0 {main}
"} 
[2026-07-16 00:24:45] local.ERROR: Cannot redeclare province_name() (previously declared in C:\Users\AMIN\Desktop\bigstore\app\helpers.php:7) {"exception":"[object] (Symfony\\Component\\ErrorHandler\\Error\\FatalError(code: 0): Cannot redeclare province_name() (previously declared in C:\\Users\\AMIN\\Desktop\\bigstore\\app\\helpers.php:7) at C:\\Users\\AMIN\\Desktop\\bigstore\\app\\helpers.php:9)
[stacktrace]
#0 {main}
"} 
[2026-07-16 00:25:45] local.ERROR: Cannot redeclare province_name() (previously declared in C:\Users\AMIN\Desktop\bigstore\app\helpers.php:7) {"exception":"[object] (Symfony\\Component\\ErrorHandler\\Error\\FatalError(code: 0): Cannot redeclare province_name() (previously declared in C:\\Users\\AMIN\\Desktop\\bigstore\\app\\helpers.php:7) at C:\\Users\\AMIN\\Desktop\\bigstore\\app\\helpers.php:9)
[stacktrace]
#0 {main}
"} 
[2026-07-16 00:26:45] local.ERROR: Cannot redeclare province_name() (previously declared in C:\Users\AMIN\Desktop\bigstore\app\helpers.php:7) {"exception":"[object] (Symfony\\Component\\ErrorHandler\\Error\\FatalError(code: 0): Cannot redeclare province_name() (previously declared in C:\\Users\\AMIN\\Desktop\\bigstore\\app\\helpers.php:7) at C:\\Users\\AMIN\\Desktop\\bigstore\\app\\helpers.php:9)
[stacktrace]
#0 {main}
"} 
[2026-07-16 00:27:45] local.ERROR: Cannot redeclare province_name() (previously declared in C:\Users\AMIN\Desktop\bigstore\app\helpers.php:7) {"exception":"[object] (Symfony\\Component\\ErrorHandler\\Error\\FatalError(code: 0): Cannot redeclare province_name() (previously declared in C:\\Users\\AMIN\\Desktop\\bigstore\\app\\helpers.php:7) at C:\\Users\\AMIN\\Desktop\\bigstore\\app\\helpers.php:9)
[stacktrace]
#0 {main}
"} 
[2026-07-16 00:28:45] local.ERROR: Cannot redeclare province_name() (previously declared in C:\Users\AMIN\Desktop\bigstore\app\helpers.php:7) {"exception":"[object] (Symfony\\Component\\ErrorHandler\\Error\\FatalError(code: 0): Cannot redeclare province_name() (previously declared in C:\\Users\\AMIN\\Desktop\\bigstore\\app\\helpers.php:7) at C:\\Users\\AMIN\\Desktop\\bigstore\\app\\helpers.php:9)
[stacktrace]
#0 {main}
"} 
[2026-07-16 00:29:45] local.ERROR: Cannot redeclare province_name() (previously declared in C:\Users\AMIN\Desktop\bigstore\app\helpers.php:7) {"exception":"[object] (Symfony\\Component\\ErrorHandler\\Error\\FatalError(code: 0): Cannot redeclare province_name() (previously declared in C:\\Users\\AMIN\\Desktop\\bigstore\\app\\helpers.php:7) at C:\\Users\\AMIN\\Desktop\\bigstore\\app\\helpers.php:9)
[stacktrace]
#0 {main}
"} 
[2026-07-16 00:30:45] local.ERROR: Cannot redeclare province_name() (previously declared in C:\Users\AMIN\Desktop\bigstore\app\helpers.php:7) {"exception":"[object] (Symfony\\Component\\ErrorHandler\\Error\\FatalError(code: 0): Cannot redeclare province_name() (previously declared in C:\\Users\\AMIN\\Desktop\\bigstore\\app\\helpers.php:7) at C:\\Users\\AMIN\\Desktop\\bigstore\\app\\helpers.php:9)
[stacktrace]
#0 {main}
"} 
[2026-07-16 00:31:45] local.ERROR: Cannot redeclare province_name() (previously declared in C:\Users\AMIN\Desktop\bigstore\app\helpers.php:7) {"exception":"[object] (Symfony\\Component\\ErrorHandler\\Error\\FatalError(code: 0): Cannot redeclare province_name() (previously declared in C:\\Users\\AMIN\\Desktop\\bigstore\\app\\helpers.php:7) at C:\\Users\\AMIN\\Desktop\\bigstore\\app\\helpers.php:9)
[stacktrace]
#0 {main}
"} 
[2026-07-16 00:32:45] local.ERROR: Cannot redeclare province_name() (previously declared in C:\Users\AMIN\Desktop\bigstore\app\helpers.php:7) {"exception":"[object] (Symfony\\Component\\ErrorHandler\\Error\\FatalError(code: 0): Cannot redeclare province_name() (previously declared in C:\\Users\\AMIN\\Desktop\\bigstore\\app\\helpers.php:7) at C:\\Users\\AMIN\\Desktop\\bigstore\\app\\helpers.php:9)
[stacktrace]
#0 {main}
"} 
[2026-07-16 00:33:45] local.ERROR: Cannot redeclare province_name() (previously declared in C:\Users\AMIN\Desktop\bigstore\app\helpers.php:7) {"exception":"[object] (Symfony\\Component\\ErrorHandler\\Error\\FatalError(code: 0): Cannot redeclare province_name() (previously declared in C:\\Users\\AMIN\\Desktop\\bigstore\\app\\helpers.php:7) at C:\\Users\\AMIN\\Desktop\\bigstore\\app\\helpers.php:9)
[stacktrace]
#0 {main}
"} 
[2026-07-16 00:34:45] local.ERROR: Cannot redeclare province_name() (previously declared in C:\Users\AMIN\Desktop\bigstore\app\helpers.php:7) {"exception":"[object] (Symfony\\Component\\ErrorHandler\\Error\\FatalError(code: 0): Cannot redeclare province_name() (previously declared in C:\\Users\\AMIN\\Desktop\\bigstore\\app\\helpers.php:7) at C:\\Users\\AMIN\\Desktop\\bigstore\\app\\helpers.php:9)
[stacktrace]
#0 {main}
"} 
[2026-07-16 00:35:45] local.ERROR: Cannot redeclare province_name() (previously declared in C:\Users\AMIN\Desktop\bigstore\app\helpers.php:7) {"exception":"[object] (Symfony\\Component\\ErrorHandler\\Error\\FatalError(code: 0): Cannot redeclare province_name() (previously declared in C:\\Users\\AMIN\\Desktop\\bigstore\\app\\helpers.php:7) at C:\\Users\\AMIN\\Desktop\\bigstore\\app\\helpers.php:9)
[stacktrace]
#0 {main}
"} 
[2026-07-16 00:36:45] local.ERROR: Cannot redeclare province_name() (previously declared in C:\Users\AMIN\Desktop\bigstore\app\helpers.php:7) {"exception":"[object] (Symfony\\Component\\ErrorHandler\\Error\\FatalError(code: 0): Cannot redeclare province_name() (previously declared in C:\\Users\\AMIN\\Desktop\\bigstore\\app\\helpers.php:7) at C:\\Users\\AMIN\\Desktop\\bigstore\\app\\helpers.php:9)
[stacktrace]
#0 {main}
"} 
[2026-07-16 00:37:45] local.ERROR: Cannot redeclare province_name() (previously declared in C:\Users\AMIN\Desktop\bigstore\app\helpers.php:7) {"exception":"[object] (Symfony\\Component\\ErrorHandler\\Error\\FatalError(code: 0): Cannot redeclare province_name() (previously declared in C:\\Users\\AMIN\\Desktop\\bigstore\\app\\helpers.php:7) at C:\\Users\\AMIN\\Desktop\\bigstore\\app\\helpers.php:9)
[stacktrace]
#0 {main}
"} 
[2026-07-16 00:38:45] local.ERROR: Cannot redeclare province_name() (previously declared in C:\Users\AMIN\Desktop\bigstore\app\helpers.php:7) {"exception":"[object] (Symfony\\Component\\ErrorHandler\\Error\\FatalError(code: 0): Cannot redeclare province_name() (previously declared in C:\\Users\\AMIN\\Desktop\\bigstore\\app\\helpers.php:7) at C:\\Users\\AMIN\\Desktop\\bigstore\\app\\helpers.php:9)
[stacktrace]
#0 {main}
"} 
[2026-07-16 00:39:45] local.ERROR: Cannot redeclare province_name() (previously declared in C:\Users\AMIN\Desktop\bigstore\app\helpers.php:7) {"exception":"[object] (Symfony\\Component\\ErrorHandler\\Error\\FatalError(code: 0): Cannot redeclare province_name() (previously declared in C:\\Users\\AMIN\\Desktop\\bigstore\\app\\helpers.php:7) at C:\\Users\\AMIN\\Desktop\\bigstore\\app\\helpers.php:9)
[stacktrace]
#0 {main}
"} 
[2026-07-16 00:40:45] local.ERROR: Cannot redeclare province_name() (previously declared in C:\Users\AMIN\Desktop\bigstore\app\helpers.php:7) {"exception":"[object] (Symfony\\Component\\ErrorHandler\\Error\\FatalError(code: 0): Cannot redeclare province_name() (previously declared in C:\\Users\\AMIN\\Desktop\\bigstore\\app\\helpers.php:7) at C:\\Users\\AMIN\\Desktop\\bigstore\\app\\helpers.php:9)
[stacktrace]
#0 {main}
"} 
[2026-07-16 00:41:27] local.ERROR: Cannot redeclare province_name() (previously declared in C:\Users\AMIN\Desktop\bigstore\app\helpers.php:7) {"exception":"[object] (Symfony\\Component\\ErrorHandler\\Error\\FatalError(code: 0): Cannot redeclare province_name() (previously declared in C:\\Users\\AMIN\\Desktop\\bigstore\\app\\helpers.php:7) at C:\\Users\\AMIN\\Desktop\\bigstore\\app\\helpers.php:9)
[stacktrace]
#0 {main}
"} 
[2026-07-16 00:42:29] local.ERROR: Cannot redeclare province_name() (previously declared in C:\Users\AMIN\Desktop\bigstore\app\helpers.php:7) {"exception":"[object] (Symfony\\Component\\ErrorHandler\\Error\\FatalError(code: 0): Cannot redeclare province_name() (previously declared in C:\\Users\\AMIN\\Desktop\\bigstore\\app\\helpers.php:7) at C:\\Users\\AMIN\\Desktop\\bigstore\\app\\helpers.php:9)
[stacktrace]
#0 {main}
"} 
[2026-07-16 00:43:29] local.ERROR: Cannot redeclare province_name() (previously declared in C:\Users\AMIN\Desktop\bigstore\app\helpers.php:7) {"exception":"[object] (Symfony\\Component\\ErrorHandler\\Error\\FatalError(code: 0): Cannot redeclare province_name() (previously declared in C:\\Users\\AMIN\\Desktop\\bigstore\\app\\helpers.php:7) at C:\\Users\\AMIN\\Desktop\\bigstore\\app\\helpers.php:9)
[stacktrace]
#0 {main}
"} 
[2026-07-16 00:44:29] local.ERROR: Cannot redeclare province_name() (previously declared in C:\Users\AMIN\Desktop\bigstore\app\helpers.php:7) {"exception":"[object] (Symfony\\Component\\ErrorHandler\\Error\\FatalError(code: 0): Cannot redeclare province_name() (previously declared in C:\\Users\\AMIN\\Desktop\\bigstore\\app\\helpers.php:7) at C:\\Users\\AMIN\\Desktop\\bigstore\\app\\helpers.php:9)
[stacktrace]
#0 {main}
"} 
[2026-07-16 00:45:29] local.ERROR: Cannot redeclare province_name() (previously declared in C:\Users\AMIN\Desktop\bigstore\app\helpers.php:7) {"exception":"[object] (Symfony\\Component\\ErrorHandler\\Error\\FatalError(code: 0): Cannot redeclare province_name() (previously declared in C:\\Users\\AMIN\\Desktop\\bigstore\\app\\helpers.php:7) at C:\\Users\\AMIN\\Desktop\\bigstore\\app\\helpers.php:9)
[stacktrace]
#0 {main}
"} 
[2026-07-16 00:46:29] local.ERROR: Cannot redeclare province_name() (previously declared in C:\Users\AMIN\Desktop\bigstore\app\helpers.php:7) {"exception":"[object] (Symfony\\Component\\ErrorHandler\\Error\\FatalError(code: 0): Cannot redeclare province_name() (previously declared in C:\\Users\\AMIN\\Desktop\\bigstore\\app\\helpers.php:7) at C:\\Users\\AMIN\\Desktop\\bigstore\\app\\helpers.php:9)
[stacktrace]
#0 {main}
"} 
[2026-07-16 00:47:29] local.ERROR: Cannot redeclare province_name() (previously declared in C:\Users\AMIN\Desktop\bigstore\app\helpers.php:7) {"exception":"[object] (Symfony\\Component\\ErrorHandler\\Error\\FatalError(code: 0): Cannot redeclare province_name() (previously declared in C:\\Users\\AMIN\\Desktop\\bigstore\\app\\helpers.php:7) at C:\\Users\\AMIN\\Desktop\\bigstore\\app\\helpers.php:9)
[stacktrace]
#0 {main}
"} 
[2026-07-16 00:48:29] local.ERROR: Cannot redeclare province_name() (previously declared in C:\Users\AMIN\Desktop\bigstore\app\helpers.php:7) {"exception":"[object] (Symfony\\Component\\ErrorHandler\\Error\\FatalError(code: 0): Cannot redeclare province_name() (previously declared in C:\\Users\\AMIN\\Desktop\\bigstore\\app\\helpers.php:7) at C:\\Users\\AMIN\\Desktop\\bigstore\\app\\helpers.php:9)
[stacktrace]
#0 {main}
"} 
[2026-07-16 00:49:29] local.ERROR: Cannot redeclare province_name() (previously declared in C:\Users\AMIN\Desktop\bigstore\app\helpers.php:7) {"exception":"[object] (Symfony\\Component\\ErrorHandler\\Error\\FatalError(code: 0): Cannot redeclare province_name() (previously declared in C:\\Users\\AMIN\\Desktop\\bigstore\\app\\helpers.php:7) at C:\\Users\\AMIN\\Desktop\\bigstore\\app\\helpers.php:9)
[stacktrace]
#0 {main}
"} 
[2026-07-16 00:50:29] local.ERROR: Cannot redeclare province_name() (previously declared in C:\Users\AMIN\Desktop\bigstore\app\helpers.php:7) {"exception":"[object] (Symfony\\Component\\ErrorHandler\\Error\\FatalError(code: 0): Cannot redeclare province_name() (previously declared in C:\\Users\\AMIN\\Desktop\\bigstore\\app\\helpers.php:7) at C:\\Users\\AMIN\\Desktop\\bigstore\\app\\helpers.php:9)
[stacktrace]
#0 {main}
"} 
[2026-07-16 00:51:16] local.ERROR: Undefined variable $categories (View: C:\Users\AMIN\Desktop\bigstore\resources\views\front\sections\header.blade.php) (View: C:\Users\AMIN\Desktop\bigstore\resources\views\front\sections\header.blade.php) (View: C:\Users\AMIN\Desktop\bigstore\resources\views\front\sections\header.blade.php) {"userId":1,"exception":"[object] (Illuminate\\View\\ViewException(code: 0): Undefined variable $categories (View: C:\\Users\\AMIN\\Desktop\\bigstore\\resources\\views\\front\\sections\\header.blade.php) (View: C:\\Users\\AMIN\\Desktop\\bigstore\\resources\\views\\front\\sections\\header.blade.php) (View: C:\\Users\\AMIN\\Desktop\\bigstore\\resources\\views\\front\\sections\\header.blade.php) at C:\\Users\\AMIN\\Desktop\\bigstore\\storage\\framework\\views\\b17e2d96a9328708007338016ee0fdc2.php:551)
[stacktrace]
#0 C:\\Users\\AMIN\\Desktop\\bigstore\\vendor\\livewire\\livewire\\src\\ComponentConcerns\\RendersLivewireComponents.php(106): Illuminate\\View\\Engines\\CompilerEngine->handleViewException(Object(Illuminate\\View\\ViewException), 1)
#1 C:\\Users\\AMIN\\Desktop\\bigstore\\vendor\\laravel\\framework\\src\\Illuminate\\View\\Engines\\PhpEngine.php(60): Livewire\\LivewireViewCompilerEngine->handleViewException(Object(Illuminate\\View\\ViewException), 1)
#2 C:\\Users\\AMIN\\Desktop\\bigstore\\vendor\\livewire\\livewire\\src\\ComponentConcerns\\RendersLivewireComponents.php(69): Illuminate\\View\\Engines\\PhpEngine->evaluatePath('C:\\\\Users\\\\AMIN\\\\D...', Array)
#3 C:\\Users\\AMIN\\Desktop\\bigstore\\vendor\\laravel\\framework\\src\\Illuminate\\View\\Engines\\CompilerEngine.php(72): Livewire\\LivewireViewCompilerEngine->evaluatePath('C:\\\\Users\\\\AMIN\\\\D...', Array)
#4 C:\\Users\\AMIN\\Desktop\\bigstore\\vendor\\livewire\\livewire\\src\\ComponentConcerns\\RendersLivewireComponents.php(35): Illuminate\\View\\Engines\\CompilerEngine->get('C:\\\\Users\\\\AMIN\\\\D...', Array)
#5 C:\\Users\\AMIN\\Desktop\\bigstore\\vendor\\laravel\\framework\\src\\Illuminate\\View\\View.php(207): Livewire\\LivewireViewCompilerEngine->get('C:\\\\Users\\\\AMIN\\\\D...', Array)
#6 C:\\Users\\AMIN\\Desktop\\bigstore\\vendor\\laravel\\framework\\src\\Illuminate\\View\\View.php(190): Illuminate\\View\\View->getContents()
#7 C:\\Users\\AMIN\\Desktop\\bigstore\\vendor\\laravel\\framework\\src\\Illuminate\\View\\View.php(159): Illuminate\\View\\View->renderContents()
#8 C:\\Users\\AMIN\\Desktop\\bigstore\\vendor\\laravel\\framework\\src\\Illuminate\\Http\\Response.php(69): Illuminate\\View\\View->render()
#9 C:\\Users\\AMIN\\Desktop\\bigstore\\vendor\\laravel\\framework\\src\\Illuminate\\Http\\Response.php(35): Illuminate\\Http\\Response->setContent(Object(Illuminate\\View\\View))
#10 C:\\Users\\AMIN\\Desktop\\bigstore\\vendor\\laravel\\framework\\src\\Illuminate\\Routing\\Router.php(918): Illuminate\\Http\\Response->__construct(Object(Illuminate\\View\\View), 200, Array)
#11 C:\\Users\\AMIN\\Desktop\\bigstore\\vendor\\laravel\\framework\\src\\Illuminate\\Routing\\Router.php(885): Illuminate\\Routing\\Router::toResponse(Object(Illuminate\\Http\\Request), Object(Illuminate\\View\\View))
#12 C:\\Users\\AMIN\\Desktop\\bigstore\\vendor\\laravel\\framework\\src\\Illuminate\\Routing\\Router.php(805): Illuminate\\Routing\\Router->prepareResponse(Object(Illuminate\\Http\\Request), Object(Illuminate\\View\\View))
#13 C:\\Users\\AMIN\\Desktop\\bigstore\\vendor\\laravel\\framework\\src\\Illuminate\\Pipeline\\Pipeline.php(144): Illuminate\\Routing\\Router->Illuminate\\Routing\\{closure}(Object(Illuminate\\Http\\Request))
#14 C:\\Users\\AMIN\\Desktop\\bigstore\\vendor\\php-flasher\\flasher-laravel\\Middleware\\FlasherMiddleware.php(34): Illuminate\\Pipeline\\Pipeline->Illuminate\\Pipeline\\{closure}(Object(Illuminate\\Http\\Request))
#15 C:\\Users\\AMIN\\Desktop\\bigstore\\vendor\\laravel\\framework\\src\\Illuminate\\Pipeline\\Pipeline.php(183): Flasher\\Laravel\\Middleware\\FlasherMiddleware->handle(Object(Illuminate\\Http\\Request), Object(Closure))
#16 C:\\Users\\AMIN\\Desktop\\bigstore\\vendor\\php-flasher\\flasher-laravel\\Middleware\\SessionMiddleware.php(34): Illuminate\\Pipeline\\Pipeline->Illuminate\\Pipeline\\{closure}(Object(Illuminate\\Http\\Request))
#17 C:\\Users\\AMIN\\Desktop\\bigstore\\vendor\\laravel\\framework\\src\\Illuminate\\Pipeline\\Pipeline.php(183): Flasher\\Laravel\\Middleware\\SessionMiddleware->handle(Object(Illuminate\\Http\\Request), Object(Closure))
#18 C:\\Users\\AMIN\\Desktop\\bigstore\\vendor\\laravel\\framework\\src\\Illuminate\\Routing\\Middleware\\SubstituteBindings.php(50): Illuminate\\Pipeline\\Pipeline->Illuminate\\Pipeline\\{closure}(Object(Illuminate\\Http\\Request))
#19 C:\\Users\\AMIN\\Desktop\\bigstore\\vendor\\laravel\\framework\\src\\Illuminate\\Pipeline\\Pipeline.php(183): Illuminate\\Routing\\Middleware\\SubstituteBindings->handle(Object(Illuminate\\Http\\Request), Object(Closure))
#20 C:\\Users\\AMIN\\Desktop\\bigstore\\vendor\\laravel\\framework\\src\\Illuminate\\Foundation\\Http\\Middleware\\VerifyCsrfToken.php(78): Illuminate\\Pipeline\\Pipeline->Illuminate\\Pipeline\\{closure}(Object(Illuminate\\Http\\Request))
#21 C:\\Users\\AMIN\\Desktop\\bigstore\\vendor\\laravel\\framework\\src\\Illuminate\\Pipeline\\Pipeline.php(183): Illuminate\\Foundation\\Http\\Middleware\\VerifyCsrfToken->handle(Object(Illuminate\\Http\\Request), Object(Closure))
#22 C:\\Users\\AMIN\\Desktop\\bigstore\\vendor\\laravel\\framework\\src\\Illuminate\\View\\Middleware\\ShareErrorsFromSession.php(49): Illuminate\\Pipeline\\Pipeline->Illuminate\\Pipeline\\{closure}(Object(Illuminate\\Http\\Request))
#23 C:\\Users\\AMIN\\Desktop\\bigstore\\vendor\\laravel\\framework\\src\\Illuminate\\Pipeline\\Pipeline.php(183): Illuminate\\View\\Middleware\\ShareErrorsFromSession->handle(Object(Illuminate\\Http\\Request), Object(Closure))
#24 C:\\Users\\AMIN\\Desktop\\bigstore\\vendor\\laravel\\framework\\src\\Illuminate\\Session\\Middleware\\StartSession.php(121): Illuminate\\Pipeline\\Pipeline->Illuminate\\Pipeline\\{closure}(Object(Illuminate\\Http\\Request))
#25 C:\\Users\\AMIN\\Desktop\\bigstore\\vendor\\laravel\\framework\\src\\Illuminate\\Session\\Middleware\\StartSession.php(64): Illuminate\\Session\\Middleware\\StartSession->handleStatefulRequest(Object(Illuminate\\Http\\Request), Object(Illuminate\\Session\\Store), Object(Closure))
#26 C:\\Users\\AMIN\\Desktop\\bigstore\\vendor\\laravel\\framework\\src\\Illuminate\\Pipeline\\Pipeline.php(183): Illuminate\\Session\\Middleware\\StartSession->handle(Object(Illuminate\\Http\\Request), Object(Closure))
#27 C:\\Users\\AMIN\\Desktop\\bigstore\\vendor\\laravel\\framework\\src\\Illuminate\\Cookie\\Middleware\\AddQueuedCookiesToResponse.php(37): Illuminate\\Pipeline\\Pipeline->Illuminate\\Pipeline\\{closure}(Object(Illuminate\\Http\\Request))
#28 C:\\Users\\AMIN\\Desktop\\bigstore\\vendor\\laravel\\framework\\src\\Illuminate\\Pipeline\\Pipeline.php(183): Illuminate\\Cookie\\Middleware\\AddQueuedCookiesToResponse->handle(Object(Illuminate\\Http\\Request), Object(Closure))
#29 C:\\Users\\AMIN\\Desktop\\bigstore\\vendor\\laravel\\framework\\src\\Illuminate\\Cookie\\Middleware\\EncryptCookies.php(67): Illuminate\\Pipeline\\Pipeline->Illuminate\\Pipeline\\{closure}(Object(Illuminate\\Http\\Request))
#30 C:\\Users\\AMIN\\Desktop\\bigstore\\vendor\\laravel\\framework\\src\\Illuminate\\Pipeline\\Pipeline.php(183): Illuminate\\Cookie\\Middleware\\EncryptCookies->handle(Object(Illuminate\\Http\\Request), Object(Closure))
#31 C:\\Users\\AMIN\\Desktop\\bigstore\\vendor\\laravel\\framework\\src\\Illuminate\\Pipeline\\Pipeline.php(119): Illuminate\\Pipeline\\Pipeline->Illuminate\\Pipeline\\{closure}(Object(Illuminate\\Http\\Request))
#32 C:\\Users\\AMIN\\Desktop\\bigstore\\vendor\\laravel\\framework\\src\\Illuminate\\Routing\\Router.php(805): Illuminate\\Pipeline\\Pipeline->then(Object(Closure))
#33 C:\\Users\\AMIN\\Desktop\\bigstore\\vendor\\laravel\\framework\\src\\Illuminate\\Routing\\Router.php(784): Illuminate\\Routing\\Router->runRouteWithinStack(Object(Illuminate\\Routing\\Route), Object(Illuminate\\Http\\Request))
#34 C:\\Users\\AMIN\\Desktop\\bigstore\\vendor\\laravel\\framework\\src\\Illuminate\\Routing\\Router.php(748): Illuminate\\Routing\\Router->runRoute(Object(Illuminate\\Http\\Request), Object(Illuminate\\Routing\\Route))
#35 C:\\Users\\AMIN\\Desktop\\bigstore\\vendor\\laravel\\framework\\src\\Illuminate\\Routing\\Router.php(737): Illuminate\\Routing\\Router->dispatchToRoute(Object(Illuminate\\Http\\Request))
#36 C:\\Users\\AMIN\\Desktop\\bigstore\\vendor\\laravel\\framework\\src\\Illuminate\\Foundation\\Http\\Kernel.php(200): Illuminate\\Routing\\Router->dispatch(Object(Illuminate\\Http\\Request))
#37 C:\\Users\\AMIN\\Desktop\\bigstore\\vendor\\laravel\\framework\\src\\Illuminate\\Pipeline\\Pipeline.php(144): Illuminate\\Foundation\\Http\\Kernel->Illuminate\\Foundation\\Http\\{closure}(Object(Illuminate\\Http\\Request))
#38 C:\\Users\\AMIN\\Desktop\\bigstore\\vendor\\livewire\\livewire\\src\\DisableBrowserCache.php(19): Illuminate\\Pipeline\\Pipeline->Illuminate\\Pipeline\\{closure}(Object(Illuminate\\Http\\Request))
#39 C:\\Users\\AMIN\\Desktop\\bigstore\\vendor\\laravel\\framework\\src\\Illuminate\\Pipeline\\Pipeline.php(183): Livewire\\DisableBrowserCache->handle(Object(Illuminate\\Http\\Request), Object(Closure))
#40 C:\\Users\\AMIN\\Desktop\\bigstore\\vendor\\laravel\\framework\\src\\Illuminate\\Foundation\\Http\\Middleware\\TransformsRequest.php(21): Illuminate\\Pipeline\\Pipeline->Illuminate\\Pipeline\\{closure}(Object(Illuminate\\Http\\Request))
#41 C:\\Users\\AMIN\\Desktop\\bigstore\\vendor\\laravel\\framework\\src\\Illuminate\\Foundation\\Http\\Middleware\\ConvertEmptyStringsToNull.php(31): Illuminate\\Foundation\\Http\\Middleware\\TransformsRequest->handle(Object(Illuminate\\Http\\Request), Object(Closure))
#42 C:\\Users\\AMIN\\Desktop\\bigstore\\vendor\\laravel\\framework\\src\\Illuminate\\Pipeline\\Pipeline.php(183): Illuminate\\Foundation\\Http\\Middleware\\ConvertEmptyStringsToNull->handle(Object(Illuminate\\Http\\Request), Object(Closure))
#43 C:\\Users\\AMIN\\Desktop\\bigstore\\vendor\\laravel\\framework\\src\\Illuminate\\Foundation\\Http\\Middleware\\TransformsRequest.php(21): Illuminate\\Pipeline\\Pipeline->Illuminate\\Pipeline\\{closure}(Object(Illuminate\\Http\\Request))
#44 C:\\Users\\AMIN\\Desktop\\bigstore\\vendor\\laravel\\framework\\src\\Illuminate\\Foundation\\Http\\Middleware\\TrimStrings.php(40): Illuminate\\Foundation\\Http\\Middleware\\TransformsRequest->handle(Object(Illuminate\\Http\\Request), Object(Closure))
#45 C:\\Users\\AMIN\\Desktop\\bigstore\\vendor\\laravel\\framework\\src\\Illuminate\\Pipeline\\Pipeline.php(183): Illuminate\\Foundation\\Http\\Middleware\\TrimStrings->handle(Object(Illuminate\\Http\\Request), Object(Closure))
#46 C:\\Users\\AMIN\\Desktop\\bigstore\\vendor\\laravel\\framework\\src\\Illuminate\\Foundation\\Http\\Middleware\\ValidatePostSize.php(27): Illuminate\\Pipeline\\Pipeline->Illuminate\\Pipeline\\{closure}(Object(Illuminate\\Http\\Request))
#47 C:\\Users\\AMIN\\Desktop\\bigstore\\vendor\\laravel\\framework\\src\\Illuminate\\Pipeline\\Pipeline.php(183): Illuminate\\Foundation\\Http\\Middleware\\ValidatePostSize->handle(Object(Illuminate\\Http\\Request), Object(Closure))
#48 C:\\Users\\AMIN\\Desktop\\bigstore\\vendor\\laravel\\framework\\src\\Illuminate\\Foundation\\Http\\Middleware\\PreventRequestsDuringMaintenance.php(99): Illuminate\\Pipeline\\Pipeline->Illuminate\\Pipeline\\{closure}(Object(Illuminate\\Http\\Request))
#49 C:\\Users\\AMIN\\Desktop\\bigstore\\vendor\\laravel\\framework\\src\\Illuminate\\Pipeline\\Pipeline.php(183): Illuminate\\Foundation\\Http\\Middleware\\PreventRequestsDuringMaintenance->handle(Object(Illuminate\\Http\\Request), Object(Closure))
#50 C:\\Users\\AMIN\\Desktop\\bigstore\\vendor\\laravel\\framework\\src\\Illuminate\\Http\\Middleware\\HandleCors.php(49): Illuminate\\Pipeline\\Pipeline->Illuminate\\Pipeline\\{closure}(Object(Illuminate\\Http\\Request))
#51 C:\\Users\\AMIN\\Desktop\\bigstore\\vendor\\laravel\\framework\\src\\Illuminate\\Pipeline\\Pipeline.php(183): Illuminate\\Http\\Middleware\\HandleCors->handle(Object(Illuminate\\Http\\Request), Object(Closure))
#52 C:\\Users\\AMIN\\Desktop\\bigstore\\vendor\\laravel\\framework\\src\\Illuminate\\Http\\Middleware\\TrustProxies.php(39): Illuminate\\Pipeline\\Pipeline->Illuminate\\Pipeline\\{closure}(Object(Illuminate\\Http\\Request))
#53 C:\\Users\\AMIN\\Desktop\\bigstore\\vendor\\laravel\\framework\\src\\Illuminate\\Pipeline\\Pipeline.php(183): Illuminate\\Http\\Middleware\\TrustProxies->handle(Object(Illuminate\\Http\\Request), Object(Closure))
#54 C:\\Users\\AMIN\\Desktop\\bigstore\\vendor\\laravel\\framework\\src\\Illuminate\\Pipeline\\Pipeline.php(119): Illuminate\\Pipeline\\Pipeline->Illuminate\\Pipeline\\{closure}(Object(Illuminate\\Http\\Request))
#55 C:\\Users\\AMIN\\Desktop\\bigstore\\vendor\\laravel\\framework\\src\\Illuminate\\Foundation\\Http\\Kernel.php(175): Illuminate\\Pipeline\\Pipeline->then(Object(Closure))
#56 C:\\Users\\AMIN\\Desktop\\bigstore\\vendor\\laravel\\framework\\src\\Illuminate\\Foundation\\Http\\Kernel.php(144): Illuminate\\Foundation\\Http\\Kernel->sendRequestThroughRouter(Object(Illuminate\\Http\\Request))
#57 C:\\Users\\AMIN\\Desktop\\bigstore\\public\\index.php(51): Illuminate\\Foundation\\Http\\Kernel->handle(Object(Illuminate\\Http\\Request))
#58 C:\\Users\\AMIN\\Desktop\\bigstore\\vendor\\laravel\\framework\\src\\Illuminate\\Foundation\\resources\\server.php(16): require_once('C:\\\\Users\\\\AMIN\\\\D...')
#59 {main}

[previous exception] [object] (Illuminate\\View\\ViewException(code: 0): Undefined variable $categories (View: C:\\Users\\AMIN\\Desktop\\bigstore\\resources\\views\\front\\sections\\header.blade.php) (View: C:\\Users\\AMIN\\Desktop\\bigstore\\resources\\views\\front\\sections\\header.blade.php) at C:\\Users\\AMIN\\Desktop\\bigstore\\storage\\framework\\views\\b17e2d96a9328708007338016ee0fdc2.php:551)
[stacktrace]
#0 C:\\Users\\AMIN\\Desktop\\bigstore\\vendor\\livewire\\livewire\\src\\ComponentConcerns\\RendersLivewireComponents.php(106): Illuminate\\View\\Engines\\CompilerEngine->handleViewException(Object(Illuminate\\View\\ViewException), 2)
#1 C:\\Users\\AMIN\\Desktop\\bigstore\\vendor\\laravel\\framework\\src\\Illuminate\\View\\Engines\\PhpEngine.php(60): Livewire\\LivewireViewCompilerEngine->handleViewException(Object(Illuminate\\View\\ViewException), 2)
#2 C:\\Users\\AMIN\\Desktop\\bigstore\\vendor\\livewire\\livewire\\src\\ComponentConcerns\\RendersLivewireComponents.php(69): Illuminate\\View\\Engines\\PhpEngine->evaluatePath('C:\\\\Users\\\\AMIN\\\\D...', Array)
#3 C:\\Users\\AMIN\\Desktop\\bigstore\\vendor\\laravel\\framework\\src\\Illuminate\\View\\Engines\\CompilerEngine.php(72): Livewire\\LivewireViewCompilerEngine->evaluatePath('C:\\\\Users\\\\AMIN\\\\D...', Array)
#4 C:\\Users\\AMIN\\Desktop\\bigstore\\vendor\\livewire\\livewire\\src\\ComponentConcerns\\RendersLivewireComponents.php(35): Illuminate\\View\\Engines\\CompilerEngine->get('C:\\\\Users\\\\AMIN\\\\D...', Array)
#5 C:\\Users\\AMIN\\Desktop\\bigstore\\vendor\\laravel\\framework\\src\\Illuminate\\View\\View.php(207): Livewire\\LivewireViewCompilerEngine->get('C:\\\\Users\\\\AMIN\\\\D...', Array)
#6 C:\\Users\\AMIN\\Desktop\\bigstore\\vendor\\laravel\\framework\\src\\Illuminate\\View\\View.php(190): Illuminate\\View\\View->getContents()
#7 C:\\Users\\AMIN\\Desktop\\bigstore\\vendor\\laravel\\framework\\src\\Illuminate\\View\\View.php(159): Illuminate\\View\\View->renderContents()
#8 C:\\Users\\AMIN\\Desktop\\bigstore\\storage\\framework\\views\\1ab7f5a4b4771949a0b18a61320b0e59.php(32): Illuminate\\View\\View->render()
#9 C:\\Users\\AMIN\\Desktop\\bigstore\\vendor\\laravel\\framework\\src\\Illuminate\\Filesystem\\Filesystem.php(123): require('C:\\\\Users\\\\AMIN\\\\D...')
#10 C:\\Users\\AMIN\\Desktop\\bigstore\\vendor\\laravel\\framework\\src\\Illuminate\\Filesystem\\Filesystem.php(124): Illuminate\\Filesystem\\Filesystem::Illuminate\\Filesystem\\{closure}()
#11 C:\\Users\\AMIN\\Desktop\\bigstore\\vendor\\laravel\\framework\\src\\Illuminate\\View\\Engines\\PhpEngine.php(58): Illuminate\\Filesystem\\Filesystem->getRequire('C:\\\\Users\\\\AMIN\\\\D...', Array)
#12 C:\\Users\\AMIN\\Desktop\\bigstore\\vendor\\livewire\\livewire\\src\\ComponentConcerns\\RendersLivewireComponents.php(69): Illuminate\\View\\Engines\\PhpEngine->evaluatePath('C:\\\\Users\\\\AMIN\\\\D...', Array)
#13 C:\\Users\\AMIN\\Desktop\\bigstore\\vendor\\laravel\\framework\\src\\Illuminate\\View\\Engines\\CompilerEngine.php(72): Livewire\\LivewireViewCompilerEngine->evaluatePath('C:\\\\Users\\\\AMIN\\\\D...', Array)
#14 C:\\Users\\AMIN\\Desktop\\bigstore\\vendor\\livewire\\livewire\\src\\ComponentConcerns\\RendersLivewireComponents.php(35): Illuminate\\View\\Engines\\CompilerEngine->get('C:\\\\Users\\\\AMIN\\\\D...', Array)
#15 C:\\Users\\AMIN\\Desktop\\bigstore\\vendor\\laravel\\framework\\src\\Illuminate\\View\\View.php(207): Livewire\\LivewireViewCompilerEngine->get('C:\\\\Users\\\\AMIN\\\\D...', Array)
#16 C:\\Users\\AMIN\\Desktop\\bigstore\\vendor\\laravel\\framework\\src\\Illuminate\\View\\View.php(190): Illuminate\\View\\View->getContents()
#17 C:\\Users\\AMIN\\Desktop\\bigstore\\vendor\\laravel\\framework\\src\\Illuminate\\View\\View.php(159): Illuminate\\View\\View->renderContents()
#18 C:\\Users\\AMIN\\Desktop\\bigstore\\vendor\\laravel\\framework\\src\\Illuminate\\Http\\Response.php(69): Illuminate\\View\\View->render()
#19 C:\\Users\\AMIN\\Desktop\\bigstore\\vendor\\laravel\\framework\\src\\Illuminate\\Http\\Response.php(35): Illuminate\\Http\\Response->setContent(Object(Illuminate\\View\\View))
#20 C:\\Users\\AMIN\\Desktop\\bigstore\\vendor\\laravel\\framework\\src\\Illuminate\\Routing\\Router.php(918): Illuminate\\Http\\Response->__construct(Object(Illuminate\\View\\View), 200, Array)
#21 C:\\Users\\AMIN\\Desktop\\bigstore\\vendor\\laravel\\framework\\src\\Illuminate\\Routing\\Router.php(885): Illuminate\\Routing\\Router::toResponse(Object(Illuminate\\Http\\Request), Object(Illuminate\\View\\View))
#22 C:\\Users\\AMIN\\Desktop\\bigstore\\vendor\\laravel\\framework\\src\\Illuminate\\Routing\\Router.php(805): Illuminate\\Routing\\Router->prepareResponse(Object(Illuminate\\Http\\Request), Object(Illuminate\\View\\View))
#23 C:\\Users\\AMIN\\Desktop\\bigstore\\vendor\\laravel\\framework\\src\\Illuminate\\Pipeline\\Pipeline.php(144): Illuminate\\Routing\\Router->Illuminate\\Routing\\{closure}(Object(Illuminate\\Http\\Request))
#24 C:\\Users\\AMIN\\Desktop\\bigstore\\vendor\\php-flasher\\flasher-laravel\\Middleware\\FlasherMiddleware.php(34): Illuminate\\Pipeline\\Pipeline->Illuminate\\Pipeline\\{closure}(Object(Illuminate\\Http\\Request))
#25 C:\\Users\\AMIN\\Desktop\\bigstore\\vendor\\laravel\\framework\\src\\Illuminate\\Pipeline\\Pipeline.php(183): Flasher\\Laravel\\Middleware\\FlasherMiddleware->handle(Object(Illuminate\\Http\\Request), Object(Closure))
#26 C:\\Users\\AMIN\\Desktop\\bigstore\\vendor\\php-flasher\\flasher-laravel\\Middleware\\SessionMiddleware.php(34): Illuminate\\Pipeline\\Pipeline->Illuminate\\Pipeline\\{closure}(Object(Illuminate\\Http\\Request))
#27 C:\\Users\\AMIN\\Desktop\\bigstore\\vendor\\laravel\\framework\\src\\Illuminate\\Pipeline\\Pipeline.php(183): Flasher\\Laravel\\Middleware\\SessionMiddleware->handle(Object(Illuminate\\Http\\Request), Object(Closure))
#28 C:\\Users\\AMIN\\Desktop\\bigstore\\vendor\\laravel\\framework\\src\\Illuminate\\Routing\\Middleware\\SubstituteBindings.php(50): Illuminate\\Pipeline\\Pipeline->Illuminate\\Pipeline\\{closure}(Object(Illuminate\\Http\\Request))
#29 C:\\Users\\AMIN\\Desktop\\bigstore\\vendor\\laravel\\framework\\src\\Illuminate\\Pipeline\\Pipeline.php(183): Illuminate\\Routing\\Middleware\\SubstituteBindings->handle(Object(Illuminate\\Http\\Request), Object(Closure))
#30 C:\\Users\\AMIN\\Desktop\\bigstore\\vendor\\laravel\\framework\\src\\Illuminate\\Foundation\\Http\\Middleware\\VerifyCsrfToken.php(78): Illuminate\\Pipeline\\Pipeline->Illuminate\\Pipeline\\{closure}(Object(Illuminate\\Http\\Request))
#31 C:\\Users\\AMIN\\Desktop\\bigstore\\vendor\\laravel\\framework\\src\\Illuminate\\Pipeline\\Pipeline.php(183): Illuminate\\Foundation\\Http\\Middleware\\VerifyCsrfToken->handle(Object(Illuminate\\Http\\Request), Object(Closure))
#32 C:\\Users\\AMIN\\Desktop\\bigstore\\vendor\\laravel\\framework\\src\\Illuminate\\View\\Middleware\\ShareErrorsFromSession.php(49): Illuminate\\Pipeline\\Pipeline->Illuminate\\Pipeline\\{closure}(Object(Illuminate\\Http\\Request))
#33 C:\\Users\\AMIN\\Desktop\\bigstore\\vendor\\laravel\\framework\\src\\Illuminate\\Pipeline\\Pipeline.php(183): Illuminate\\View\\Middleware\\ShareErrorsFromSession->handle(Object(Illuminate\\Http\\Request), Object(Closure))
#34 C:\\Users\\AMIN\\Desktop\\bigstore\\vendor\\laravel\\framework\\src\\Illuminate\\Session\\Middleware\\StartSession.php(121): Illuminate\\Pipeline\\Pipeline->Illuminate\\Pipeline\\{closure}(Object(Illuminate\\Http\\Request))
#35 C:\\Users\\AMIN\\Desktop\\bigstore\\vendor\\laravel\\framework\\src\\Illuminate\\Session\\Middleware\\StartSession.php(64): Illuminate\\Session\\Middleware\\StartSession->handleStatefulRequest(Object(Illuminate\\Http\\Request), Object(Illuminate\\Session\\Store), Object(Closure))
#36 C:\\Users\\AMIN\\Desktop\\bigstore\\vendor\\laravel\\framework\\src\\Illuminate\\Pipeline\\Pipeline.php(183): Illuminate\\Session\\Middleware\\StartSession->handle(Object(Illuminate\\Http\\Request), Object(Closure))
#37 C:\\Users\\AMIN\\Desktop\\bigstore\\vendor\\laravel\\framework\\src\\Illuminate\\Cookie\\Middleware\\AddQueuedCookiesToResponse.php(37): Illuminate\\Pipeline\\Pipeline->Illuminate\\Pipeline\\{closure}(Object(Illuminate\\Http\\Request))
#38 C:\\Users\\AMIN\\Desktop\\bigstore\\vendor\\laravel\\framework\\src\\Illuminate\\Pipeline\\Pipeline.php(183): Illuminate\\Cookie\\Middleware\\AddQueuedCookiesToResponse->handle(Object(Illuminate\\Http\\Request), Object(Closure))
#39 C:\\Users\\AMIN\\Desktop\\bigstore\\vendor\\laravel\\framework\\src\\Illuminate\\Cookie\\Middleware\\EncryptCookies.php(67): Illuminate\\Pipeline\\Pipeline->Illuminate\\Pipeline\\{closure}(Object(Illuminate\\Http\\Request))
#40 C:\\Users\\AMIN\\Desktop\\bigstore\\vendor\\laravel\\framework\\src\\Illuminate\\Pipeline\\Pipeline.php(183): Illuminate\\Cookie\\Middleware\\EncryptCookies->handle(Object(Illuminate\\Http\\Request), Object(Closure))
#41 C:\\Users\\AMIN\\Desktop\\bigstore\\vendor\\laravel\\framework\\src\\Illuminate\\Pipeline\\Pipeline.php(119): Illuminate\\Pipeline\\Pipeline->Illuminate\\Pipeline\\{closure}(Object(Illuminate\\Http\\Request))
#42 C:\\Users\\AMIN\\Desktop\\bigstore\\vendor\\laravel\\framework\\src\\Illuminate\\Routing\\Router.php(805): Illuminate\\Pipeline\\Pipeline->then(Object(Closure))
#43 C:\\Users\\AMIN\\Desktop\\bigstore\\vendor\\laravel\\framework\\src\\Illuminate\\Routing\\Router.php(784): Illuminate\\Routing\\Router->runRouteWithinStack(Object(Illuminate\\Routing\\Route), Object(Illuminate\\Http\\Request))
#44 C:\\Users\\AMIN\\Desktop\\bigstore\\vendor\\laravel\\framework\\src\\Illuminate\\Routing\\Router.php(748): Illuminate\\Routing\\Router->runRoute(Object(Illuminate\\Http\\Request), Object(Illuminate\\Routing\\Route))
#45 C:\\Users\\AMIN\\Desktop\\bigstore\\vendor\\laravel\\framework\\src\\Illuminate\\Routing\\Router.php(737): Illuminate\\Routing\\Router->dispatchToRoute(Object(Illuminate\\Http\\Request))
#46 C:\\Users\\AMIN\\Desktop\\bigstore\\vendor\\laravel\\framework\\src\\Illuminate\\Foundation\\Http\\Kernel.php(200): Illuminate\\Routing\\Router->dispatch(Object(Illuminate\\Http\\Request))
#47 C:\\Users\\AMIN\\Desktop\\bigstore\\vendor\\laravel\\framework\\src\\Illuminate\\Pipeline\\Pipeline.php(144): Illuminate\\Foundation\\Http\\Kernel->Illuminate\\Foundation\\Http\\{closure}(Object(Illuminate\\Http\\Request))
#48 C:\\Users\\AMIN\\Desktop\\bigstore\\vendor\\livewire\\livewire\\src\\DisableBrowserCache.php(19): Illuminate\\Pipeline\\Pipeline->Illuminate\\Pipeline\\{closure}(Object(Illuminate\\Http\\Request))
#49 C:\\Users\\AMIN\\Desktop\\bigstore\\vendor\\laravel\\framework\\src\\Illuminate\\Pipeline\\Pipeline.php(183): Livewire\\DisableBrowserCache->handle(Object(Illuminate\\Http\\Request), Object(Closure))
#50 C:\\Users\\AMIN\\Desktop\\bigstore\\vendor\\laravel\\framework\\src\\Illuminate\\Foundation\\Http\\Middleware\\TransformsRequest.php(21): Illuminate\\Pipeline\\Pipeline->Illuminate\\Pipeline\\{closure}(Object(Illuminate\\Http\\Request))
#51 C:\\Users\\AMIN\\Desktop\\bigstore\\vendor\\laravel\\framework\\src\\Illuminate\\Foundation\\Http\\Middleware\\ConvertEmptyStringsToNull.php(31): Illuminate\\Foundation\\Http\\Middleware\\TransformsRequest->handle(Object(Illuminate\\Http\\Request), Object(Closure))
#52 C:\\Users\\AMIN\\Desktop\\bigstore\\vendor\\laravel\\framework\\src\\Illuminate\\Pipeline\\Pipeline.php(183): Illuminate\\Foundation\\Http\\Middleware\\ConvertEmptyStringsToNull->handle(Object(Illuminate\\Http\\Request), Object(Closure))
#53 C:\\Users\\AMIN\\Desktop\\bigstore\\vendor\\laravel\\framework\\src\\Illuminate\\Foundation\\Http\\Middleware\\TransformsRequest.php(21): Illuminate\\Pipeline\\Pipeline->Illuminate\\Pipeline\\{closure}(Object(Illuminate\\Http\\Request))
#54 C:\\Users\\AMIN\\Desktop\\bigstore\\vendor\\laravel\\framework\\src\\Illuminate\\Foundation\\Http\\Middleware\\TrimStrings.php(40): Illuminate\\Foundation\\Http\\Middleware\\TransformsRequest->handle(Object(Illuminate\\Http\\Request), Object(Closure))
#55 C:\\Users\\AMIN\\Desktop\\bigstore\\vendor\\laravel\\framework\\src\\Illuminate\\Pipeline\\Pipeline.php(183): Illuminate\\Foundation\\Http\\Middleware\\TrimStrings->handle(Object(Illuminate\\Http\\Request), Object(Closure))
#56 C:\\Users\\AMIN\\Desktop\\bigstore\\vendor\\laravel\\framework\\src\\Illuminate\\Foundation\\Http\\Middleware\\ValidatePostSize.php(27): Illuminate\\Pipeline\\Pipeline->Illuminate\\Pipeline\\{closure}(Object(Illuminate\\Http\\Request))
#57 C:\\Users\\AMIN\\Desktop\\bigstore\\vendor\\laravel\\framework\\src\\Illuminate\\Pipeline\\Pipeline.php(183): Illuminate\\Foundation\\Http\\Middleware\\ValidatePostSize->handle(Object(Illuminate\\Http\\Request), Object(Closure))
#58 C:\\Users\\AMIN\\Desktop\\bigstore\\vendor\\laravel\\framework\\src\\Illuminate\\Foundation\\Http\\Middleware\\PreventRequestsDuringMaintenance.php(99): Illuminate\\Pipeline\\Pipeline->Illuminate\\Pipeline\\{closure}(Object(Illuminate\\Http\\Request))
#59 C:\\Users\\AMIN\\Desktop\\bigstore\\vendor\\laravel\\framework\\src\\Illuminate\\Pipeline\\Pipeline.php(183): Illuminate\\Foundation\\Http\\Middleware\\PreventRequestsDuringMaintenance->handle(Object(Illuminate\\Http\\Request), Object(Closure))
#60 C:\\Users\\AMIN\\Desktop\\bigstore\\vendor\\laravel\\framework\\src\\Illuminate\\Http\\Middleware\\HandleCors.php(49): Illuminate\\Pipeline\\Pipeline->Illuminate\\Pipeline\\{closure}(Object(Illuminate\\Http\\Request))
#61 C:\\Users\\AMIN\\Desktop\\bigstore\\vendor\\laravel\\framework\\src\\Illuminate\\Pipeline\\Pipeline.php(183): Illuminate\\Http\\Middleware\\HandleCors->handle(Object(Illuminate\\Http\\Request), Object(Closure))
#62 C:\\Users\\AMIN\\Desktop\\bigstore\\vendor\\laravel\\framework\\src\\Illuminate\\Http\\Middleware\\TrustProxies.php(39): Illuminate\\Pipeline\\Pipeline->Illuminate\\Pipeline\\{closure}(Object(Illuminate\\Http\\Request))
#63 C:\\Users\\AMIN\\Desktop\\bigstore\\vendor\\laravel\\framework\\src\\Illuminate\\Pipeline\\Pipeline.php(183): Illuminate\\Http\\Middleware\\TrustProxies->handle(Object(Illuminate\\Http\\Request), Object(Closure))
#64 C:\\Users\\AMIN\\Desktop\\bigstore\\vendor\\laravel\\framework\\src\\Illuminate\\Pipeline\\Pipeline.php(119): Illuminate\\Pipeline\\Pipeline->Illuminate\\Pipeline\\{closure}(Object(Illuminate\\Http\\Request))
#65 C:\\Users\\AMIN\\Desktop\\bigstore\\vendor\\laravel\\framework\\src\\Illuminate\\Foundation\\Http\\Kernel.php(175): Illuminate\\Pipeline\\Pipeline->then(Object(Closure))
#66 C:\\Users\\AMIN\\Desktop\\bigstore\\vendor\\laravel\\framework\\src\\Illuminate\\Foundation\\Http\\Kernel.php(144): Illuminate\\Foundation\\Http\\Kernel->sendRequestThroughRouter(Object(Illuminate\\Http\\Request))
#67 C:\\Users\\AMIN\\Desktop\\bigstore\\public\\index.php(51): Illuminate\\Foundation\\Http\\Kernel->handle(Object(Illuminate\\Http\\Request))
#68 C:\\Users\\AMIN\\Desktop\\bigstore\\vendor\\laravel\\framework\\src\\Illuminate\\Foundation\\resources\\server.php(16): require_once('C:\\\\Users\\\\AMIN\\\\D...')
#69 {main}

[previous exception] [object] (Illuminate\\View\\ViewException(code: 0): Undefined variable $categories (View: C:\\Users\\AMIN\\Desktop\\bigstore\\resources\\views\\front\\sections\\header.blade.php) at C:\\Users\\AMIN\\Desktop\\bigstore\\storage\\framework\\views\\b17e2d96a9328708007338016ee0fdc2.php:551)
[stacktrace]
#0 C:\\Users\\AMIN\\Desktop\\bigstore\\vendor\\livewire\\livewire\\src\\ComponentConcerns\\RendersLivewireComponents.php(106): Illuminate\\View\\Engines\\CompilerEngine->handleViewException(Object(ErrorException), 3)
#1 C:\\Users\\AMIN\\Desktop\\bigstore\\vendor\\laravel\\framework\\src\\Illuminate\\View\\Engines\\PhpEngine.php(60): Livewire\\LivewireViewCompilerEngine->handleViewException(Object(ErrorException), 3)
#2 C:\\Users\\AMIN\\Desktop\\bigstore\\vendor\\livewire\\livewire\\src\\ComponentConcerns\\RendersLivewireComponents.php(69): Illuminate\\View\\Engines\\PhpEngine->evaluatePath('C:\\\\Users\\\\AMIN\\\\D...', Array)
#3 C:\\Users\\AMIN\\Desktop\\bigstore\\vendor\\laravel\\framework\\src\\Illuminate\\View\\Engines\\CompilerEngine.php(72): Livewire\\LivewireViewCompilerEngine->evaluatePath('C:\\\\Users\\\\AMIN\\\\D...', Array)
#4 C:\\Users\\AMIN\\Desktop\\bigstore\\vendor\\livewire\\livewire\\src\\ComponentConcerns\\RendersLivewireComponents.php(35): Illuminate\\View\\Engines\\CompilerEngine->get('C:\\\\Users\\\\AMIN\\\\D...', Array)
#5 C:\\Users\\AMIN\\Desktop\\bigstore\\vendor\\laravel\\framework\\src\\Illuminate\\View\\View.php(207): Livewire\\LivewireViewCompilerEngine->get('C:\\\\Users\\\\AMIN\\\\D...', Array)
#6 C:\\Users\\AMIN\\Desktop\\bigstore\\vendor\\laravel\\framework\\src\\Illuminate\\View\\View.php(190): Illuminate\\View\\View->getContents()
#7 C:\\Users\\AMIN\\Desktop\\bigstore\\vendor\\laravel\\framework\\src\\Illuminate\\View\\View.php(159): Illuminate\\View\\View->renderContents()
#8 C:\\Users\\AMIN\\Desktop\\bigstore\\storage\\framework\\views\\2563bfda7293f990652bbb53e74386a2.php(10): Illuminate\\View\\View->render()
#9 C:\\Users\\AMIN\\Desktop\\bigstore\\vendor\\laravel\\framework\\src\\Illuminate\\Filesystem\\Filesystem.php(123): require('C:\\\\Users\\\\AMIN\\\\D...')
#10 C:\\Users\\AMIN\\Desktop\\bigstore\\vendor\\laravel\\framework\\src\\Illuminate\\Filesystem\\Filesystem.php(124): Illuminate\\Filesystem\\Filesystem::Illuminate\\Filesystem\\{closure}()
#11 C:\\Users\\AMIN\\Desktop\\bigstore\\vendor\\laravel\\framework\\src\\Illuminate\\View\\Engines\\PhpEngine.php(58): Illuminate\\Filesystem\\Filesystem->getRequire('C:\\\\Users\\\\AMIN\\\\D...', Array)
#12 C:\\Users\\AMIN\\Desktop\\bigstore\\vendor\\livewire\\livewire\\src\\ComponentConcerns\\RendersLivewireComponents.php(69): Illuminate\\View\\Engines\\PhpEngine->evaluatePath('C:\\\\Users\\\\AMIN\\\\D...', Array)
#13 C:\\Users\\AMIN\\Desktop\\bigstore\\vendor\\laravel\\framework\\src\\Illuminate\\View\\Engines\\CompilerEngine.php(72): Livewire\\LivewireViewCompilerEngine->evaluatePath('C:\\\\Users\\\\AMIN\\\\D...', Array)
#14 C:\\Users\\AMIN\\Desktop\\bigstore\\vendor\\livewire\\livewire\\src\\ComponentConcerns\\RendersLivewireComponents.php(35): Illuminate\\View\\Engines\\CompilerEngine->get('C:\\\\Users\\\\AMIN\\\\D...', Array)
#15 C:\\Users\\AMIN\\Desktop\\bigstore\\vendor\\laravel\\framework\\src\\Illuminate\\View\\View.php(207): Livewire\\LivewireViewCompilerEngine->get('C:\\\\Users\\\\AMIN\\\\D...', Array)
#16 C:\\Users\\AMIN\\Desktop\\bigstore\\vendor\\laravel\\framework\\src\\Illuminate\\View\\View.php(190): Illuminate\\View\\View->getContents()
#17 C:\\Users\\AMIN\\Desktop\\bigstore\\vendor\\laravel\\framework\\src\\Illuminate\\View\\View.php(159): Illuminate\\View\\View->renderContents()
#18 C:\\Users\\AMIN\\Desktop\\bigstore\\storage\\framework\\views\\1ab7f5a4b4771949a0b18a61320b0e59.php(32): Illuminate\\View\\View->render()
#19 C:\\Users\\AMIN\\Desktop\\bigstore\\vendor\\laravel\\framework\\src\\Illuminate\\Filesystem\\Filesystem.php(123): require('C:\\\\Users\\\\AMIN\\\\D...')
#20 C:\\Users\\AMIN\\Desktop\\bigstore\\vendor\\laravel\\framework\\src\\Illuminate\\Filesystem\\Filesystem.php(124): Illuminate\\Filesystem\\Filesystem::Illuminate\\Filesystem\\{closure}()
#21 C:\\Users\\AMIN\\Desktop\\bigstore\\vendor\\laravel\\framework\\src\\Illuminate\\View\\Engines\\PhpEngine.php(58): Illuminate\\Filesystem\\Filesystem->getRequire('C:\\\\Users\\\\AMIN\\\\D...', Array)
#22 C:\\Users\\AMIN\\Desktop\\bigstore\\vendor\\livewire\\livewire\\src\\ComponentConcerns\\RendersLivewireComponents.php(69): Illuminate\\View\\Engines\\PhpEngine->evaluatePath('C:\\\\Users\\\\AMIN\\\\D...', Array)
#23 C:\\Users\\AMIN\\Desktop\\bigstore\\vendor\\laravel\\framework\\src\\Illuminate\\View\\Engines\\CompilerEngine.php(72): Livewire\\LivewireViewCompilerEngine->evaluatePath('C:\\\\Users\\\\AMIN\\\\D...', Array)
#24 C:\\Users\\AMIN\\Desktop\\bigstore\\vendor\\livewire\\livewire\\src\\ComponentConcerns\\RendersLivewireComponents.php(35): Illuminate\\View\\Engines\\CompilerEngine->get('C:\\\\Users\\\\AMIN\\\\D...', Array)
#25 C:\\Users\\AMIN\\Desktop\\bigstore\\vendor\\laravel\\framework\\src\\Illuminate\\View\\View.php(207): Livewire\\LivewireViewCompilerEngine->get('C:\\\\Users\\\\AMIN\\\\D...', Array)
#26 C:\\Users\\AMIN\\Desktop\\bigstore\\vendor\\laravel\\framework\\src\\Illuminate\\View\\View.php(190): Illuminate\\View\\View->getContents()
#27 C:\\Users\\AMIN\\Desktop\\bigstore\\vendor\\laravel\\framework\\src\\Illuminate\\View\\View.php(159): Illuminate\\View\\View->renderContents()
#28 C:\\Users\\AMIN\\Desktop\\bigstore\\vendor\\laravel\\framework\\src\\Illuminate\\Http\\Response.php(69): Illuminate\\View\\View->render()
#29 C:\\Users\\AMIN\\Desktop\\bigstore\\vendor\\laravel\\framework\\src\\Illuminate\\Http\\Response.php(35): Illuminate\\Http\\Response->setContent(Object(Illuminate\\View\\View))
#30 C:\\Users\\AMIN\\Desktop\\bigstore\\vendor\\laravel\\framework\\src\\Illuminate\\Routing\\Router.php(918): Illuminate\\Http\\Response->__construct(Object(Illuminate\\View\\View), 200, Array)
#31 C:\\Users\\AMIN\\Desktop\\bigstore\\vendor\\laravel\\framework\\src\\Illuminate\\Routing\\Router.php(885): Illuminate\\Routing\\Router::toResponse(Object(Illuminate\\Http\\Request), Object(Illuminate\\View\\View))
#32 C:\\Users\\AMIN\\Desktop\\bigstore\\vendor\\laravel\\framework\\src\\Illuminate\\Routing\\Router.php(805): Illuminate\\Routing\\Router->prepareResponse(Object(Illuminate\\Http\\Request), Object(Illuminate\\View\\View))
#33 C:\\Users\\AMIN\\Desktop\\bigstore\\vendor\\laravel\\framework\\src\\Illuminate\\Pipeline\\Pipeline.php(144): Illuminate\\Routing\\Router->Illuminate\\Routing\\{closure}(Object(Illuminate\\Http\\Request))
#34 C:\\Users\\AMIN\\Desktop\\bigstore\\vendor\\php-flasher\\flasher-laravel\\Middleware\\FlasherMiddleware.php(34): Illuminate\\Pipeline\\Pipeline->Illuminate\\Pipeline\\{closure}(Object(Illuminate\\Http\\Request))
#35 C:\\Users\\AMIN\\Desktop\\bigstore\\vendor\\laravel\\framework\\src\\Illuminate\\Pipeline\\Pipeline.php(183): Flasher\\Laravel\\Middleware\\FlasherMiddleware->handle(Object(Illuminate\\Http\\Request), Object(Closure))
#36 C:\\Users\\AMIN\\Desktop\\bigstore\\vendor\\php-flasher\\flasher-laravel\\Middleware\\SessionMiddleware.php(34): Illuminate\\Pipeline\\Pipeline->Illuminate\\Pipeline\\{closure}(Object(Illuminate\\Http\\Request))
#37 C:\\Users\\AMIN\\Desktop\\bigstore\\vendor\\laravel\\framework\\src\\Illuminate\\Pipeline\\Pipeline.php(183): Flasher\\Laravel\\Middleware\\SessionMiddleware->handle(Object(Illuminate\\Http\\Request), Object(Closure))
#38 C:\\Users\\AMIN\\Desktop\\bigstore\\vendor\\laravel\\framework\\src\\Illuminate\\Routing\\Middleware\\SubstituteBindings.php(50): Illuminate\\Pipeline\\Pipeline->Illuminate\\Pipeline\\{closure}(Object(Illuminate\\Http\\Request))
#39 C:\\Users\\AMIN\\Desktop\\bigstore\\vendor\\laravel\\framework\\src\\Illuminate\\Pipeline\\Pipeline.php(183): Illuminate\\Routing\\Middleware\\SubstituteBindings->handle(Object(Illuminate\\Http\\Request), Object(Closure))
#40 C:\\Users\\AMIN\\Desktop\\bigstore\\vendor\\laravel\\framework\\src\\Illuminate\\Foundation\\Http\\Middleware\\VerifyCsrfToken.php(78): Illuminate\\Pipeline\\Pipeline->Illuminate\\Pipeline\\{closure}(Object(Illuminate\\Http\\Request))
#41 C:\\Users\\AMIN\\Desktop\\bigstore\\vendor\\laravel\\framework\\src\\Illuminate\\Pipeline\\Pipeline.php(183): Illuminate\\Foundation\\Http\\Middleware\\VerifyCsrfToken->handle(Object(Illuminate\\Http\\Request), Object(Closure))
#42 C:\\Users\\AMIN\\Desktop\\bigstore\\vendor\\laravel\\framework\\src\\Illuminate\\View\\Middleware\\ShareErrorsFromSession.php(49): Illuminate\\Pipeline\\Pipeline->Illuminate\\Pipeline\\{closure}(Object(Illuminate\\Http\\Request))
#43 C:\\Users\\AMIN\\Desktop\\bigstore\\vendor\\laravel\\framework\\src\\Illuminate\\Pipeline\\Pipeline.php(183): Illuminate\\View\\Middleware\\ShareErrorsFromSession->handle(Object(Illuminate\\Http\\Request), Object(Closure))
#44 C:\\Users\\AMIN\\Desktop\\bigstore\\vendor\\laravel\\framework\\src\\Illuminate\\Session\\Middleware\\StartSession.php(121): Illuminate\\Pipeline\\Pipeline->Illuminate\\Pipeline\\{closure}(Object(Illuminate\\Http\\Request))
#45 C:\\Users\\AMIN\\Desktop\\bigstore\\vendor\\laravel\\framework\\src\\Illuminate\\Session\\Middleware\\StartSession.php(64): Illuminate\\Session\\Middleware\\StartSession->handleStatefulRequest(Object(Illuminate\\Http\\Request), Object(Illuminate\\Session\\Store), Object(Closure))
#46 C:\\Users\\AMIN\\Desktop\\bigstore\\vendor\\laravel\\framework\\src\\Illuminate\\Pipeline\\Pipeline.php(183): Illuminate\\Session\\Middleware\\StartSession->handle(Object(Illuminate\\Http\\Request), Object(Closure))
#47 C:\\Users\\AMIN\\Desktop\\bigstore\\vendor\\laravel\\framework\\src\\Illuminate\\Cookie\\Middleware\\AddQueuedCookiesToResponse.php(37): Illuminate\\Pipeline\\Pipeline->Illuminate\\Pipeline\\{closure}(Object(Illuminate\\Http\\Request))
#48 C:\\Users\\AMIN\\Desktop\\bigstore\\vendor\\laravel\\framework\\src\\Illuminate\\Pipeline\\Pipeline.php(183): Illuminate\\Cookie\\Middleware\\AddQueuedCookiesToResponse->handle(Object(Illuminate\\Http\\Request), Object(Closure))
#49 C:\\Users\\AMIN\\Desktop\\bigstore\\vendor\\laravel\\framework\\src\\Illuminate\\Cookie\\Middleware\\EncryptCookies.php(67): Illuminate\\Pipeline\\Pipeline->Illuminate\\Pipeline\\{closure}(Object(Illuminate\\Http\\Request))
#50 C:\\Users\\AMIN\\Desktop\\bigstore\\vendor\\laravel\\framework\\src\\Illuminate\\Pipeline\\Pipeline.php(183): Illuminate\\Cookie\\Middleware\\EncryptCookies->handle(Object(Illuminate\\Http\\Request), Object(Closure))
#51 C:\\Users\\AMIN\\Desktop\\bigstore\\vendor\\laravel\\framework\\src\\Illuminate\\Pipeline\\Pipeline.php(119): Illuminate\\Pipeline\\Pipeline->Illuminate\\Pipeline\\{closure}(Object(Illuminate\\Http\\Request))
#52 C:\\Users\\AMIN\\Desktop\\bigstore\\vendor\\laravel\\framework\\src\\Illuminate\\Routing\\Router.php(805): Illuminate\\Pipeline\\Pipeline->then(Object(Closure))
#53 C:\\Users\\AMIN\\Desktop\\bigstore\\vendor\\laravel\\framework\\src\\Illuminate\\Routing\\Router.php(784): Illuminate\\Routing\\Router->runRouteWithinStack(Object(Illuminate\\Routing\\Route), Object(Illuminate\\Http\\Request))
#54 C:\\Users\\AMIN\\Desktop\\bigstore\\vendor\\laravel\\framework\\src\\Illuminate\\Routing\\Router.php(748): Illuminate\\Routing\\Router->runRoute(Object(Illuminate\\Http\\Request), Object(Illuminate\\Routing\\Route))
#55 C:\\Users\\AMIN\\Desktop\\bigstore\\vendor\\laravel\\framework\\src\\Illuminate\\Routing\\Router.php(737): Illuminate\\Routing\\Router->dispatchToRoute(Object(Illuminate\\Http\\Request))
#56 C:\\Users\\AMIN\\Desktop\\bigstore\\vendor\\laravel\\framework\\src\\Illuminate\\Foundation\\Http\\Kernel.php(200): Illuminate\\Routing\\Router->dispatch(Object(Illuminate\\Http\\Request))
#57 C:\\Users\\AMIN\\Desktop\\bigstore\\vendor\\laravel\\framework\\src\\Illuminate\\Pipeline\\Pipeline.php(144): Illuminate\\Foundation\\Http\\Kernel->Illuminate\\Foundation\\Http\\{closure}(Object(Illuminate\\Http\\Request))
#58 C:\\Users\\AMIN\\Desktop\\bigstore\\vendor\\livewire\\livewire\\src\\DisableBrowserCache.php(19): Illuminate\\Pipeline\\Pipeline->Illuminate\\Pipeline\\{closure}(Object(Illuminate\\Http\\Request))
#59 C:\\Users\\AMIN\\Desktop\\bigstore\\vendor\\laravel\\framework\\src\\Illuminate\\Pipeline\\Pipeline.php(183): Livewire\\DisableBrowserCache->handle(Object(Illuminate\\Http\\Request), Object(Closure))
#60 C:\\Users\\AMIN\\Desktop\\bigstore\\vendor\\laravel\\framework\\src\\Illuminate\\Foundation\\Http\\Middleware\\TransformsRequest.php(21): Illuminate\\Pipeline\\Pipeline->Illuminate\\Pipeline\\{closure}(Object(Illuminate\\Http\\Request))
#61 C:\\Users\\AMIN\\Desktop\\bigstore\\vendor\\laravel\\framework\\src\\Illuminate\\Foundation\\Http\\Middleware\\ConvertEmptyStringsToNull.php(31): Illuminate\\Foundation\\Http\\Middleware\\TransformsRequest->handle(Object(Illuminate\\Http\\Request), Object(Closure))
#62 C:\\Users\\AMIN\\Desktop\\bigstore\\vendor\\laravel\\framework\\src\\Illuminate\\Pipeline\\Pipeline.php(183): Illuminate\\Foundation\\Http\\Middleware\\ConvertEmptyStringsToNull->handle(Object(Illuminate\\Http\\Request), Object(Closure))
#63 C:\\Users\\AMIN\\Desktop\\bigstore\\vendor\\laravel\\framework\\src\\Illuminate\\Foundation\\Http\\Middleware\\TransformsRequest.php(21): Illuminate\\Pipeline\\Pipeline->Illuminate\\Pipeline\\{closure}(Object(Illuminate\\Http\\Request))
#64 C:\\Users\\AMIN\\Desktop\\bigstore\\vendor\\laravel\\framework\\src\\Illuminate\\Foundation\\Http\\Middleware\\TrimStrings.php(40): Illuminate\\Foundation\\Http\\Middleware\\TransformsRequest->handle(Object(Illuminate\\Http\\Request), Object(Closure))
#65 C:\\Users\\AMIN\\Desktop\\bigstore\\vendor\\laravel\\framework\\src\\Illuminate\\Pipeline\\Pipeline.php(183): Illuminate\\Foundation\\Http\\Middleware\\TrimStrings->handle(Object(Illuminate\\Http\\Request), Object(Closure))
#66 C:\\Users\\AMIN\\Desktop\\bigstore\\vendor\\laravel\\framework\\src\\Illuminate\\Foundation\\Http\\Middleware\\ValidatePostSize.php(27): Illuminate\\Pipeline\\Pipeline->Illuminate\\Pipeline\\{closure}(Object(Illuminate\\Http\\Request))
#67 C:\\Users\\AMIN\\Desktop\\bigstore\\vendor\\laravel\\framework\\src\\Illuminate\\Pipeline\\Pipeline.php(183): Illuminate\\Foundation\\Http\\Middleware\\ValidatePostSize->handle(Object(Illuminate\\Http\\Request), Object(Closure))
#68 C:\\Users\\AMIN\\Desktop\\bigstore\\vendor\\laravel\\framework\\src\\Illuminate\\Foundation\\Http\\Middleware\\PreventRequestsDuringMaintenance.php(99): Illuminate\\Pipeline\\Pipeline->Illuminate\\Pipeline\\{closure}(Object(Illuminate\\Http\\Request))
#69 C:\\Users\\AMIN\\Desktop\\bigstore\\vendor\\laravel\\framework\\src\\Illuminate\\Pipeline\\Pipeline.php(183): Illuminate\\Foundation\\Http\\Middleware\\PreventRequestsDuringMaintenance->handle(Object(Illuminate\\Http\\Request), Object(Closure))
#70 C:\\Users\\AMIN\\Desktop\\bigstore\\vendor\\laravel\\framework\\src\\Illuminate\\Http\\Middleware\\HandleCors.php(49): Illuminate\\Pipeline\\Pipeline->Illuminate\\Pipeline\\{closure}(Object(Illuminate\\Http\\Request))
#71 C:\\Users\\AMIN\\Desktop\\bigstore\\vendor\\laravel\\framework\\src\\Illuminate\\Pipeline\\Pipeline.php(183): Illuminate\\Http\\Middleware\\HandleCors->handle(Object(Illuminate\\Http\\Request), Object(Closure))
#72 C:\\Users\\AMIN\\Desktop\\bigstore\\vendor\\laravel\\framework\\src\\Illuminate\\Http\\Middleware\\TrustProxies.php(39): Illuminate\\Pipeline\\Pipeline->Illuminate\\Pipeline\\{closure}(Object(Illuminate\\Http\\Request))
#73 C:\\Users\\AMIN\\Desktop\\bigstore\\vendor\\laravel\\framework\\src\\Illuminate\\Pipeline\\Pipeline.php(183): Illuminate\\Http\\Middleware\\TrustProxies->handle(Object(Illuminate\\Http\\Request), Object(Closure))
#74 C:\\Users\\AMIN\\Desktop\\bigstore\\vendor\\laravel\\framework\\src\\Illuminate\\Pipeline\\Pipeline.php(119): Illuminate\\Pipeline\\Pipeline->Illuminate\\Pipeline\\{closure}(Object(Illuminate\\Http\\Request))
#75 C:\\Users\\AMIN\\Desktop\\bigstore\\vendor\\laravel\\framework\\src\\Illuminate\\Foundation\\Http\\Kernel.php(175): Illuminate\\Pipeline\\Pipeline->then(Object(Closure))
#76 C:\\Users\\AMIN\\Desktop\\bigstore\\vendor\\laravel\\framework\\src\\Illuminate\\Foundation\\Http\\Kernel.php(144): Illuminate\\Foundation\\Http\\Kernel->sendRequestThroughRouter(Object(Illuminate\\Http\\Request))
#77 C:\\Users\\AMIN\\Desktop\\bigstore\\public\\index.php(51): Illuminate\\Foundation\\Http\\Kernel->handle(Object(Illuminate\\Http\\Request))
#78 C:\\Users\\AMIN\\Desktop\\bigstore\\vendor\\laravel\\framework\\src\\Illuminate\\Foundation\\resources\\server.php(16): require_once('C:\\\\Users\\\\AMIN\\\\D...')
#79 {main}

[previous exception] [object] (ErrorException(code: 0): Undefined variable $categories at C:\\Users\\AMIN\\Desktop\\bigstore\\storage\\framework\\views\\b17e2d96a9328708007338016ee0fdc2.php:551)
[stacktrace]
#0 C:\\Users\\AMIN\\Desktop\\bigstore\\vendor\\laravel\\framework\\src\\Illuminate\\Foundation\\Bootstrap\\HandleExceptions.php(255): Illuminate\\Foundation\\Bootstrap\\HandleExceptions->handleError(2, 'Undefined varia...', 'C:\\\\Users\\\\AMIN\\\\D...', 551)
#1 C:\\Users\\AMIN\\Desktop\\bigstore\\storage\\framework\\views\\b17e2d96a9328708007338016ee0fdc2.php(551): Illuminate\\Foundation\\Bootstrap\\HandleExceptions->Illuminate\\Foundation\\Bootstrap\\{closure}(2, 'Undefined varia...', 'C:\\\\Users\\\\AMIN\\\\D...', 551)
#2 C:\\Users\\AMIN\\Desktop\\bigstore\\vendor\\laravel\\framework\\src\\Illuminate\\Filesystem\\Filesystem.php(123): require('C:\\\\Users\\\\AMIN\\\\D...')
#3 C:\\Users\\AMIN\\Desktop\\bigstore\\vendor\\laravel\\framework\\src\\Illuminate\\Filesystem\\Filesystem.php(124): Illuminate\\Filesystem\\Filesystem::Illuminate\\Filesystem\\{closure}()
#4 C:\\Users\\AMIN\\Desktop\\bigstore\\vendor\\laravel\\framework\\src\\Illuminate\\View\\Engines\\PhpEngine.php(58): Illuminate\\Filesystem\\Filesystem->getRequire('C:\\\\Users\\\\AMIN\\\\D...', Array)
#5 C:\\Users\\AMIN\\Desktop\\bigstore\\vendor\\livewire\\livewire\\src\\ComponentConcerns\\RendersLivewireComponents.php(69): Illuminate\\View\\Engines\\PhpEngine->evaluatePath('C:\\\\Users\\\\AMIN\\\\D...', Array)
#6 C:\\Users\\AMIN\\Desktop\\bigstore\\vendor\\laravel\\framework\\src\\Illuminate\\View\\Engines\\CompilerEngine.php(72): Livewire\\LivewireViewCompilerEngine->evaluatePath('C:\\\\Users\\\\AMIN\\\\D...', Array)
#7 C:\\Users\\AMIN\\Desktop\\bigstore\\vendor\\livewire\\livewire\\src\\ComponentConcerns\\RendersLivewireComponents.php(35): Illuminate\\View\\Engines\\CompilerEngine->get('C:\\\\Users\\\\AMIN\\\\D...', Array)
#8 C:\\Users\\AMIN\\Desktop\\bigstore\\vendor\\laravel\\framework\\src\\Illuminate\\View\\View.php(207): Livewire\\LivewireViewCompilerEngine->get('C:\\\\Users\\\\AMIN\\\\D...', Array)
#9 C:\\Users\\AMIN\\Desktop\\bigstore\\vendor\\laravel\\framework\\src\\Illuminate\\View\\View.php(190): Illuminate\\View\\View->getContents()
#10 C:\\Users\\AMIN\\Desktop\\bigstore\\vendor\\laravel\\framework\\src\\Illuminate\\View\\View.php(159): Illuminate\\View\\View->renderContents()
#11 C:\\Users\\AMIN\\Desktop\\bigstore\\storage\\framework\\views\\2563bfda7293f990652bbb53e74386a2.php(10): Illuminate\\View\\View->render()
#12 C:\\Users\\AMIN\\Desktop\\bigstore\\vendor\\laravel\\framework\\src\\Illuminate\\Filesystem\\Filesystem.php(123): require('C:\\\\Users\\\\AMIN\\\\D...')
#13 C:\\Users\\AMIN\\Desktop\\bigstore\\vendor\\laravel\\framework\\src\\Illuminate\\Filesystem\\Filesystem.php(124): Illuminate\\Filesystem\\Filesystem::Illuminate\\Filesystem\\{closure}()
#14 C:\\Users\\AMIN\\Desktop\\bigstore\\vendor\\laravel\\framework\\src\\Illuminate\\View\\Engines\\PhpEngine.php(58): Illuminate\\Filesystem\\Filesystem->getRequire('C:\\\\Users\\\\AMIN\\\\D...', Array)
#15 C:\\Users\\AMIN\\Desktop\\bigstore\\vendor\\livewire\\livewire\\src\\ComponentConcerns\\RendersLivewireComponents.php(69): Illuminate\\View\\Engines\\PhpEngine->evaluatePath('C:\\\\Users\\\\AMIN\\\\D...', Array)
#16 C:\\Users\\AMIN\\Desktop\\bigstore\\vendor\\laravel\\framework\\src\\Illuminate\\View\\Engines\\CompilerEngine.php(72): Livewire\\LivewireViewCompilerEngine->evaluatePath('C:\\\\Users\\\\AMIN\\\\D...', Array)
#17 C:\\Users\\AMIN\\Desktop\\bigstore\\vendor\\livewire\\livewire\\src\\ComponentConcerns\\RendersLivewireComponents.php(35): Illuminate\\View\\Engines\\CompilerEngine->get('C:\\\\Users\\\\AMIN\\\\D...', Array)
#18 C:\\Users\\AMIN\\Desktop\\bigstore\\vendor\\laravel\\framework\\src\\Illuminate\\View\\View.php(207): Livewire\\LivewireViewCompilerEngine->get('C:\\\\Users\\\\AMIN\\\\D...', Array)
#19 C:\\Users\\AMIN\\Desktop\\bigstore\\vendor\\laravel\\framework\\src\\Illuminate\\View\\View.php(190): Illuminate\\View\\View->getContents()
#20 C:\\Users\\AMIN\\Desktop\\bigstore\\vendor\\laravel\\framework\\src\\Illuminate\\View\\View.php(159): Illuminate\\View\\View->renderContents()
#21 C:\\Users\\AMIN\\Desktop\\bigstore\\storage\\framework\\views\\1ab7f5a4b4771949a0b18a61320b0e59.php(32): Illuminate\\View\\View->render()
#22 C:\\Users\\AMIN\\Desktop\\bigstore\\vendor\\laravel\\framework\\src\\Illuminate\\Filesystem\\Filesystem.php(123): require('C:\\\\Users\\\\AMIN\\\\D...')
#23 C:\\Users\\AMIN\\Desktop\\bigstore\\vendor\\laravel\\framework\\src\\Illuminate\\Filesystem\\Filesystem.php(124): Illuminate\\Filesystem\\Filesystem::Illuminate\\Filesystem\\{closure}()
#24 C:\\Users\\AMIN\\Desktop\\bigstore\\vendor\\laravel\\framework\\src\\Illuminate\\View\\Engines\\PhpEngine.php(58): Illuminate\\Filesystem\\Filesystem->getRequire('C:\\\\Users\\\\AMIN\\\\D...', Array)
#25 C:\\Users\\AMIN\\Desktop\\bigstore\\vendor\\livewire\\livewire\\src\\ComponentConcerns\\RendersLivewireComponents.php(69): Illuminate\\View\\Engines\\PhpEngine->evaluatePath('C:\\\\Users\\\\AMIN\\\\D...', Array)
#26 C:\\Users\\AMIN\\Desktop\\bigstore\\vendor\\laravel\\framework\\src\\Illuminate\\View\\Engines\\CompilerEngine.php(72): Livewire\\LivewireViewCompilerEngine->evaluatePath('C:\\\\Users\\\\AMIN\\\\D...', Array)
#27 C:\\Users\\AMIN\\Desktop\\bigstore\\vendor\\livewire\\livewire\\src\\ComponentConcerns\\RendersLivewireComponents.php(35): Illuminate\\View\\Engines\\CompilerEngine->get('C:\\\\Users\\\\AMIN\\\\D...', Array)
#28 C:\\Users\\AMIN\\Desktop\\bigstore\\vendor\\laravel\\framework\\src\\Illuminate\\View\\View.php(207): Livewire\\LivewireViewCompilerEngine->get('C:\\\\Users\\\\AMIN\\\\D...', Array)
#29 C:\\Users\\AMIN\\Desktop\\bigstore\\vendor\\laravel\\framework\\src\\Illuminate\\View\\View.php(190): Illuminate\\View\\View->getContents()
#30 C:\\Users\\AMIN\\Desktop\\bigstore\\vendor\\laravel\\framework\\src\\Illuminate\\View\\View.php(159): Illuminate\\View\\View->renderContents()
#31 C:\\Users\\AMIN\\Desktop\\bigstore\\vendor\\laravel\\framework\\src\\Illuminate\\Http\\Response.php(69): Illuminate\\View\\View->render()
#32 C:\\Users\\AMIN\\Desktop\\bigstore\\vendor\\laravel\\framework\\src\\Illuminate\\Http\\Response.php(35): Illuminate\\Http\\Response->setContent(Object(Illuminate\\View\\View))
#33 C:\\Users\\AMIN\\Desktop\\bigstore\\vendor\\laravel\\framework\\src\\Illuminate\\Routing\\Router.php(918): Illuminate\\Http\\Response->__construct(Object(Illuminate\\View\\View), 200, Array)
#34 C:\\Users\\AMIN\\Desktop\\bigstore\\vendor\\laravel\\framework\\src\\Illuminate\\Routing\\Router.php(885): Illuminate\\Routing\\Router::toResponse(Object(Illuminate\\Http\\Request), Object(Illuminate\\View\\View))
#35 C:\\Users\\AMIN\\Desktop\\bigstore\\vendor\\laravel\\framework\\src\\Illuminate\\Routing\\Router.php(805): Illuminate\\Routing\\Router->prepareResponse(Object(Illuminate\\Http\\Request), Object(Illuminate\\View\\View))
#36 C:\\Users\\AMIN\\Desktop\\bigstore\\vendor\\laravel\\framework\\src\\Illuminate\\Pipeline\\Pipeline.php(144): Illuminate\\Routing\\Router->Illuminate\\Routing\\{closure}(Object(Illuminate\\Http\\Request))
#37 C:\\Users\\AMIN\\Desktop\\bigstore\\vendor\\php-flasher\\flasher-laravel\\Middleware\\FlasherMiddleware.php(34): Illuminate\\Pipeline\\Pipeline->Illuminate\\Pipeline\\{closure}(Object(Illuminate\\Http\\Request))
#38 C:\\Users\\AMIN\\Desktop\\bigstore\\vendor\\laravel\\framework\\src\\Illuminate\\Pipeline\\Pipeline.php(183): Flasher\\Laravel\\Middleware\\FlasherMiddleware->handle(Object(Illuminate\\Http\\Request), Object(Closure))
#39 C:\\Users\\AMIN\\Desktop\\bigstore\\vendor\\php-flasher\\flasher-laravel\\Middleware\\SessionMiddleware.php(34): Illuminate\\Pipeline\\Pipeline->Illuminate\\Pipeline\\{closure}(Object(Illuminate\\Http\\Request))
#40 C:\\Users\\AMIN\\Desktop\\bigstore\\vendor\\laravel\\framework\\src\\Illuminate\\Pipeline\\Pipeline.php(183): Flasher\\Laravel\\Middleware\\SessionMiddleware->handle(Object(Illuminate\\Http\\Request), Object(Closure))
#41 C:\\Users\\AMIN\\Desktop\\bigstore\\vendor\\laravel\\framework\\src\\Illuminate\\Routing\\Middleware\\SubstituteBindings.php(50): Illuminate\\Pipeline\\Pipeline->Illuminate\\Pipeline\\{closure}(Object(Illuminate\\Http\\Request))
#42 C:\\Users\\AMIN\\Desktop\\bigstore\\vendor\\laravel\\framework\\src\\Illuminate\\Pipeline\\Pipeline.php(183): Illuminate\\Routing\\Middleware\\SubstituteBindings->handle(Object(Illuminate\\Http\\Request), Object(Closure))
#43 C:\\Users\\AMIN\\Desktop\\bigstore\\vendor\\laravel\\framework\\src\\Illuminate\\Foundation\\Http\\Middleware\\VerifyCsrfToken.php(78): Illuminate\\Pipeline\\Pipeline->Illuminate\\Pipeline\\{closure}(Object(Illuminate\\Http\\Request))
#44 C:\\Users\\AMIN\\Desktop\\bigstore\\vendor\\laravel\\framework\\src\\Illuminate\\Pipeline\\Pipeline.php(183): Illuminate\\Foundation\\Http\\Middleware\\VerifyCsrfToken->handle(Object(Illuminate\\Http\\Request), Object(Closure))
#45 C:\\Users\\AMIN\\Desktop\\bigstore\\vendor\\laravel\\framework\\src\\Illuminate\\View\\Middleware\\ShareErrorsFromSession.php(49): Illuminate\\Pipeline\\Pipeline->Illuminate\\Pipeline\\{closure}(Object(Illuminate\\Http\\Request))
#46 C:\\Users\\AMIN\\Desktop\\bigstore\\vendor\\laravel\\framework\\src\\Illuminate\\Pipeline\\Pipeline.php(183): Illuminate\\View\\Middleware\\ShareErrorsFromSession->handle(Object(Illuminate\\Http\\Request), Object(Closure))
#47 C:\\Users\\AMIN\\Desktop\\bigstore\\vendor\\laravel\\framework\\src\\Illuminate\\Session\\Middleware\\StartSession.php(121): Illuminate\\Pipeline\\Pipeline->Illuminate\\Pipeline\\{closure}(Object(Illuminate\\Http\\Request))
#48 C:\\Users\\AMIN\\Desktop\\bigstore\\vendor\\laravel\\framework\\src\\Illuminate\\Session\\Middleware\\StartSession.php(64): Illuminate\\Session\\Middleware\\StartSession->handleStatefulRequest(Object(Illuminate\\Http\\Request), Object(Illuminate\\Session\\Store), Object(Closure))
#49 C:\\Users\\AMIN\\Desktop\\bigstore\\vendor\\laravel\\framework\\src\\Illuminate\\Pipeline\\Pipeline.php(183): Illuminate\\Session\\Middleware\\StartSession->handle(Object(Illuminate\\Http\\Request), Object(Closure))
#50 C:\\Users\\AMIN\\Desktop\\bigstore\\vendor\\laravel\\framework\\src\\Illuminate\\Cookie\\Middleware\\AddQueuedCookiesToResponse.php(37): Illuminate\\Pipeline\\Pipeline->Illuminate\\Pipeline\\{closure}(Object(Illuminate\\Http\\Request))
#51 C:\\Users\\AMIN\\Desktop\\bigstore\\vendor\\laravel\\framework\\src\\Illuminate\\Pipeline\\Pipeline.php(183): Illuminate\\Cookie\\Middleware\\AddQueuedCookiesToResponse->handle(Object(Illuminate\\Http\\Request), Object(Closure))
#52 C:\\Users\\AMIN\\Desktop\\bigstore\\vendor\\laravel\\framework\\src\\Illuminate\\Cookie\\Middleware\\EncryptCookies.php(67): Illuminate\\Pipeline\\Pipeline->Illuminate\\Pipeline\\{closure}(Object(Illuminate\\Http\\Request))
#53 C:\\Users\\AMIN\\Desktop\\bigstore\\vendor\\laravel\\framework\\src\\Illuminate\\Pipeline\\Pipeline.php(183): Illuminate\\Cookie\\Middleware\\EncryptCookies->handle(Object(Illuminate\\Http\\Request), Object(Closure))
#54 C:\\Users\\AMIN\\Desktop\\bigstore\\vendor\\laravel\\framework\\src\\Illuminate\\Pipeline\\Pipeline.php(119): Illuminate\\Pipeline\\Pipeline->Illuminate\\Pipeline\\{closure}(Object(Illuminate\\Http\\Request))
#55 C:\\Users\\AMIN\\Desktop\\bigstore\\vendor\\laravel\\framework\\src\\Illuminate\\Routing\\Router.php(805): Illuminate\\Pipeline\\Pipeline->then(Object(Closure))
#56 C:\\Users\\AMIN\\Desktop\\bigstore\\vendor\\laravel\\framework\\src\\Illuminate\\Routing\\Router.php(784): Illuminate\\Routing\\Router->runRouteWithinStack(Object(Illuminate\\Routing\\Route), Object(Illuminate\\Http\\Request))
#57 C:\\Users\\AMIN\\Desktop\\bigstore\\vendor\\laravel\\framework\\src\\Illuminate\\Routing\\Router.php(748): Illuminate\\Routing\\Router->runRoute(Object(Illuminate\\Http\\Request), Object(Illuminate\\Routing\\Route))
#58 C:\\Users\\AMIN\\Desktop\\bigstore\\vendor\\laravel\\framework\\src\\Illuminate\\Routing\\Router.php(737): Illuminate\\Routing\\Router->dispatchToRoute(Object(Illuminate\\Http\\Request))
#59 C:\\Users\\AMIN\\Desktop\\bigstore\\vendor\\laravel\\framework\\src\\Illuminate\\Foundation\\Http\\Kernel.php(200): Illuminate\\Routing\\Router->dispatch(Object(Illuminate\\Http\\Request))
#60 C:\\Users\\AMIN\\Desktop\\bigstore\\vendor\\laravel\\framework\\src\\Illuminate\\Pipeline\\Pipeline.php(144): Illuminate\\Foundation\\Http\\Kernel->Illuminate\\Foundation\\Http\\{closure}(Object(Illuminate\\Http\\Request))
#61 C:\\Users\\AMIN\\Desktop\\bigstore\\vendor\\livewire\\livewire\\src\\DisableBrowserCache.php(19): Illuminate\\Pipeline\\Pipeline->Illuminate\\Pipeline\\{closure}(Object(Illuminate\\Http\\Request))
#62 C:\\Users\\AMIN\\Desktop\\bigstore\\vendor\\laravel\\framework\\src\\Illuminate\\Pipeline\\Pipeline.php(183): Livewire\\DisableBrowserCache->handle(Object(Illuminate\\Http\\Request), Object(Closure))
#63 C:\\Users\\AMIN\\Desktop\\bigstore\\vendor\\laravel\\framework\\src\\Illuminate\\Foundation\\Http\\Middleware\\TransformsRequest.php(21): Illuminate\\Pipeline\\Pipeline->Illuminate\\Pipeline\\{closure}(Object(Illuminate\\Http\\Request))
#64 C:\\Users\\AMIN\\Desktop\\bigstore\\vendor\\laravel\\framework\\src\\Illuminate\\Foundation\\Http\\Middleware\\ConvertEmptyStringsToNull.php(31): Illuminate\\Foundation\\Http\\Middleware\\TransformsRequest->handle(Object(Illuminate\\Http\\Request), Object(Closure))
#65 C:\\Users\\AMIN\\Desktop\\bigstore\\vendor\\laravel\\framework\\src\\Illuminate\\Pipeline\\Pipeline.php(183): Illuminate\\Foundation\\Http\\Middleware\\ConvertEmptyStringsToNull->handle(Object(Illuminate\\Http\\Request), Object(Closure))
#66 C:\\Users\\AMIN\\Desktop\\bigstore\\vendor\\laravel\\framework\\src\\Illuminate\\Foundation\\Http\\Middleware\\TransformsRequest.php(21): Illuminate\\Pipeline\\Pipeline->Illuminate\\Pipeline\\{closure}(Object(Illuminate\\Http\\Request))
#67 C:\\Users\\AMIN\\Desktop\\bigstore\\vendor\\laravel\\framework\\src\\Illuminate\\Foundation\\Http\\Middleware\\TrimStrings.php(40): Illuminate\\Foundation\\Http\\Middleware\\TransformsRequest->handle(Object(Illuminate\\Http\\Request), Object(Closure))
#68 C:\\Users\\AMIN\\Desktop\\bigstore\\vendor\\laravel\\framework\\src\\Illuminate\\Pipeline\\Pipeline.php(183): Illuminate\\Foundation\\Http\\Middleware\\TrimStrings->handle(Object(Illuminate\\Http\\Request), Object(Closure))
#69 C:\\Users\\AMIN\\Desktop\\bigstore\\vendor\\laravel\\framework\\src\\Illuminate\\Foundation\\Http\\Middleware\\ValidatePostSize.php(27): Illuminate\\Pipeline\\Pipeline->Illuminate\\Pipeline\\{closure}(Object(Illuminate\\Http\\Request))
#70 C:\\Users\\AMIN\\Desktop\\bigstore\\vendor\\laravel\\framework\\src\\Illuminate\\Pipeline\\Pipeline.php(183): Illuminate\\Foundation\\Http\\Middleware\\ValidatePostSize->handle(Object(Illuminate\\Http\\Request), Object(Closure))
#71 C:\\Users\\AMIN\\Desktop\\bigstore\\vendor\\laravel\\framework\\src\\Illuminate\\Foundation\\Http\\Middleware\\PreventRequestsDuringMaintenance.php(99): Illuminate\\Pipeline\\Pipeline->Illuminate\\Pipeline\\{closure}(Object(Illuminate\\Http\\Request))
#72 C:\\Users\\AMIN\\Desktop\\bigstore\\vendor\\laravel\\framework\\src\\Illuminate\\Pipeline\\Pipeline.php(183): Illuminate\\Foundation\\Http\\Middleware\\PreventRequestsDuringMaintenance->handle(Object(Illuminate\\Http\\Request), Object(Closure))
#73 C:\\Users\\AMIN\\Desktop\\bigstore\\vendor\\laravel\\framework\\src\\Illuminate\\Http\\Middleware\\HandleCors.php(49): Illuminate\\Pipeline\\Pipeline->Illuminate\\Pipeline\\{closure}(Object(Illuminate\\Http\\Request))
#74 C:\\Users\\AMIN\\Desktop\\bigstore\\vendor\\laravel\\framework\\src\\Illuminate\\Pipeline\\Pipeline.php(183): Illuminate\\Http\\Middleware\\HandleCors->handle(Object(Illuminate\\Http\\Request), Object(Closure))
#75 C:\\Users\\AMIN\\Desktop\\bigstore\\vendor\\laravel\\framework\\src\\Illuminate\\Http\\Middleware\\TrustProxies.php(39): Illuminate\\Pipeline\\Pipeline->Illuminate\\Pipeline\\{closure}(Object(Illuminate\\Http\\Request))
#76 C:\\Users\\AMIN\\Desktop\\bigstore\\vendor\\laravel\\framework\\src\\Illuminate\\Pipeline\\Pipeline.php(183): Illuminate\\Http\\Middleware\\TrustProxies->handle(Object(Illuminate\\Http\\Request), Object(Closure))
#77 C:\\Users\\AMIN\\Desktop\\bigstore\\vendor\\laravel\\framework\\src\\Illuminate\\Pipeline\\Pipeline.php(119): Illuminate\\Pipeline\\Pipeline->Illuminate\\Pipeline\\{closure}(Object(Illuminate\\Http\\Request))
#78 C:\\Users\\AMIN\\Desktop\\bigstore\\vendor\\laravel\\framework\\src\\Illuminate\\Foundation\\Http\\Kernel.php(175): Illuminate\\Pipeline\\Pipeline->then(Object(Closure))
#79 C:\\Users\\AMIN\\Desktop\\bigstore\\vendor\\laravel\\framework\\src\\Illuminate\\Foundation\\Http\\Kernel.php(144): Illuminate\\Foundation\\Http\\Kernel->sendRequestThroughRouter(Object(Illuminate\\Http\\Request))
#80 C:\\Users\\AMIN\\Desktop\\bigstore\\public\\index.php(51): Illuminate\\Foundation\\Http\\Kernel->handle(Object(Illuminate\\Http\\Request))
#81 C:\\Users\\AMIN\\Desktop\\bigstore\\vendor\\laravel\\framework\\src\\Illuminate\\Foundation\\resources\\server.php(16): require_once('C:\\\\Users\\\\AMIN\\\\D...')
#82 {main}
"} 
[2026-07-16 00:51:29] local.ERROR: Cannot redeclare province_name() (previously declared in C:\Users\AMIN\Desktop\bigstore\app\helpers.php:7) {"exception":"[object] (Symfony\\Component\\ErrorHandler\\Error\\FatalError(code: 0): Cannot redeclare province_name() (previously declared in C:\\Users\\AMIN\\Desktop\\bigstore\\app\\helpers.php:7) at C:\\Users\\AMIN\\Desktop\\bigstore\\app\\helpers.php:9)
[stacktrace]
#0 {main}
"} 
[2026-07-16 00:52:02] local.ERROR: Undefined variable $userId {"userId":1,"exception":"[object] (ErrorException(code: 0): Undefined variable $userId at C:\\Users\\AMIN\\Desktop\\bigstore\\app\\Http\\Controllers\\Home\\BlogController.php:15)
[stacktrace]
#0 C:\\Users\\AMIN\\Desktop\\bigstore\\vendor\\laravel\\framework\\src\\Illuminate\\Foundation\\Bootstrap\\HandleExceptions.php(255): Illuminate\\Foundation\\Bootstrap\\HandleExceptions->handleError(2, 'Undefined varia...', 'C:\\\\Users\\\\AMIN\\\\D...', 15)
#1 C:\\Users\\AMIN\\Desktop\\bigstore\\app\\Http\\Controllers\\Home\\BlogController.php(15): Illuminate\\Foundation\\Bootstrap\\HandleExceptions->Illuminate\\Foundation\\Bootstrap\\{closure}(2, 'Undefined varia...', 'C:\\\\Users\\\\AMIN\\\\D...', 15)
#2 C:\\Users\\AMIN\\Desktop\\bigstore\\vendor\\laravel\\framework\\src\\Illuminate\\Routing\\Controller.php(54): App\\Http\\Controllers\\Home\\BlogController->index()
#3 C:\\Users\\AMIN\\Desktop\\bigstore\\vendor\\laravel\\framework\\src\\Illuminate\\Routing\\ControllerDispatcher.php(43): Illuminate\\Routing\\Controller->callAction('index', Array)
#4 C:\\Users\\AMIN\\Desktop\\bigstore\\vendor\\laravel\\framework\\src\\Illuminate\\Routing\\Route.php(259): Illuminate\\Routing\\ControllerDispatcher->dispatch(Object(Illuminate\\Routing\\Route), Object(App\\Http\\Controllers\\Home\\BlogController), 'index')
#5 C:\\Users\\AMIN\\Desktop\\bigstore\\vendor\\laravel\\framework\\src\\Illuminate\\Routing\\Route.php(205): Illuminate\\Routing\\Route->runController()
#6 C:\\Users\\AMIN\\Desktop\\bigstore\\vendor\\laravel\\framework\\src\\Illuminate\\Routing\\Router.php(806): Illuminate\\Routing\\Route->run()
#7 C:\\Users\\AMIN\\Desktop\\bigstore\\vendor\\laravel\\framework\\src\\Illuminate\\Pipeline\\Pipeline.php(144): Illuminate\\Routing\\Router->Illuminate\\Routing\\{closure}(Object(Illuminate\\Http\\Request))
#8 C:\\Users\\AMIN\\Desktop\\bigstore\\vendor\\php-flasher\\flasher-laravel\\Middleware\\FlasherMiddleware.php(34): Illuminate\\Pipeline\\Pipeline->Illuminate\\Pipeline\\{closure}(Object(Illuminate\\Http\\Request))
#9 C:\\Users\\AMIN\\Desktop\\bigstore\\vendor\\laravel\\framework\\src\\Illuminate\\Pipeline\\Pipeline.php(183): Flasher\\Laravel\\Middleware\\FlasherMiddleware->handle(Object(Illuminate\\Http\\Request), Object(Closure))
#10 C:\\Users\\AMIN\\Desktop\\bigstore\\vendor\\php-flasher\\flasher-laravel\\Middleware\\SessionMiddleware.php(34): Illuminate\\Pipeline\\Pipeline->Illuminate\\Pipeline\\{closure}(Object(Illuminate\\Http\\Request))
#11 C:\\Users\\AMIN\\Desktop\\bigstore\\vendor\\laravel\\framework\\src\\Illuminate\\Pipeline\\Pipeline.php(183): Flasher\\Laravel\\Middleware\\SessionMiddleware->handle(Object(Illuminate\\Http\\Request), Object(Closure))
#12 C:\\Users\\AMIN\\Desktop\\bigstore\\vendor\\laravel\\framework\\src\\Illuminate\\Routing\\Middleware\\SubstituteBindings.php(50): Illuminate\\Pipeline\\Pipeline->Illuminate\\Pipeline\\{closure}(Object(Illuminate\\Http\\Request))
#13 C:\\Users\\AMIN\\Desktop\\bigstore\\vendor\\laravel\\framework\\src\\Illuminate\\Pipeline\\Pipeline.php(183): Illuminate\\Routing\\Middleware\\SubstituteBindings->handle(Object(Illuminate\\Http\\Request), Object(Closure))
#14 C:\\Users\\AMIN\\Desktop\\bigstore\\vendor\\laravel\\framework\\src\\Illuminate\\Foundation\\Http\\Middleware\\VerifyCsrfToken.php(78): Illuminate\\Pipeline\\Pipeline->Illuminate\\Pipeline\\{closure}(Object(Illuminate\\Http\\Request))
#15 C:\\Users\\AMIN\\Desktop\\bigstore\\vendor\\laravel\\framework\\src\\Illuminate\\Pipeline\\Pipeline.php(183): Illuminate\\Foundation\\Http\\Middleware\\VerifyCsrfToken->handle(Object(Illuminate\\Http\\Request), Object(Closure))
#16 C:\\Users\\AMIN\\Desktop\\bigstore\\vendor\\laravel\\framework\\src\\Illuminate\\View\\Middleware\\ShareErrorsFromSession.php(49): Illuminate\\Pipeline\\Pipeline->Illuminate\\Pipeline\\{closure}(Object(Illuminate\\Http\\Request))
#17 C:\\Users\\AMIN\\Desktop\\bigstore\\vendor\\laravel\\framework\\src\\Illuminate\\Pipeline\\Pipeline.php(183): Illuminate\\View\\Middleware\\ShareErrorsFromSession->handle(Object(Illuminate\\Http\\Request), Object(Closure))
#18 C:\\Users\\AMIN\\Desktop\\bigstore\\vendor\\laravel\\framework\\src\\Illuminate\\Session\\Middleware\\StartSession.php(121): Illuminate\\Pipeline\\Pipeline->Illuminate\\Pipeline\\{closure}(Object(Illuminate\\Http\\Request))
#19 C:\\Users\\AMIN\\Desktop\\bigstore\\vendor\\laravel\\framework\\src\\Illuminate\\Session\\Middleware\\StartSession.php(64): Illuminate\\Session\\Middleware\\StartSession->handleStatefulRequest(Object(Illuminate\\Http\\Request), Object(Illuminate\\Session\\Store), Object(Closure))
#20 C:\\Users\\AMIN\\Desktop\\bigstore\\vendor\\laravel\\framework\\src\\Illuminate\\Pipeline\\Pipeline.php(183): Illuminate\\Session\\Middleware\\StartSession->handle(Object(Illuminate\\Http\\Request), Object(Closure))
#21 C:\\Users\\AMIN\\Desktop\\bigstore\\vendor\\laravel\\framework\\src\\Illuminate\\Cookie\\Middleware\\AddQueuedCookiesToResponse.php(37): Illuminate\\Pipeline\\Pipeline->Illuminate\\Pipeline\\{closure}(Object(Illuminate\\Http\\Request))
#22 C:\\Users\\AMIN\\Desktop\\bigstore\\vendor\\laravel\\framework\\src\\Illuminate\\Pipeline\\Pipeline.php(183): Illuminate\\Cookie\\Middleware\\AddQueuedCookiesToResponse->handle(Object(Illuminate\\Http\\Request), Object(Closure))
#23 C:\\Users\\AMIN\\Desktop\\bigstore\\vendor\\laravel\\framework\\src\\Illuminate\\Cookie\\Middleware\\EncryptCookies.php(67): Illuminate\\Pipeline\\Pipeline->Illuminate\\Pipeline\\{closure}(Object(Illuminate\\Http\\Request))
#24 C:\\Users\\AMIN\\Desktop\\bigstore\\vendor\\laravel\\framework\\src\\Illuminate\\Pipeline\\Pipeline.php(183): Illuminate\\Cookie\\Middleware\\EncryptCookies->handle(Object(Illuminate\\Http\\Request), Object(Closure))
#25 C:\\Users\\AMIN\\Desktop\\bigstore\\vendor\\laravel\\framework\\src\\Illuminate\\Pipeline\\Pipeline.php(119): Illuminate\\Pipeline\\Pipeline->Illuminate\\Pipeline\\{closure}(Object(Illuminate\\Http\\Request))
#26 C:\\Users\\AMIN\\Desktop\\bigstore\\vendor\\laravel\\framework\\src\\Illuminate\\Routing\\Router.php(805): Illuminate\\Pipeline\\Pipeline->then(Object(Closure))
#27 C:\\Users\\AMIN\\Desktop\\bigstore\\vendor\\laravel\\framework\\src\\Illuminate\\Routing\\Router.php(784): Illuminate\\Routing\\Router->runRouteWithinStack(Object(Illuminate\\Routing\\Route), Object(Illuminate\\Http\\Request))
#28 C:\\Users\\AMIN\\Desktop\\bigstore\\vendor\\laravel\\framework\\src\\Illuminate\\Routing\\Router.php(748): Illuminate\\Routing\\Router->runRoute(Object(Illuminate\\Http\\Request), Object(Illuminate\\Routing\\Route))
#29 C:\\Users\\AMIN\\Desktop\\bigstore\\vendor\\laravel\\framework\\src\\Illuminate\\Routing\\Router.php(737): Illuminate\\Routing\\Router->dispatchToRoute(Object(Illuminate\\Http\\Request))
#30 C:\\Users\\AMIN\\Desktop\\bigstore\\vendor\\laravel\\framework\\src\\Illuminate\\Foundation\\Http\\Kernel.php(200): Illuminate\\Routing\\Router->dispatch(Object(Illuminate\\Http\\Request))
#31 C:\\Users\\AMIN\\Desktop\\bigstore\\vendor\\laravel\\framework\\src\\Illuminate\\Pipeline\\Pipeline.php(144): Illuminate\\Foundation\\Http\\Kernel->Illuminate\\Foundation\\Http\\{closure}(Object(Illuminate\\Http\\Request))
#32 C:\\Users\\AMIN\\Desktop\\bigstore\\vendor\\livewire\\livewire\\src\\DisableBrowserCache.php(19): Illuminate\\Pipeline\\Pipeline->Illuminate\\Pipeline\\{closure}(Object(Illuminate\\Http\\Request))
#33 C:\\Users\\AMIN\\Desktop\\bigstore\\vendor\\laravel\\framework\\src\\Illuminate\\Pipeline\\Pipeline.php(183): Livewire\\DisableBrowserCache->handle(Object(Illuminate\\Http\\Request), Object(Closure))
#34 C:\\Users\\AMIN\\Desktop\\bigstore\\vendor\\laravel\\framework\\src\\Illuminate\\Foundation\\Http\\Middleware\\TransformsRequest.php(21): Illuminate\\Pipeline\\Pipeline->Illuminate\\Pipeline\\{closure}(Object(Illuminate\\Http\\Request))
#35 C:\\Users\\AMIN\\Desktop\\bigstore\\vendor\\laravel\\framework\\src\\Illuminate\\Foundation\\Http\\Middleware\\ConvertEmptyStringsToNull.php(31): Illuminate\\Foundation\\Http\\Middleware\\TransformsRequest->handle(Object(Illuminate\\Http\\Request), Object(Closure))
#36 C:\\Users\\AMIN\\Desktop\\bigstore\\vendor\\laravel\\framework\\src\\Illuminate\\Pipeline\\Pipeline.php(183): Illuminate\\Foundation\\Http\\Middleware\\ConvertEmptyStringsToNull->handle(Object(Illuminate\\Http\\Request), Object(Closure))
#37 C:\\Users\\AMIN\\Desktop\\bigstore\\vendor\\laravel\\framework\\src\\Illuminate\\Foundation\\Http\\Middleware\\TransformsRequest.php(21): Illuminate\\Pipeline\\Pipeline->Illuminate\\Pipeline\\{closure}(Object(Illuminate\\Http\\Request))
#38 C:\\Users\\AMIN\\Desktop\\bigstore\\vendor\\laravel\\framework\\src\\Illuminate\\Foundation\\Http\\Middleware\\TrimStrings.php(40): Illuminate\\Foundation\\Http\\Middleware\\TransformsRequest->handle(Object(Illuminate\\Http\\Request), Object(Closure))
#39 C:\\Users\\AMIN\\Desktop\\bigstore\\vendor\\laravel\\framework\\src\\Illuminate\\Pipeline\\Pipeline.php(183): Illuminate\\Foundation\\Http\\Middleware\\TrimStrings->handle(Object(Illuminate\\Http\\Request), Object(Closure))
#40 C:\\Users\\AMIN\\Desktop\\bigstore\\vendor\\laravel\\framework\\src\\Illuminate\\Foundation\\Http\\Middleware\\ValidatePostSize.php(27): Illuminate\\Pipeline\\Pipeline->Illuminate\\Pipeline\\{closure}(Object(Illuminate\\Http\\Request))
#41 C:\\Users\\AMIN\\Desktop\\bigstore\\vendor\\laravel\\framework\\src\\Illuminate\\Pipeline\\Pipeline.php(183): Illuminate\\Foundation\\Http\\Middleware\\ValidatePostSize->handle(Object(Illuminate\\Http\\Request), Object(Closure))
#42 C:\\Users\\AMIN\\Desktop\\bigstore\\vendor\\laravel\\framework\\src\\Illuminate\\Foundation\\Http\\Middleware\\PreventRequestsDuringMaintenance.php(99): Illuminate\\Pipeline\\Pipeline->Illuminate\\Pipeline\\{closure}(Object(Illuminate\\Http\\Request))
#43 C:\\Users\\AMIN\\Desktop\\bigstore\\vendor\\laravel\\framework\\src\\Illuminate\\Pipeline\\Pipeline.php(183): Illuminate\\Foundation\\Http\\Middleware\\PreventRequestsDuringMaintenance->handle(Object(Illuminate\\Http\\Request), Object(Closure))
#44 C:\\Users\\AMIN\\Desktop\\bigstore\\vendor\\laravel\\framework\\src\\Illuminate\\Http\\Middleware\\HandleCors.php(49): Illuminate\\Pipeline\\Pipeline->Illuminate\\Pipeline\\{closure}(Object(Illuminate\\Http\\Request))
#45 C:\\Users\\AMIN\\Desktop\\bigstore\\vendor\\laravel\\framework\\src\\Illuminate\\Pipeline\\Pipeline.php(183): Illuminate\\Http\\Middleware\\HandleCors->handle(Object(Illuminate\\Http\\Request), Object(Closure))
#46 C:\\Users\\AMIN\\Desktop\\bigstore\\vendor\\laravel\\framework\\src\\Illuminate\\Http\\Middleware\\TrustProxies.php(39): Illuminate\\Pipeline\\Pipeline->Illuminate\\Pipeline\\{closure}(Object(Illuminate\\Http\\Request))
#47 C:\\Users\\AMIN\\Desktop\\bigstore\\vendor\\laravel\\framework\\src\\Illuminate\\Pipeline\\Pipeline.php(183): Illuminate\\Http\\Middleware\\TrustProxies->handle(Object(Illuminate\\Http\\Request), Object(Closure))
#48 C:\\Users\\AMIN\\Desktop\\bigstore\\vendor\\laravel\\framework\\src\\Illuminate\\Pipeline\\Pipeline.php(119): Illuminate\\Pipeline\\Pipeline->Illuminate\\Pipeline\\{closure}(Object(Illuminate\\Http\\Request))
#49 C:\\Users\\AMIN\\Desktop\\bigstore\\vendor\\laravel\\framework\\src\\Illuminate\\Foundation\\Http\\Kernel.php(175): Illuminate\\Pipeline\\Pipeline->then(Object(Closure))
#50 C:\\Users\\AMIN\\Desktop\\bigstore\\vendor\\laravel\\framework\\src\\Illuminate\\Foundation\\Http\\Kernel.php(144): Illuminate\\Foundation\\Http\\Kernel->sendRequestThroughRouter(Object(Illuminate\\Http\\Request))
#51 C:\\Users\\AMIN\\Desktop\\bigstore\\public\\index.php(51): Illuminate\\Foundation\\Http\\Kernel->handle(Object(Illuminate\\Http\\Request))
#52 C:\\Users\\AMIN\\Desktop\\bigstore\\vendor\\laravel\\framework\\src\\Illuminate\\Foundation\\resources\\server.php(16): require_once('C:\\\\Users\\\\AMIN\\\\D...')
#53 {main}
"} 
[2026-07-16 00:52:29] local.ERROR: Cannot redeclare province_name() (previously declared in C:\Users\AMIN\Desktop\bigstore\app\helpers.php:7) {"exception":"[object] (Symfony\\Component\\ErrorHandler\\Error\\FatalError(code: 0): Cannot redeclare province_name() (previously declared in C:\\Users\\AMIN\\Desktop\\bigstore\\app\\helpers.php:7) at C:\\Users\\AMIN\\Desktop\\bigstore\\app\\helpers.php:9)
[stacktrace]
#0 {main}
"} 
[2026-07-16 00:52:52] local.ERROR: View [front.layouts.master] not found. (View: C:\Users\AMIN\Desktop\bigstore\resources\views\front\blog\show.blade.php) {"userId":1,"exception":"[object] (Illuminate\\View\\ViewException(code: 0): View [front.layouts.master] not found. (View: C:\\Users\\AMIN\\Desktop\\bigstore\\resources\\views\\front\\blog\\show.blade.php) at C:\\Users\\AMIN\\Desktop\\bigstore\\vendor\\laravel\\framework\\src\\Illuminate\\View\\FileViewFinder.php:137)
[stacktrace]
#0 C:\\Users\\AMIN\\Desktop\\bigstore\\vendor\\livewire\\livewire\\src\\ComponentConcerns\\RendersLivewireComponents.php(106): Illuminate\\View\\Engines\\CompilerEngine->handleViewException(Object(InvalidArgumentException), 1)
#1 C:\\Users\\AMIN\\Desktop\\bigstore\\vendor\\laravel\\framework\\src\\Illuminate\\View\\Engines\\PhpEngine.php(60): Livewire\\LivewireViewCompilerEngine->handleViewException(Object(InvalidArgumentException), 1)
#2 C:\\Users\\AMIN\\Desktop\\bigstore\\vendor\\livewire\\livewire\\src\\ComponentConcerns\\RendersLivewireComponents.php(69): Illuminate\\View\\Engines\\PhpEngine->evaluatePath('C:\\\\Users\\\\AMIN\\\\D...', Array)
#3 C:\\Users\\AMIN\\Desktop\\bigstore\\vendor\\laravel\\framework\\src\\Illuminate\\View\\Engines\\CompilerEngine.php(72): Livewire\\LivewireViewCompilerEngine->evaluatePath('C:\\\\Users\\\\AMIN\\\\D...', Array)
#4 C:\\Users\\AMIN\\Desktop\\bigstore\\vendor\\livewire\\livewire\\src\\ComponentConcerns\\RendersLivewireComponents.php(35): Illuminate\\View\\Engines\\CompilerEngine->get('C:\\\\Users\\\\AMIN\\\\D...', Array)
#5 C:\\Users\\AMIN\\Desktop\\bigstore\\vendor\\laravel\\framework\\src\\Illuminate\\View\\View.php(207): Livewire\\LivewireViewCompilerEngine->get('C:\\\\Users\\\\AMIN\\\\D...', Array)
#6 C:\\Users\\AMIN\\Desktop\\bigstore\\vendor\\laravel\\framework\\src\\Illuminate\\View\\View.php(190): Illuminate\\View\\View->getContents()
#7 C:\\Users\\AMIN\\Desktop\\bigstore\\vendor\\laravel\\framework\\src\\Illuminate\\View\\View.php(159): Illuminate\\View\\View->renderContents()
#8 C:\\Users\\AMIN\\Desktop\\bigstore\\vendor\\laravel\\framework\\src\\Illuminate\\Http\\Response.php(69): Illuminate\\View\\View->render()
#9 C:\\Users\\AMIN\\Desktop\\bigstore\\vendor\\laravel\\framework\\src\\Illuminate\\Http\\Response.php(35): Illuminate\\Http\\Response->setContent(Object(Illuminate\\View\\View))
#10 C:\\Users\\AMIN\\Desktop\\bigstore\\vendor\\laravel\\framework\\src\\Illuminate\\Routing\\Router.php(918): Illuminate\\Http\\Response->__construct(Object(Illuminate\\View\\View), 200, Array)
#11 C:\\Users\\AMIN\\Desktop\\bigstore\\vendor\\laravel\\framework\\src\\Illuminate\\Routing\\Router.php(885): Illuminate\\Routing\\Router::toResponse(Object(Illuminate\\Http\\Request), Object(Illuminate\\View\\View))
#12 C:\\Users\\AMIN\\Desktop\\bigstore\\vendor\\laravel\\framework\\src\\Illuminate\\Routing\\Router.php(805): Illuminate\\Routing\\Router->prepareResponse(Object(Illuminate\\Http\\Request), Object(Illuminate\\View\\View))
#13 C:\\Users\\AMIN\\Desktop\\bigstore\\vendor\\laravel\\framework\\src\\Illuminate\\Pipeline\\Pipeline.php(144): Illuminate\\Routing\\Router->Illuminate\\Routing\\{closure}(Object(Illuminate\\Http\\Request))
#14 C:\\Users\\AMIN\\Desktop\\bigstore\\vendor\\php-flasher\\flasher-laravel\\Middleware\\FlasherMiddleware.php(34): Illuminate\\Pipeline\\Pipeline->Illuminate\\Pipeline\\{closure}(Object(Illuminate\\Http\\Request))
#15 C:\\Users\\AMIN\\Desktop\\bigstore\\vendor\\laravel\\framework\\src\\Illuminate\\Pipeline\\Pipeline.php(183): Flasher\\Laravel\\Middleware\\FlasherMiddleware->handle(Object(Illuminate\\Http\\Request), Object(Closure))
#16 C:\\Users\\AMIN\\Desktop\\bigstore\\vendor\\php-flasher\\flasher-laravel\\Middleware\\SessionMiddleware.php(34): Illuminate\\Pipeline\\Pipeline->Illuminate\\Pipeline\\{closure}(Object(Illuminate\\Http\\Request))
#17 C:\\Users\\AMIN\\Desktop\\bigstore\\vendor\\laravel\\framework\\src\\Illuminate\\Pipeline\\Pipeline.php(183): Flasher\\Laravel\\Middleware\\SessionMiddleware->handle(Object(Illuminate\\Http\\Request), Object(Closure))
#18 C:\\Users\\AMIN\\Desktop\\bigstore\\vendor\\laravel\\framework\\src\\Illuminate\\Routing\\Middleware\\SubstituteBindings.php(50): Illuminate\\Pipeline\\Pipeline->Illuminate\\Pipeline\\{closure}(Object(Illuminate\\Http\\Request))
#19 C:\\Users\\AMIN\\Desktop\\bigstore\\vendor\\laravel\\framework\\src\\Illuminate\\Pipeline\\Pipeline.php(183): Illuminate\\Routing\\Middleware\\SubstituteBindings->handle(Object(Illuminate\\Http\\Request), Object(Closure))
#20 C:\\Users\\AMIN\\Desktop\\bigstore\\vendor\\laravel\\framework\\src\\Illuminate\\Foundation\\Http\\Middleware\\VerifyCsrfToken.php(78): Illuminate\\Pipeline\\Pipeline->Illuminate\\Pipeline\\{closure}(Object(Illuminate\\Http\\Request))
#21 C:\\Users\\AMIN\\Desktop\\bigstore\\vendor\\laravel\\framework\\src\\Illuminate\\Pipeline\\Pipeline.php(183): Illuminate\\Foundation\\Http\\Middleware\\VerifyCsrfToken->handle(Object(Illuminate\\Http\\Request), Object(Closure))
#22 C:\\Users\\AMIN\\Desktop\\bigstore\\vendor\\laravel\\framework\\src\\Illuminate\\View\\Middleware\\ShareErrorsFromSession.php(49): Illuminate\\Pipeline\\Pipeline->Illuminate\\Pipeline\\{closure}(Object(Illuminate\\Http\\Request))
#23 C:\\Users\\AMIN\\Desktop\\bigstore\\vendor\\laravel\\framework\\src\\Illuminate\\Pipeline\\Pipeline.php(183): Illuminate\\View\\Middleware\\ShareErrorsFromSession->handle(Object(Illuminate\\Http\\Request), Object(Closure))
#24 C:\\Users\\AMIN\\Desktop\\bigstore\\vendor\\laravel\\framework\\src\\Illuminate\\Session\\Middleware\\StartSession.php(121): Illuminate\\Pipeline\\Pipeline->Illuminate\\Pipeline\\{closure}(Object(Illuminate\\Http\\Request))
#25 C:\\Users\\AMIN\\Desktop\\bigstore\\vendor\\laravel\\framework\\src\\Illuminate\\Session\\Middleware\\StartSession.php(64): Illuminate\\Session\\Middleware\\StartSession->handleStatefulRequest(Object(Illuminate\\Http\\Request), Object(Illuminate\\Session\\Store), Object(Closure))
#26 C:\\Users\\AMIN\\Desktop\\bigstore\\vendor\\laravel\\framework\\src\\Illuminate\\Pipeline\\Pipeline.php(183): Illuminate\\Session\\Middleware\\StartSession->handle(Object(Illuminate\\Http\\Request), Object(Closure))
#27 C:\\Users\\AMIN\\Desktop\\bigstore\\vendor\\laravel\\framework\\src\\Illuminate\\Cookie\\Middleware\\AddQueuedCookiesToResponse.php(37): Illuminate\\Pipeline\\Pipeline->Illuminate\\Pipeline\\{closure}(Object(Illuminate\\Http\\Request))
#28 C:\\Users\\AMIN\\Desktop\\bigstore\\vendor\\laravel\\framework\\src\\Illuminate\\Pipeline\\Pipeline.php(183): Illuminate\\Cookie\\Middleware\\AddQueuedCookiesToResponse->handle(Object(Illuminate\\Http\\Request), Object(Closure))
#29 C:\\Users\\AMIN\\Desktop\\bigstore\\vendor\\laravel\\framework\\src\\Illuminate\\Cookie\\Middleware\\EncryptCookies.php(67): Illuminate\\Pipeline\\Pipeline->Illuminate\\Pipeline\\{closure}(Object(Illuminate\\Http\\Request))
#30 C:\\Users\\AMIN\\Desktop\\bigstore\\vendor\\laravel\\framework\\src\\Illuminate\\Pipeline\\Pipeline.php(183): Illuminate\\Cookie\\Middleware\\EncryptCookies->handle(Object(Illuminate\\Http\\Request), Object(Closure))
#31 C:\\Users\\AMIN\\Desktop\\bigstore\\vendor\\laravel\\framework\\src\\Illuminate\\Pipeline\\Pipeline.php(119): Illuminate\\Pipeline\\Pipeline->Illuminate\\Pipeline\\{closure}(Object(Illuminate\\Http\\Request))
#32 C:\\Users\\AMIN\\Desktop\\bigstore\\vendor\\laravel\\framework\\src\\Illuminate\\Routing\\Router.php(805): Illuminate\\Pipeline\\Pipeline->then(Object(Closure))
#33 C:\\Users\\AMIN\\Desktop\\bigstore\\vendor\\laravel\\framework\\src\\Illuminate\\Routing\\Router.php(784): Illuminate\\Routing\\Router->runRouteWithinStack(Object(Illuminate\\Routing\\Route), Object(Illuminate\\Http\\Request))
#34 C:\\Users\\AMIN\\Desktop\\bigstore\\vendor\\laravel\\framework\\src\\Illuminate\\Routing\\Router.php(748): Illuminate\\Routing\\Router->runRoute(Object(Illuminate\\Http\\Request), Object(Illuminate\\Routing\\Route))
#35 C:\\Users\\AMIN\\Desktop\\bigstore\\vendor\\laravel\\framework\\src\\Illuminate\\Routing\\Router.php(737): Illuminate\\Routing\\Router->dispatchToRoute(Object(Illuminate\\Http\\Request))
#36 C:\\Users\\AMIN\\Desktop\\bigstore\\vendor\\laravel\\framework\\src\\Illuminate\\Foundation\\Http\\Kernel.php(200): Illuminate\\Routing\\Router->dispatch(Object(Illuminate\\Http\\Request))
#37 C:\\Users\\AMIN\\Desktop\\bigstore\\vendor\\laravel\\framework\\src\\Illuminate\\Pipeline\\Pipeline.php(144): Illuminate\\Foundation\\Http\\Kernel->Illuminate\\Foundation\\Http\\{closure}(Object(Illuminate\\Http\\Request))
#38 C:\\Users\\AMIN\\Desktop\\bigstore\\vendor\\livewire\\livewire\\src\\DisableBrowserCache.php(19): Illuminate\\Pipeline\\Pipeline->Illuminate\\Pipeline\\{closure}(Object(Illuminate\\Http\\Request))
#39 C:\\Users\\AMIN\\Desktop\\bigstore\\vendor\\laravel\\framework\\src\\Illuminate\\Pipeline\\Pipeline.php(183): Livewire\\DisableBrowserCache->handle(Object(Illuminate\\Http\\Request), Object(Closure))
#40 C:\\Users\\AMIN\\Desktop\\bigstore\\vendor\\laravel\\framework\\src\\Illuminate\\Foundation\\Http\\Middleware\\TransformsRequest.php(21): Illuminate\\Pipeline\\Pipeline->Illuminate\\Pipeline\\{closure}(Object(Illuminate\\Http\\Request))
#41 C:\\Users\\AMIN\\Desktop\\bigstore\\vendor\\laravel\\framework\\src\\Illuminate\\Foundation\\Http\\Middleware\\ConvertEmptyStringsToNull.php(31): Illuminate\\Foundation\\Http\\Middleware\\TransformsRequest->handle(Object(Illuminate\\Http\\Request), Object(Closure))
#42 C:\\Users\\AMIN\\Desktop\\bigstore\\vendor\\laravel\\framework\\src\\Illuminate\\Pipeline\\Pipeline.php(183): Illuminate\\Foundation\\Http\\Middleware\\ConvertEmptyStringsToNull->handle(Object(Illuminate\\Http\\Request), Object(Closure))
#43 C:\\Users\\AMIN\\Desktop\\bigstore\\vendor\\laravel\\framework\\src\\Illuminate\\Foundation\\Http\\Middleware\\TransformsRequest.php(21): Illuminate\\Pipeline\\Pipeline->Illuminate\\Pipeline\\{closure}(Object(Illuminate\\Http\\Request))
#44 C:\\Users\\AMIN\\Desktop\\bigstore\\vendor\\laravel\\framework\\src\\Illuminate\\Foundation\\Http\\Middleware\\TrimStrings.php(40): Illuminate\\Foundation\\Http\\Middleware\\TransformsRequest->handle(Object(Illuminate\\Http\\Request), Object(Closure))
#45 C:\\Users\\AMIN\\Desktop\\bigstore\\vendor\\laravel\\framework\\src\\Illuminate\\Pipeline\\Pipeline.php(183): Illuminate\\Foundation\\Http\\Middleware\\TrimStrings->handle(Object(Illuminate\\Http\\Request), Object(Closure))
#46 C:\\Users\\AMIN\\Desktop\\bigstore\\vendor\\laravel\\framework\\src\\Illuminate\\Foundation\\Http\\Middleware\\ValidatePostSize.php(27): Illuminate\\Pipeline\\Pipeline->Illuminate\\Pipeline\\{closure}(Object(Illuminate\\Http\\Request))
#47 C:\\Users\\AMIN\\Desktop\\bigstore\\vendor\\laravel\\framework\\src\\Illuminate\\Pipeline\\Pipeline.php(183): Illuminate\\Foundation\\Http\\Middleware\\ValidatePostSize->handle(Object(Illuminate\\Http\\Request), Object(Closure))
#48 C:\\Users\\AMIN\\Desktop\\bigstore\\vendor\\laravel\\framework\\src\\Illuminate\\Foundation\\Http\\Middleware\\PreventRequestsDuringMaintenance.php(99): Illuminate\\Pipeline\\Pipeline->Illuminate\\Pipeline\\{closure}(Object(Illuminate\\Http\\Request))
#49 C:\\Users\\AMIN\\Desktop\\bigstore\\vendor\\laravel\\framework\\src\\Illuminate\\Pipeline\\Pipeline.php(183): Illuminate\\Foundation\\Http\\Middleware\\PreventRequestsDuringMaintenance->handle(Object(Illuminate\\Http\\Request), Object(Closure))
#50 C:\\Users\\AMIN\\Desktop\\bigstore\\vendor\\laravel\\framework\\src\\Illuminate\\Http\\Middleware\\HandleCors.php(49): Illuminate\\Pipeline\\Pipeline->Illuminate\\Pipeline\\{closure}(Object(Illuminate\\Http\\Request))
#51 C:\\Users\\AMIN\\Desktop\\bigstore\\vendor\\laravel\\framework\\src\\Illuminate\\Pipeline\\Pipeline.php(183): Illuminate\\Http\\Middleware\\HandleCors->handle(Object(Illuminate\\Http\\Request), Object(Closure))
#52 C:\\Users\\AMIN\\Desktop\\bigstore\\vendor\\laravel\\framework\\src\\Illuminate\\Http\\Middleware\\TrustProxies.php(39): Illuminate\\Pipeline\\Pipeline->Illuminate\\Pipeline\\{closure}(Object(Illuminate\\Http\\Request))
#53 C:\\Users\\AMIN\\Desktop\\bigstore\\vendor\\laravel\\framework\\src\\Illuminate\\Pipeline\\Pipeline.php(183): Illuminate\\Http\\Middleware\\TrustProxies->handle(Object(Illuminate\\Http\\Request), Object(Closure))
#54 C:\\Users\\AMIN\\Desktop\\bigstore\\vendor\\laravel\\framework\\src\\Illuminate\\Pipeline\\Pipeline.php(119): Illuminate\\Pipeline\\Pipeline->Illuminate\\Pipeline\\{closure}(Object(Illuminate\\Http\\Request))
#55 C:\\Users\\AMIN\\Desktop\\bigstore\\vendor\\laravel\\framework\\src\\Illuminate\\Foundation\\Http\\Kernel.php(175): Illuminate\\Pipeline\\Pipeline->then(Object(Closure))
#56 C:\\Users\\AMIN\\Desktop\\bigstore\\vendor\\laravel\\framework\\src\\Illuminate\\Foundation\\Http\\Kernel.php(144): Illuminate\\Foundation\\Http\\Kernel->sendRequestThroughRouter(Object(Illuminate\\Http\\Request))
#57 C:\\Users\\AMIN\\Desktop\\bigstore\\public\\index.php(51): Illuminate\\Foundation\\Http\\Kernel->handle(Object(Illuminate\\Http\\Request))
#58 C:\\Users\\AMIN\\Desktop\\bigstore\\vendor\\laravel\\framework\\src\\Illuminate\\Foundation\\resources\\server.php(16): require_once('C:\\\\Users\\\\AMIN\\\\D...')
#59 {main}

[previous exception] [object] (InvalidArgumentException(code: 0): View [front.layouts.master] not found. at C:\\Users\\AMIN\\Desktop\\bigstore\\vendor\\laravel\\framework\\src\\Illuminate\\View\\FileViewFinder.php:137)
[stacktrace]
#0 C:\\Users\\AMIN\\Desktop\\bigstore\\vendor\\laravel\\framework\\src\\Illuminate\\View\\FileViewFinder.php(79): Illuminate\\View\\FileViewFinder->findInPaths('front.layouts.m...', Array)
#1 C:\\Users\\AMIN\\Desktop\\bigstore\\vendor\\laravel\\framework\\src\\Illuminate\\View\\Factory.php(137): Illuminate\\View\\FileViewFinder->find('front.layouts.m...')
#2 C:\\Users\\AMIN\\Desktop\\bigstore\\storage\\framework\\views\\0ac35e1c1bbffd0a840e186b9ba9f662.php(205): Illuminate\\View\\Factory->make('front.layouts.m...', Array)
#3 C:\\Users\\AMIN\\Desktop\\bigstore\\vendor\\laravel\\framework\\src\\Illuminate\\Filesystem\\Filesystem.php(123): require('C:\\\\Users\\\\AMIN\\\\D...')
#4 C:\\Users\\AMIN\\Desktop\\bigstore\\vendor\\laravel\\framework\\src\\Illuminate\\Filesystem\\Filesystem.php(124): Illuminate\\Filesystem\\Filesystem::Illuminate\\Filesystem\\{closure}()
#5 C:\\Users\\AMIN\\Desktop\\bigstore\\vendor\\laravel\\framework\\src\\Illuminate\\View\\Engines\\PhpEngine.php(58): Illuminate\\Filesystem\\Filesystem->getRequire('C:\\\\Users\\\\AMIN\\\\D...', Array)
#6 C:\\Users\\AMIN\\Desktop\\bigstore\\vendor\\livewire\\livewire\\src\\ComponentConcerns\\RendersLivewireComponents.php(69): Illuminate\\View\\Engines\\PhpEngine->evaluatePath('C:\\\\Users\\\\AMIN\\\\D...', Array)
#7 C:\\Users\\AMIN\\Desktop\\bigstore\\vendor\\laravel\\framework\\src\\Illuminate\\View\\Engines\\CompilerEngine.php(72): Livewire\\LivewireViewCompilerEngine->evaluatePath('C:\\\\Users\\\\AMIN\\\\D...', Array)
#8 C:\\Users\\AMIN\\Desktop\\bigstore\\vendor\\livewire\\livewire\\src\\ComponentConcerns\\RendersLivewireComponents.php(35): Illuminate\\View\\Engines\\CompilerEngine->get('C:\\\\Users\\\\AMIN\\\\D...', Array)
#9 C:\\Users\\AMIN\\Desktop\\bigstore\\vendor\\laravel\\framework\\src\\Illuminate\\View\\View.php(207): Livewire\\LivewireViewCompilerEngine->get('C:\\\\Users\\\\AMIN\\\\D...', Array)
#10 C:\\Users\\AMIN\\Desktop\\bigstore\\vendor\\laravel\\framework\\src\\Illuminate\\View\\View.php(190): Illuminate\\View\\View->getContents()
#11 C:\\Users\\AMIN\\Desktop\\bigstore\\vendor\\laravel\\framework\\src\\Illuminate\\View\\View.php(159): Illuminate\\View\\View->renderContents()
#12 C:\\Users\\AMIN\\Desktop\\bigstore\\vendor\\laravel\\framework\\src\\Illuminate\\Http\\Response.php(69): Illuminate\\View\\View->render()
#13 C:\\Users\\AMIN\\Desktop\\bigstore\\vendor\\laravel\\framework\\src\\Illuminate\\Http\\Response.php(35): Illuminate\\Http\\Response->setContent(Object(Illuminate\\View\\View))
#14 C:\\Users\\AMIN\\Desktop\\bigstore\\vendor\\laravel\\framework\\src\\Illuminate\\Routing\\Router.php(918): Illuminate\\Http\\Response->__construct(Object(Illuminate\\View\\View), 200, Array)
#15 C:\\Users\\AMIN\\Desktop\\bigstore\\vendor\\laravel\\framework\\src\\Illuminate\\Routing\\Router.php(885): Illuminate\\Routing\\Router::toResponse(Object(Illuminate\\Http\\Request), Object(Illuminate\\View\\View))
#16 C:\\Users\\AMIN\\Desktop\\bigstore\\vendor\\laravel\\framework\\src\\Illuminate\\Routing\\Router.php(805): Illuminate\\Routing\\Router->prepareResponse(Object(Illuminate\\Http\\Request), Object(Illuminate\\View\\View))
#17 C:\\Users\\AMIN\\Desktop\\bigstore\\vendor\\laravel\\framework\\src\\Illuminate\\Pipeline\\Pipeline.php(144): Illuminate\\Routing\\Router->Illuminate\\Routing\\{closure}(Object(Illuminate\\Http\\Request))
#18 C:\\Users\\AMIN\\Desktop\\bigstore\\vendor\\php-flasher\\flasher-laravel\\Middleware\\FlasherMiddleware.php(34): Illuminate\\Pipeline\\Pipeline->Illuminate\\Pipeline\\{closure}(Object(Illuminate\\Http\\Request))
#19 C:\\Users\\AMIN\\Desktop\\bigstore\\vendor\\laravel\\framework\\src\\Illuminate\\Pipeline\\Pipeline.php(183): Flasher\\Laravel\\Middleware\\FlasherMiddleware->handle(Object(Illuminate\\Http\\Request), Object(Closure))
#20 C:\\Users\\AMIN\\Desktop\\bigstore\\vendor\\php-flasher\\flasher-laravel\\Middleware\\SessionMiddleware.php(34): Illuminate\\Pipeline\\Pipeline->Illuminate\\Pipeline\\{closure}(Object(Illuminate\\Http\\Request))
#21 C:\\Users\\AMIN\\Desktop\\bigstore\\vendor\\laravel\\framework\\src\\Illuminate\\Pipeline\\Pipeline.php(183): Flasher\\Laravel\\Middleware\\SessionMiddleware->handle(Object(Illuminate\\Http\\Request), Object(Closure))
#22 C:\\Users\\AMIN\\Desktop\\bigstore\\vendor\\laravel\\framework\\src\\Illuminate\\Routing\\Middleware\\SubstituteBindings.php(50): Illuminate\\Pipeline\\Pipeline->Illuminate\\Pipeline\\{closure}(Object(Illuminate\\Http\\Request))
#23 C:\\Users\\AMIN\\Desktop\\bigstore\\vendor\\laravel\\framework\\src\\Illuminate\\Pipeline\\Pipeline.php(183): Illuminate\\Routing\\Middleware\\SubstituteBindings->handle(Object(Illuminate\\Http\\Request), Object(Closure))
#24 C:\\Users\\AMIN\\Desktop\\bigstore\\vendor\\laravel\\framework\\src\\Illuminate\\Foundation\\Http\\Middleware\\VerifyCsrfToken.php(78): Illuminate\\Pipeline\\Pipeline->Illuminate\\Pipeline\\{closure}(Object(Illuminate\\Http\\Request))
#25 C:\\Users\\AMIN\\Desktop\\bigstore\\vendor\\laravel\\framework\\src\\Illuminate\\Pipeline\\Pipeline.php(183): Illuminate\\Foundation\\Http\\Middleware\\VerifyCsrfToken->handle(Object(Illuminate\\Http\\Request), Object(Closure))
#26 C:\\Users\\AMIN\\Desktop\\bigstore\\vendor\\laravel\\framework\\src\\Illuminate\\View\\Middleware\\ShareErrorsFromSession.php(49): Illuminate\\Pipeline\\Pipeline->Illuminate\\Pipeline\\{closure}(Object(Illuminate\\Http\\Request))
#27 C:\\Users\\AMIN\\Desktop\\bigstore\\vendor\\laravel\\framework\\src\\Illuminate\\Pipeline\\Pipeline.php(183): Illuminate\\View\\Middleware\\ShareErrorsFromSession->handle(Object(Illuminate\\Http\\Request), Object(Closure))
#28 C:\\Users\\AMIN\\Desktop\\bigstore\\vendor\\laravel\\framework\\src\\Illuminate\\Session\\Middleware\\StartSession.php(121): Illuminate\\Pipeline\\Pipeline->Illuminate\\Pipeline\\{closure}(Object(Illuminate\\Http\\Request))
#29 C:\\Users\\AMIN\\Desktop\\bigstore\\vendor\\laravel\\framework\\src\\Illuminate\\Session\\Middleware\\StartSession.php(64): Illuminate\\Session\\Middleware\\StartSession->handleStatefulRequest(Object(Illuminate\\Http\\Request), Object(Illuminate\\Session\\Store), Object(Closure))
#30 C:\\Users\\AMIN\\Desktop\\bigstore\\vendor\\laravel\\framework\\src\\Illuminate\\Pipeline\\Pipeline.php(183): Illuminate\\Session\\Middleware\\StartSession->handle(Object(Illuminate\\Http\\Request), Object(Closure))
#31 C:\\Users\\AMIN\\Desktop\\bigstore\\vendor\\laravel\\framework\\src\\Illuminate\\Cookie\\Middleware\\AddQueuedCookiesToResponse.php(37): Illuminate\\Pipeline\\Pipeline->Illuminate\\Pipeline\\{closure}(Object(Illuminate\\Http\\Request))
#32 C:\\Users\\AMIN\\Desktop\\bigstore\\vendor\\laravel\\framework\\src\\Illuminate\\Pipeline\\Pipeline.php(183): Illuminate\\Cookie\\Middleware\\AddQueuedCookiesToResponse->handle(Object(Illuminate\\Http\\Request), Object(Closure))
#33 C:\\Users\\AMIN\\Desktop\\bigstore\\vendor\\laravel\\framework\\src\\Illuminate\\Cookie\\Middleware\\EncryptCookies.php(67): Illuminate\\Pipeline\\Pipeline->Illuminate\\Pipeline\\{closure}(Object(Illuminate\\Http\\Request))
#34 C:\\Users\\AMIN\\Desktop\\bigstore\\vendor\\laravel\\framework\\src\\Illuminate\\Pipeline\\Pipeline.php(183): Illuminate\\Cookie\\Middleware\\EncryptCookies->handle(Object(Illuminate\\Http\\Request), Object(Closure))
#35 C:\\Users\\AMIN\\Desktop\\bigstore\\vendor\\laravel\\framework\\src\\Illuminate\\Pipeline\\Pipeline.php(119): Illuminate\\Pipeline\\Pipeline->Illuminate\\Pipeline\\{closure}(Object(Illuminate\\Http\\Request))
#36 C:\\Users\\AMIN\\Desktop\\bigstore\\vendor\\laravel\\framework\\src\\Illuminate\\Routing\\Router.php(805): Illuminate\\Pipeline\\Pipeline->then(Object(Closure))
#37 C:\\Users\\AMIN\\Desktop\\bigstore\\vendor\\laravel\\framework\\src\\Illuminate\\Routing\\Router.php(784): Illuminate\\Routing\\Router->runRouteWithinStack(Object(Illuminate\\Routing\\Route), Object(Illuminate\\Http\\Request))
#38 C:\\Users\\AMIN\\Desktop\\bigstore\\vendor\\laravel\\framework\\src\\Illuminate\\Routing\\Router.php(748): Illuminate\\Routing\\Router->runRoute(Object(Illuminate\\Http\\Request), Object(Illuminate\\Routing\\Route))
#39 C:\\Users\\AMIN\\Desktop\\bigstore\\vendor\\laravel\\framework\\src\\Illuminate\\Routing\\Router.php(737): Illuminate\\Routing\\Router->dispatchToRoute(Object(Illuminate\\Http\\Request))
#40 C:\\Users\\AMIN\\Desktop\\bigstore\\vendor\\laravel\\framework\\src\\Illuminate\\Foundation\\Http\\Kernel.php(200): Illuminate\\Routing\\Router->dispatch(Object(Illuminate\\Http\\Request))
#41 C:\\Users\\AMIN\\Desktop\\bigstore\\vendor\\laravel\\framework\\src\\Illuminate\\Pipeline\\Pipeline.php(144): Illuminate\\Foundation\\Http\\Kernel->Illuminate\\Foundation\\Http\\{closure}(Object(Illuminate\\Http\\Request))
#42 C:\\Users\\AMIN\\Desktop\\bigstore\\vendor\\livewire\\livewire\\src\\DisableBrowserCache.php(19): Illuminate\\Pipeline\\Pipeline->Illuminate\\Pipeline\\{closure}(Object(Illuminate\\Http\\Request))
#43 C:\\Users\\AMIN\\Desktop\\bigstore\\vendor\\laravel\\framework\\src\\Illuminate\\Pipeline\\Pipeline.php(183): Livewire\\DisableBrowserCache->handle(Object(Illuminate\\Http\\Request), Object(Closure))
#44 C:\\Users\\AMIN\\Desktop\\bigstore\\vendor\\laravel\\framework\\src\\Illuminate\\Foundation\\Http\\Middleware\\TransformsRequest.php(21): Illuminate\\Pipeline\\Pipeline->Illuminate\\Pipeline\\{closure}(Object(Illuminate\\Http\\Request))
#45 C:\\Users\\AMIN\\Desktop\\bigstore\\vendor\\laravel\\framework\\src\\Illuminate\\Foundation\\Http\\Middleware\\ConvertEmptyStringsToNull.php(31): Illuminate\\Foundation\\Http\\Middleware\\TransformsRequest->handle(Object(Illuminate\\Http\\Request), Object(Closure))
#46 C:\\Users\\AMIN\\Desktop\\bigstore\\vendor\\laravel\\framework\\src\\Illuminate\\Pipeline\\Pipeline.php(183): Illuminate\\Foundation\\Http\\Middleware\\ConvertEmptyStringsToNull->handle(Object(Illuminate\\Http\\Request), Object(Closure))
#47 C:\\Users\\AMIN\\Desktop\\bigstore\\vendor\\laravel\\framework\\src\\Illuminate\\Foundation\\Http\\Middleware\\TransformsRequest.php(21): Illuminate\\Pipeline\\Pipeline->Illuminate\\Pipeline\\{closure}(Object(Illuminate\\Http\\Request))
#48 C:\\Users\\AMIN\\Desktop\\bigstore\\vendor\\laravel\\framework\\src\\Illuminate\\Foundation\\Http\\Middleware\\TrimStrings.php(40): Illuminate\\Foundation\\Http\\Middleware\\TransformsRequest->handle(Object(Illuminate\\Http\\Request), Object(Closure))
#49 C:\\Users\\AMIN\\Desktop\\bigstore\\vendor\\laravel\\framework\\src\\Illuminate\\Pipeline\\Pipeline.php(183): Illuminate\\Foundation\\Http\\Middleware\\TrimStrings->handle(Object(Illuminate\\Http\\Request), Object(Closure))
#50 C:\\Users\\AMIN\\Desktop\\bigstore\\vendor\\laravel\\framework\\src\\Illuminate\\Foundation\\Http\\Middleware\\ValidatePostSize.php(27): Illuminate\\Pipeline\\Pipeline->Illuminate\\Pipeline\\{closure}(Object(Illuminate\\Http\\Request))
#51 C:\\Users\\AMIN\\Desktop\\bigstore\\vendor\\laravel\\framework\\src\\Illuminate\\Pipeline\\Pipeline.php(183): Illuminate\\Foundation\\Http\\Middleware\\ValidatePostSize->handle(Object(Illuminate\\Http\\Request), Object(Closure))
#52 C:\\Users\\AMIN\\Desktop\\bigstore\\vendor\\laravel\\framework\\src\\Illuminate\\Foundation\\Http\\Middleware\\PreventRequestsDuringMaintenance.php(99): Illuminate\\Pipeline\\Pipeline->Illuminate\\Pipeline\\{closure}(Object(Illuminate\\Http\\Request))
#53 C:\\Users\\AMIN\\Desktop\\bigstore\\vendor\\laravel\\framework\\src\\Illuminate\\Pipeline\\Pipeline.php(183): Illuminate\\Foundation\\Http\\Middleware\\PreventRequestsDuringMaintenance->handle(Object(Illuminate\\Http\\Request), Object(Closure))
#54 C:\\Users\\AMIN\\Desktop\\bigstore\\vendor\\laravel\\framework\\src\\Illuminate\\Http\\Middleware\\HandleCors.php(49): Illuminate\\Pipeline\\Pipeline->Illuminate\\Pipeline\\{closure}(Object(Illuminate\\Http\\Request))
#55 C:\\Users\\AMIN\\Desktop\\bigstore\\vendor\\laravel\\framework\\src\\Illuminate\\Pipeline\\Pipeline.php(183): Illuminate\\Http\\Middleware\\HandleCors->handle(Object(Illuminate\\Http\\Request), Object(Closure))
#56 C:\\Users\\AMIN\\Desktop\\bigstore\\vendor\\laravel\\framework\\src\\Illuminate\\Http\\Middleware\\TrustProxies.php(39): Illuminate\\Pipeline\\Pipeline->Illuminate\\Pipeline\\{closure}(Object(Illuminate\\Http\\Request))
#57 C:\\Users\\AMIN\\Desktop\\bigstore\\vendor\\laravel\\framework\\src\\Illuminate\\Pipeline\\Pipeline.php(183): Illuminate\\Http\\Middleware\\TrustProxies->handle(Object(Illuminate\\Http\\Request), Object(Closure))
#58 C:\\Users\\AMIN\\Desktop\\bigstore\\vendor\\laravel\\framework\\src\\Illuminate\\Pipeline\\Pipeline.php(119): Illuminate\\Pipeline\\Pipeline->Illuminate\\Pipeline\\{closure}(Object(Illuminate\\Http\\Request))
#59 C:\\Users\\AMIN\\Desktop\\bigstore\\vendor\\laravel\\framework\\src\\Illuminate\\Foundation\\Http\\Kernel.php(175): Illuminate\\Pipeline\\Pipeline->then(Object(Closure))
#60 C:\\Users\\AMIN\\Desktop\\bigstore\\vendor\\laravel\\framework\\src\\Illuminate\\Foundation\\Http\\Kernel.php(144): Illuminate\\Foundation\\Http\\Kernel->sendRequestThroughRouter(Object(Illuminate\\Http\\Request))
#61 C:\\Users\\AMIN\\Desktop\\bigstore\\public\\index.php(51): Illuminate\\Foundation\\Http\\Kernel->handle(Object(Illuminate\\Http\\Request))
#62 C:\\Users\\AMIN\\Desktop\\bigstore\\vendor\\laravel\\framework\\src\\Illuminate\\Foundation\\resources\\server.php(16): require_once('C:\\\\Users\\\\AMIN\\\\D...')
#63 {main}
"} 
[2026-07-16 00:53:29] local.ERROR: Cannot redeclare province_name() (previously declared in C:\Users\AMIN\Desktop\bigstore\app\helpers.php:7) {"exception":"[object] (Symfony\\Component\\ErrorHandler\\Error\\FatalError(code: 0): Cannot redeclare province_name() (previously declared in C:\\Users\\AMIN\\Desktop\\bigstore\\app\\helpers.php:7) at C:\\Users\\AMIN\\Desktop\\bigstore\\app\\helpers.php:9)
[stacktrace]
#0 {main}
"} 
[2026-07-16 00:54:29] local.ERROR: Cannot redeclare province_name() (previously declared in C:\Users\AMIN\Desktop\bigstore\app\helpers.php:7) {"exception":"[object] (Symfony\\Component\\ErrorHandler\\Error\\FatalError(code: 0): Cannot redeclare province_name() (previously declared in C:\\Users\\AMIN\\Desktop\\bigstore\\app\\helpers.php:7) at C:\\Users\\AMIN\\Desktop\\bigstore\\app\\helpers.php:9)
[stacktrace]
#0 {main}
"} 
[2026-07-16 00:55:29] local.ERROR: Cannot redeclare province_name() (previously declared in C:\Users\AMIN\Desktop\bigstore\app\helpers.php:7) {"exception":"[object] (Symfony\\Component\\ErrorHandler\\Error\\FatalError(code: 0): Cannot redeclare province_name() (previously declared in C:\\Users\\AMIN\\Desktop\\bigstore\\app\\helpers.php:7) at C:\\Users\\AMIN\\Desktop\\bigstore\\app\\helpers.php:9)
[stacktrace]
#0 {main}
"} 
[2026-07-16 00:56:29] local.ERROR: Cannot redeclare province_name() (previously declared in C:\Users\AMIN\Desktop\bigstore\app\helpers.php:7) {"exception":"[object] (Symfony\\Component\\ErrorHandler\\Error\\FatalError(code: 0): Cannot redeclare province_name() (previously declared in C:\\Users\\AMIN\\Desktop\\bigstore\\app\\helpers.php:7) at C:\\Users\\AMIN\\Desktop\\bigstore\\app\\helpers.php:9)
[stacktrace]
#0 {main}
"} 
[2026-07-16 00:57:29] local.ERROR: Cannot redeclare province_name() (previously declared in C:\Users\AMIN\Desktop\bigstore\app\helpers.php:7) {"exception":"[object] (Symfony\\Component\\ErrorHandler\\Error\\FatalError(code: 0): Cannot redeclare province_name() (previously declared in C:\\Users\\AMIN\\Desktop\\bigstore\\app\\helpers.php:7) at C:\\Users\\AMIN\\Desktop\\bigstore\\app\\helpers.php:9)
[stacktrace]
#0 {main}
"} 
[2026-07-16 00:58:24] local.ERROR: Route [contact] not defined. (View: C:\Users\AMIN\Desktop\bigstore\resources\views\front\blog\index.blade.php) {"userId":1,"exception":"[object] (Illuminate\\View\\ViewException(code: 0): Route [contact] not defined. (View: C:\\Users\\AMIN\\Desktop\\bigstore\\resources\\views\\front\\blog\\index.blade.php) at C:\\Users\\AMIN\\Desktop\\bigstore\\vendor\\laravel\\framework\\src\\Illuminate\\Routing\\UrlGenerator.php:477)
[stacktrace]
#0 C:\\Users\\AMIN\\Desktop\\bigstore\\vendor\\livewire\\livewire\\src\\ComponentConcerns\\RendersLivewireComponents.php(106): Illuminate\\View\\Engines\\CompilerEngine->handleViewException(Object(Symfony\\Component\\Routing\\Exception\\RouteNotFoundException), 1)
#1 C:\\Users\\AMIN\\Desktop\\bigstore\\vendor\\laravel\\framework\\src\\Illuminate\\View\\Engines\\PhpEngine.php(60): Livewire\\LivewireViewCompilerEngine->handleViewException(Object(Symfony\\Component\\Routing\\Exception\\RouteNotFoundException), 1)
#2 C:\\Users\\AMIN\\Desktop\\bigstore\\vendor\\livewire\\livewire\\src\\ComponentConcerns\\RendersLivewireComponents.php(69): Illuminate\\View\\Engines\\PhpEngine->evaluatePath('C:\\\\Users\\\\AMIN\\\\D...', Array)
#3 C:\\Users\\AMIN\\Desktop\\bigstore\\vendor\\laravel\\framework\\src\\Illuminate\\View\\Engines\\CompilerEngine.php(72): Livewire\\LivewireViewCompilerEngine->evaluatePath('C:\\\\Users\\\\AMIN\\\\D...', Array)
#4 C:\\Users\\AMIN\\Desktop\\bigstore\\vendor\\livewire\\livewire\\src\\ComponentConcerns\\RendersLivewireComponents.php(35): Illuminate\\View\\Engines\\CompilerEngine->get('C:\\\\Users\\\\AMIN\\\\D...', Array)
#5 C:\\Users\\AMIN\\Desktop\\bigstore\\vendor\\laravel\\framework\\src\\Illuminate\\View\\View.php(207): Livewire\\LivewireViewCompilerEngine->get('C:\\\\Users\\\\AMIN\\\\D...', Array)
#6 C:\\Users\\AMIN\\Desktop\\bigstore\\vendor\\laravel\\framework\\src\\Illuminate\\View\\View.php(190): Illuminate\\View\\View->getContents()
#7 C:\\Users\\AMIN\\Desktop\\bigstore\\vendor\\laravel\\framework\\src\\Illuminate\\View\\View.php(159): Illuminate\\View\\View->renderContents()
#8 C:\\Users\\AMIN\\Desktop\\bigstore\\vendor\\laravel\\framework\\src\\Illuminate\\Http\\Response.php(69): Illuminate\\View\\View->render()
#9 C:\\Users\\AMIN\\Desktop\\bigstore\\vendor\\laravel\\framework\\src\\Illuminate\\Http\\Response.php(35): Illuminate\\Http\\Response->setContent(Object(Illuminate\\View\\View))
#10 C:\\Users\\AMIN\\Desktop\\bigstore\\vendor\\laravel\\framework\\src\\Illuminate\\Routing\\Router.php(918): Illuminate\\Http\\Response->__construct(Object(Illuminate\\View\\View), 200, Array)
#11 C:\\Users\\AMIN\\Desktop\\bigstore\\vendor\\laravel\\framework\\src\\Illuminate\\Routing\\Router.php(885): Illuminate\\Routing\\Router::toResponse(Object(Illuminate\\Http\\Request), Object(Illuminate\\View\\View))
#12 C:\\Users\\AMIN\\Desktop\\bigstore\\vendor\\laravel\\framework\\src\\Illuminate\\Routing\\Router.php(805): Illuminate\\Routing\\Router->prepareResponse(Object(Illuminate\\Http\\Request), Object(Illuminate\\View\\View))
#13 C:\\Users\\AMIN\\Desktop\\bigstore\\vendor\\laravel\\framework\\src\\Illuminate\\Pipeline\\Pipeline.php(144): Illuminate\\Routing\\Router->Illuminate\\Routing\\{closure}(Object(Illuminate\\Http\\Request))
#14 C:\\Users\\AMIN\\Desktop\\bigstore\\vendor\\php-flasher\\flasher-laravel\\Middleware\\FlasherMiddleware.php(34): Illuminate\\Pipeline\\Pipeline->Illuminate\\Pipeline\\{closure}(Object(Illuminate\\Http\\Request))
#15 C:\\Users\\AMIN\\Desktop\\bigstore\\vendor\\laravel\\framework\\src\\Illuminate\\Pipeline\\Pipeline.php(183): Flasher\\Laravel\\Middleware\\FlasherMiddleware->handle(Object(Illuminate\\Http\\Request), Object(Closure))
#16 C:\\Users\\AMIN\\Desktop\\bigstore\\vendor\\php-flasher\\flasher-laravel\\Middleware\\SessionMiddleware.php(34): Illuminate\\Pipeline\\Pipeline->Illuminate\\Pipeline\\{closure}(Object(Illuminate\\Http\\Request))
#17 C:\\Users\\AMIN\\Desktop\\bigstore\\vendor\\laravel\\framework\\src\\Illuminate\\Pipeline\\Pipeline.php(183): Flasher\\Laravel\\Middleware\\SessionMiddleware->handle(Object(Illuminate\\Http\\Request), Object(Closure))
#18 C:\\Users\\AMIN\\Desktop\\bigstore\\vendor\\laravel\\framework\\src\\Illuminate\\Routing\\Middleware\\SubstituteBindings.php(50): Illuminate\\Pipeline\\Pipeline->Illuminate\\Pipeline\\{closure}(Object(Illuminate\\Http\\Request))
#19 C:\\Users\\AMIN\\Desktop\\bigstore\\vendor\\laravel\\framework\\src\\Illuminate\\Pipeline\\Pipeline.php(183): Illuminate\\Routing\\Middleware\\SubstituteBindings->handle(Object(Illuminate\\Http\\Request), Object(Closure))
#20 C:\\Users\\AMIN\\Desktop\\bigstore\\vendor\\laravel\\framework\\src\\Illuminate\\Foundation\\Http\\Middleware\\VerifyCsrfToken.php(78): Illuminate\\Pipeline\\Pipeline->Illuminate\\Pipeline\\{closure}(Object(Illuminate\\Http\\Request))
#21 C:\\Users\\AMIN\\Desktop\\bigstore\\vendor\\laravel\\framework\\src\\Illuminate\\Pipeline\\Pipeline.php(183): Illuminate\\Foundation\\Http\\Middleware\\VerifyCsrfToken->handle(Object(Illuminate\\Http\\Request), Object(Closure))
#22 C:\\Users\\AMIN\\Desktop\\bigstore\\vendor\\laravel\\framework\\src\\Illuminate\\View\\Middleware\\ShareErrorsFromSession.php(49): Illuminate\\Pipeline\\Pipeline->Illuminate\\Pipeline\\{closure}(Object(Illuminate\\Http\\Request))
#23 C:\\Users\\AMIN\\Desktop\\bigstore\\vendor\\laravel\\framework\\src\\Illuminate\\Pipeline\\Pipeline.php(183): Illuminate\\View\\Middleware\\ShareErrorsFromSession->handle(Object(Illuminate\\Http\\Request), Object(Closure))
#24 C:\\Users\\AMIN\\Desktop\\bigstore\\vendor\\laravel\\framework\\src\\Illuminate\\Session\\Middleware\\StartSession.php(121): Illuminate\\Pipeline\\Pipeline->Illuminate\\Pipeline\\{closure}(Object(Illuminate\\Http\\Request))
#25 C:\\Users\\AMIN\\Desktop\\bigstore\\vendor\\laravel\\framework\\src\\Illuminate\\Session\\Middleware\\StartSession.php(64): Illuminate\\Session\\Middleware\\StartSession->handleStatefulRequest(Object(Illuminate\\Http\\Request), Object(Illuminate\\Session\\Store), Object(Closure))
#26 C:\\Users\\AMIN\\Desktop\\bigstore\\vendor\\laravel\\framework\\src\\Illuminate\\Pipeline\\Pipeline.php(183): Illuminate\\Session\\Middleware\\StartSession->handle(Object(Illuminate\\Http\\Request), Object(Closure))
#27 C:\\Users\\AMIN\\Desktop\\bigstore\\vendor\\laravel\\framework\\src\\Illuminate\\Cookie\\Middleware\\AddQueuedCookiesToResponse.php(37): Illuminate\\Pipeline\\Pipeline->Illuminate\\Pipeline\\{closure}(Object(Illuminate\\Http\\Request))
#28 C:\\Users\\AMIN\\Desktop\\bigstore\\vendor\\laravel\\framework\\src\\Illuminate\\Pipeline\\Pipeline.php(183): Illuminate\\Cookie\\Middleware\\AddQueuedCookiesToResponse->handle(Object(Illuminate\\Http\\Request), Object(Closure))
#29 C:\\Users\\AMIN\\Desktop\\bigstore\\vendor\\laravel\\framework\\src\\Illuminate\\Cookie\\Middleware\\EncryptCookies.php(67): Illuminate\\Pipeline\\Pipeline->Illuminate\\Pipeline\\{closure}(Object(Illuminate\\Http\\Request))
#30 C:\\Users\\AMIN\\Desktop\\bigstore\\vendor\\laravel\\framework\\src\\Illuminate\\Pipeline\\Pipeline.php(183): Illuminate\\Cookie\\Middleware\\EncryptCookies->handle(Object(Illuminate\\Http\\Request), Object(Closure))
#31 C:\\Users\\AMIN\\Desktop\\bigstore\\vendor\\laravel\\framework\\src\\Illuminate\\Pipeline\\Pipeline.php(119): Illuminate\\Pipeline\\Pipeline->Illuminate\\Pipeline\\{closure}(Object(Illuminate\\Http\\Request))
#32 C:\\Users\\AMIN\\Desktop\\bigstore\\vendor\\laravel\\framework\\src\\Illuminate\\Routing\\Router.php(805): Illuminate\\Pipeline\\Pipeline->then(Object(Closure))
#33 C:\\Users\\AMIN\\Desktop\\bigstore\\vendor\\laravel\\framework\\src\\Illuminate\\Routing\\Router.php(784): Illuminate\\Routing\\Router->runRouteWithinStack(Object(Illuminate\\Routing\\Route), Object(Illuminate\\Http\\Request))
#34 C:\\Users\\AMIN\\Desktop\\bigstore\\vendor\\laravel\\framework\\src\\Illuminate\\Routing\\Router.php(748): Illuminate\\Routing\\Router->runRoute(Object(Illuminate\\Http\\Request), Object(Illuminate\\Routing\\Route))
#35 C:\\Users\\AMIN\\Desktop\\bigstore\\vendor\\laravel\\framework\\src\\Illuminate\\Routing\\Router.php(737): Illuminate\\Routing\\Router->dispatchToRoute(Object(Illuminate\\Http\\Request))
#36 C:\\Users\\AMIN\\Desktop\\bigstore\\vendor\\laravel\\framework\\src\\Illuminate\\Foundation\\Http\\Kernel.php(200): Illuminate\\Routing\\Router->dispatch(Object(Illuminate\\Http\\Request))
#37 C:\\Users\\AMIN\\Desktop\\bigstore\\vendor\\laravel\\framework\\src\\Illuminate\\Pipeline\\Pipeline.php(144): Illuminate\\Foundation\\Http\\Kernel->Illuminate\\Foundation\\Http\\{closure}(Object(Illuminate\\Http\\Request))
#38 C:\\Users\\AMIN\\Desktop\\bigstore\\vendor\\livewire\\livewire\\src\\DisableBrowserCache.php(19): Illuminate\\Pipeline\\Pipeline->Illuminate\\Pipeline\\{closure}(Object(Illuminate\\Http\\Request))
#39 C:\\Users\\AMIN\\Desktop\\bigstore\\vendor\\laravel\\framework\\src\\Illuminate\\Pipeline\\Pipeline.php(183): Livewire\\DisableBrowserCache->handle(Object(Illuminate\\Http\\Request), Object(Closure))
#40 C:\\Users\\AMIN\\Desktop\\bigstore\\vendor\\laravel\\framework\\src\\Illuminate\\Foundation\\Http\\Middleware\\TransformsRequest.php(21): Illuminate\\Pipeline\\Pipeline->Illuminate\\Pipeline\\{closure}(Object(Illuminate\\Http\\Request))
#41 C:\\Users\\AMIN\\Desktop\\bigstore\\vendor\\laravel\\framework\\src\\Illuminate\\Foundation\\Http\\Middleware\\ConvertEmptyStringsToNull.php(31): Illuminate\\Foundation\\Http\\Middleware\\TransformsRequest->handle(Object(Illuminate\\Http\\Request), Object(Closure))
#42 C:\\Users\\AMIN\\Desktop\\bigstore\\vendor\\laravel\\framework\\src\\Illuminate\\Pipeline\\Pipeline.php(183): Illuminate\\Foundation\\Http\\Middleware\\ConvertEmptyStringsToNull->handle(Object(Illuminate\\Http\\Request), Object(Closure))
#43 C:\\Users\\AMIN\\Desktop\\bigstore\\vendor\\laravel\\framework\\src\\Illuminate\\Foundation\\Http\\Middleware\\TransformsRequest.php(21): Illuminate\\Pipeline\\Pipeline->Illuminate\\Pipeline\\{closure}(Object(Illuminate\\Http\\Request))
#44 C:\\Users\\AMIN\\Desktop\\bigstore\\vendor\\laravel\\framework\\src\\Illuminate\\Foundation\\Http\\Middleware\\TrimStrings.php(40): Illuminate\\Foundation\\Http\\Middleware\\TransformsRequest->handle(Object(Illuminate\\Http\\Request), Object(Closure))
#45 C:\\Users\\AMIN\\Desktop\\bigstore\\vendor\\laravel\\framework\\src\\Illuminate\\Pipeline\\Pipeline.php(183): Illuminate\\Foundation\\Http\\Middleware\\TrimStrings->handle(Object(Illuminate\\Http\\Request), Object(Closure))
#46 C:\\Users\\AMIN\\Desktop\\bigstore\\vendor\\laravel\\framework\\src\\Illuminate\\Foundation\\Http\\Middleware\\ValidatePostSize.php(27): Illuminate\\Pipeline\\Pipeline->Illuminate\\Pipeline\\{closure}(Object(Illuminate\\Http\\Request))
#47 C:\\Users\\AMIN\\Desktop\\bigstore\\vendor\\laravel\\framework\\src\\Illuminate\\Pipeline\\Pipeline.php(183): Illuminate\\Foundation\\Http\\Middleware\\ValidatePostSize->handle(Object(Illuminate\\Http\\Request), Object(Closure))
#48 C:\\Users\\AMIN\\Desktop\\bigstore\\vendor\\laravel\\framework\\src\\Illuminate\\Foundation\\Http\\Middleware\\PreventRequestsDuringMaintenance.php(99): Illuminate\\Pipeline\\Pipeline->Illuminate\\Pipeline\\{closure}(Object(Illuminate\\Http\\Request))
#49 C:\\Users\\AMIN\\Desktop\\bigstore\\vendor\\laravel\\framework\\src\\Illuminate\\Pipeline\\Pipeline.php(183): Illuminate\\Foundation\\Http\\Middleware\\PreventRequestsDuringMaintenance->handle(Object(Illuminate\\Http\\Request), Object(Closure))
#50 C:\\Users\\AMIN\\Desktop\\bigstore\\vendor\\laravel\\framework\\src\\Illuminate\\Http\\Middleware\\HandleCors.php(49): Illuminate\\Pipeline\\Pipeline->Illuminate\\Pipeline\\{closure}(Object(Illuminate\\Http\\Request))
#51 C:\\Users\\AMIN\\Desktop\\bigstore\\vendor\\laravel\\framework\\src\\Illuminate\\Pipeline\\Pipeline.php(183): Illuminate\\Http\\Middleware\\HandleCors->handle(Object(Illuminate\\Http\\Request), Object(Closure))
#52 C:\\Users\\AMIN\\Desktop\\bigstore\\vendor\\laravel\\framework\\src\\Illuminate\\Http\\Middleware\\TrustProxies.php(39): Illuminate\\Pipeline\\Pipeline->Illuminate\\Pipeline\\{closure}(Object(Illuminate\\Http\\Request))
#53 C:\\Users\\AMIN\\Desktop\\bigstore\\vendor\\laravel\\framework\\src\\Illuminate\\Pipeline\\Pipeline.php(183): Illuminate\\Http\\Middleware\\TrustProxies->handle(Object(Illuminate\\Http\\Request), Object(Closure))
#54 C:\\Users\\AMIN\\Desktop\\bigstore\\vendor\\laravel\\framework\\src\\Illuminate\\Pipeline\\Pipeline.php(119): Illuminate\\Pipeline\\Pipeline->Illuminate\\Pipeline\\{closure}(Object(Illuminate\\Http\\Request))
#55 C:\\Users\\AMIN\\Desktop\\bigstore\\vendor\\laravel\\framework\\src\\Illuminate\\Foundation\\Http\\Kernel.php(175): Illuminate\\Pipeline\\Pipeline->then(Object(Closure))
#56 C:\\Users\\AMIN\\Desktop\\bigstore\\vendor\\laravel\\framework\\src\\Illuminate\\Foundation\\Http\\Kernel.php(144): Illuminate\\Foundation\\Http\\Kernel->sendRequestThroughRouter(Object(Illuminate\\Http\\Request))
#57 C:\\Users\\AMIN\\Desktop\\bigstore\\public\\index.php(51): Illuminate\\Foundation\\Http\\Kernel->handle(Object(Illuminate\\Http\\Request))
#58 C:\\Users\\AMIN\\Desktop\\bigstore\\vendor\\laravel\\framework\\src\\Illuminate\\Foundation\\resources\\server.php(16): require_once('C:\\\\Users\\\\AMIN\\\\D...')
#59 {main}

[previous exception] [object] (Symfony\\Component\\Routing\\Exception\\RouteNotFoundException(code: 0): Route [contact] not defined. at C:\\Users\\AMIN\\Desktop\\bigstore\\vendor\\laravel\\framework\\src\\Illuminate\\Routing\\UrlGenerator.php:477)
[stacktrace]
#0 C:\\Users\\AMIN\\Desktop\\bigstore\\vendor\\laravel\\framework\\src\\Illuminate\\Foundation\\helpers.php(811): Illuminate\\Routing\\UrlGenerator->route('contact', Array, true)
#1 C:\\Users\\AMIN\\Desktop\\bigstore\\storage\\framework\\views\\1ab7f5a4b4771949a0b18a61320b0e59.php(55): route('contact')
#2 C:\\Users\\AMIN\\Desktop\\bigstore\\vendor\\laravel\\framework\\src\\Illuminate\\Filesystem\\Filesystem.php(123): require('C:\\\\Users\\\\AMIN\\\\D...')
#3 C:\\Users\\AMIN\\Desktop\\bigstore\\vendor\\laravel\\framework\\src\\Illuminate\\Filesystem\\Filesystem.php(124): Illuminate\\Filesystem\\Filesystem::Illuminate\\Filesystem\\{closure}()
#4 C:\\Users\\AMIN\\Desktop\\bigstore\\vendor\\laravel\\framework\\src\\Illuminate\\View\\Engines\\PhpEngine.php(58): Illuminate\\Filesystem\\Filesystem->getRequire('C:\\\\Users\\\\AMIN\\\\D...', Array)
#5 C:\\Users\\AMIN\\Desktop\\bigstore\\vendor\\livewire\\livewire\\src\\ComponentConcerns\\RendersLivewireComponents.php(69): Illuminate\\View\\Engines\\PhpEngine->evaluatePath('C:\\\\Users\\\\AMIN\\\\D...', Array)
#6 C:\\Users\\AMIN\\Desktop\\bigstore\\vendor\\laravel\\framework\\src\\Illuminate\\View\\Engines\\CompilerEngine.php(72): Livewire\\LivewireViewCompilerEngine->evaluatePath('C:\\\\Users\\\\AMIN\\\\D...', Array)
#7 C:\\Users\\AMIN\\Desktop\\bigstore\\vendor\\livewire\\livewire\\src\\ComponentConcerns\\RendersLivewireComponents.php(35): Illuminate\\View\\Engines\\CompilerEngine->get('C:\\\\Users\\\\AMIN\\\\D...', Array)
#8 C:\\Users\\AMIN\\Desktop\\bigstore\\vendor\\laravel\\framework\\src\\Illuminate\\View\\View.php(207): Livewire\\LivewireViewCompilerEngine->get('C:\\\\Users\\\\AMIN\\\\D...', Array)
#9 C:\\Users\\AMIN\\Desktop\\bigstore\\vendor\\laravel\\framework\\src\\Illuminate\\View\\View.php(190): Illuminate\\View\\View->getContents()
#10 C:\\Users\\AMIN\\Desktop\\bigstore\\vendor\\laravel\\framework\\src\\Illuminate\\View\\View.php(159): Illuminate\\View\\View->renderContents()
#11 C:\\Users\\AMIN\\Desktop\\bigstore\\vendor\\laravel\\framework\\src\\Illuminate\\Http\\Response.php(69): Illuminate\\View\\View->render()
#12 C:\\Users\\AMIN\\Desktop\\bigstore\\vendor\\laravel\\framework\\src\\Illuminate\\Http\\Response.php(35): Illuminate\\Http\\Response->setContent(Object(Illuminate\\View\\View))
#13 C:\\Users\\AMIN\\Desktop\\bigstore\\vendor\\laravel\\framework\\src\\Illuminate\\Routing\\Router.php(918): Illuminate\\Http\\Response->__construct(Object(Illuminate\\View\\View), 200, Array)
#14 C:\\Users\\AMIN\\Desktop\\bigstore\\vendor\\laravel\\framework\\src\\Illuminate\\Routing\\Router.php(885): Illuminate\\Routing\\Router::toResponse(Object(Illuminate\\Http\\Request), Object(Illuminate\\View\\View))
#15 C:\\Users\\AMIN\\Desktop\\bigstore\\vendor\\laravel\\framework\\src\\Illuminate\\Routing\\Router.php(805): Illuminate\\Routing\\Router->prepareResponse(Object(Illuminate\\Http\\Request), Object(Illuminate\\View\\View))
#16 C:\\Users\\AMIN\\Desktop\\bigstore\\vendor\\laravel\\framework\\src\\Illuminate\\Pipeline\\Pipeline.php(144): Illuminate\\Routing\\Router->Illuminate\\Routing\\{closure}(Object(Illuminate\\Http\\Request))
#17 C:\\Users\\AMIN\\Desktop\\bigstore\\vendor\\php-flasher\\flasher-laravel\\Middleware\\FlasherMiddleware.php(34): Illuminate\\Pipeline\\Pipeline->Illuminate\\Pipeline\\{closure}(Object(Illuminate\\Http\\Request))
#18 C:\\Users\\AMIN\\Desktop\\bigstore\\vendor\\laravel\\framework\\src\\Illuminate\\Pipeline\\Pipeline.php(183): Flasher\\Laravel\\Middleware\\FlasherMiddleware->handle(Object(Illuminate\\Http\\Request), Object(Closure))
#19 C:\\Users\\AMIN\\Desktop\\bigstore\\vendor\\php-flasher\\flasher-laravel\\Middleware\\SessionMiddleware.php(34): Illuminate\\Pipeline\\Pipeline->Illuminate\\Pipeline\\{closure}(Object(Illuminate\\Http\\Request))
#20 C:\\Users\\AMIN\\Desktop\\bigstore\\vendor\\laravel\\framework\\src\\Illuminate\\Pipeline\\Pipeline.php(183): Flasher\\Laravel\\Middleware\\SessionMiddleware->handle(Object(Illuminate\\Http\\Request), Object(Closure))
#21 C:\\Users\\AMIN\\Desktop\\bigstore\\vendor\\laravel\\framework\\src\\Illuminate\\Routing\\Middleware\\SubstituteBindings.php(50): Illuminate\\Pipeline\\Pipeline->Illuminate\\Pipeline\\{closure}(Object(Illuminate\\Http\\Request))
#22 C:\\Users\\AMIN\\Desktop\\bigstore\\vendor\\laravel\\framework\\src\\Illuminate\\Pipeline\\Pipeline.php(183): Illuminate\\Routing\\Middleware\\SubstituteBindings->handle(Object(Illuminate\\Http\\Request), Object(Closure))
#23 C:\\Users\\AMIN\\Desktop\\bigstore\\vendor\\laravel\\framework\\src\\Illuminate\\Foundation\\Http\\Middleware\\VerifyCsrfToken.php(78): Illuminate\\Pipeline\\Pipeline->Illuminate\\Pipeline\\{closure}(Object(Illuminate\\Http\\Request))
#24 C:\\Users\\AMIN\\Desktop\\bigstore\\vendor\\laravel\\framework\\src\\Illuminate\\Pipeline\\Pipeline.php(183): Illuminate\\Foundation\\Http\\Middleware\\VerifyCsrfToken->handle(Object(Illuminate\\Http\\Request), Object(Closure))
#25 C:\\Users\\AMIN\\Desktop\\bigstore\\vendor\\laravel\\framework\\src\\Illuminate\\View\\Middleware\\ShareErrorsFromSession.php(49): Illuminate\\Pipeline\\Pipeline->Illuminate\\Pipeline\\{closure}(Object(Illuminate\\Http\\Request))
#26 C:\\Users\\AMIN\\Desktop\\bigstore\\vendor\\laravel\\framework\\src\\Illuminate\\Pipeline\\Pipeline.php(183): Illuminate\\View\\Middleware\\ShareErrorsFromSession->handle(Object(Illuminate\\Http\\Request), Object(Closure))
#27 C:\\Users\\AMIN\\Desktop\\bigstore\\vendor\\laravel\\framework\\src\\Illuminate\\Session\\Middleware\\StartSession.php(121): Illuminate\\Pipeline\\Pipeline->Illuminate\\Pipeline\\{closure}(Object(Illuminate\\Http\\Request))
#28 C:\\Users\\AMIN\\Desktop\\bigstore\\vendor\\laravel\\framework\\src\\Illuminate\\Session\\Middleware\\StartSession.php(64): Illuminate\\Session\\Middleware\\StartSession->handleStatefulRequest(Object(Illuminate\\Http\\Request), Object(Illuminate\\Session\\Store), Object(Closure))
#29 C:\\Users\\AMIN\\Desktop\\bigstore\\vendor\\laravel\\framework\\src\\Illuminate\\Pipeline\\Pipeline.php(183): Illuminate\\Session\\Middleware\\StartSession->handle(Object(Illuminate\\Http\\Request), Object(Closure))
#30 C:\\Users\\AMIN\\Desktop\\bigstore\\vendor\\laravel\\framework\\src\\Illuminate\\Cookie\\Middleware\\AddQueuedCookiesToResponse.php(37): Illuminate\\Pipeline\\Pipeline->Illuminate\\Pipeline\\{closure}(Object(Illuminate\\Http\\Request))
#31 C:\\Users\\AMIN\\Desktop\\bigstore\\vendor\\laravel\\framework\\src\\Illuminate\\Pipeline\\Pipeline.php(183): Illuminate\\Cookie\\Middleware\\AddQueuedCookiesToResponse->handle(Object(Illuminate\\Http\\Request), Object(Closure))
#32 C:\\Users\\AMIN\\Desktop\\bigstore\\vendor\\laravel\\framework\\src\\Illuminate\\Cookie\\Middleware\\EncryptCookies.php(67): Illuminate\\Pipeline\\Pipeline->Illuminate\\Pipeline\\{closure}(Object(Illuminate\\Http\\Request))
#33 C:\\Users\\AMIN\\Desktop\\bigstore\\vendor\\laravel\\framework\\src\\Illuminate\\Pipeline\\Pipeline.php(183): Illuminate\\Cookie\\Middleware\\EncryptCookies->handle(Object(Illuminate\\Http\\Request), Object(Closure))
#34 C:\\Users\\AMIN\\Desktop\\bigstore\\vendor\\laravel\\framework\\src\\Illuminate\\Pipeline\\Pipeline.php(119): Illuminate\\Pipeline\\Pipeline->Illuminate\\Pipeline\\{closure}(Object(Illuminate\\Http\\Request))
#35 C:\\Users\\AMIN\\Desktop\\bigstore\\vendor\\laravel\\framework\\src\\Illuminate\\Routing\\Router.php(805): Illuminate\\Pipeline\\Pipeline->then(Object(Closure))
#36 C:\\Users\\AMIN\\Desktop\\bigstore\\vendor\\laravel\\framework\\src\\Illuminate\\Routing\\Router.php(784): Illuminate\\Routing\\Router->runRouteWithinStack(Object(Illuminate\\Routing\\Route), Object(Illuminate\\Http\\Request))
#37 C:\\Users\\AMIN\\Desktop\\bigstore\\vendor\\laravel\\framework\\src\\Illuminate\\Routing\\Router.php(748): Illuminate\\Routing\\Router->runRoute(Object(Illuminate\\Http\\Request), Object(Illuminate\\Routing\\Route))
#38 C:\\Users\\AMIN\\Desktop\\bigstore\\vendor\\laravel\\framework\\src\\Illuminate\\Routing\\Router.php(737): Illuminate\\Routing\\Router->dispatchToRoute(Object(Illuminate\\Http\\Request))
#39 C:\\Users\\AMIN\\Desktop\\bigstore\\vendor\\laravel\\framework\\src\\Illuminate\\Foundation\\Http\\Kernel.php(200): Illuminate\\Routing\\Router->dispatch(Object(Illuminate\\Http\\Request))
#40 C:\\Users\\AMIN\\Desktop\\bigstore\\vendor\\laravel\\framework\\src\\Illuminate\\Pipeline\\Pipeline.php(144): Illuminate\\Foundation\\Http\\Kernel->Illuminate\\Foundation\\Http\\{closure}(Object(Illuminate\\Http\\Request))
#41 C:\\Users\\AMIN\\Desktop\\bigstore\\vendor\\livewire\\livewire\\src\\DisableBrowserCache.php(19): Illuminate\\Pipeline\\Pipeline->Illuminate\\Pipeline\\{closure}(Object(Illuminate\\Http\\Request))
#42 C:\\Users\\AMIN\\Desktop\\bigstore\\vendor\\laravel\\framework\\src\\Illuminate\\Pipeline\\Pipeline.php(183): Livewire\\DisableBrowserCache->handle(Object(Illuminate\\Http\\Request), Object(Closure))
#43 C:\\Users\\AMIN\\Desktop\\bigstore\\vendor\\laravel\\framework\\src\\Illuminate\\Foundation\\Http\\Middleware\\TransformsRequest.php(21): Illuminate\\Pipeline\\Pipeline->Illuminate\\Pipeline\\{closure}(Object(Illuminate\\Http\\Request))
#44 C:\\Users\\AMIN\\Desktop\\bigstore\\vendor\\laravel\\framework\\src\\Illuminate\\Foundation\\Http\\Middleware\\ConvertEmptyStringsToNull.php(31): Illuminate\\Foundation\\Http\\Middleware\\TransformsRequest->handle(Object(Illuminate\\Http\\Request), Object(Closure))
#45 C:\\Users\\AMIN\\Desktop\\bigstore\\vendor\\laravel\\framework\\src\\Illuminate\\Pipeline\\Pipeline.php(183): Illuminate\\Foundation\\Http\\Middleware\\ConvertEmptyStringsToNull->handle(Object(Illuminate\\Http\\Request), Object(Closure))
#46 C:\\Users\\AMIN\\Desktop\\bigstore\\vendor\\laravel\\framework\\src\\Illuminate\\Foundation\\Http\\Middleware\\TransformsRequest.php(21): Illuminate\\Pipeline\\Pipeline->Illuminate\\Pipeline\\{closure}(Object(Illuminate\\Http\\Request))
#47 C:\\Users\\AMIN\\Desktop\\bigstore\\vendor\\laravel\\framework\\src\\Illuminate\\Foundation\\Http\\Middleware\\TrimStrings.php(40): Illuminate\\Foundation\\Http\\Middleware\\TransformsRequest->handle(Object(Illuminate\\Http\\Request), Object(Closure))
#48 C:\\Users\\AMIN\\Desktop\\bigstore\\vendor\\laravel\\framework\\src\\Illuminate\\Pipeline\\Pipeline.php(183): Illuminate\\Foundation\\Http\\Middleware\\TrimStrings->handle(Object(Illuminate\\Http\\Request), Object(Closure))
#49 C:\\Users\\AMIN\\Desktop\\bigstore\\vendor\\laravel\\framework\\src\\Illuminate\\Foundation\\Http\\Middleware\\ValidatePostSize.php(27): Illuminate\\Pipeline\\Pipeline->Illuminate\\Pipeline\\{closure}(Object(Illuminate\\Http\\Request))
#50 C:\\Users\\AMIN\\Desktop\\bigstore\\vendor\\laravel\\framework\\src\\Illuminate\\Pipeline\\Pipeline.php(183): Illuminate\\Foundation\\Http\\Middleware\\ValidatePostSize->handle(Object(Illuminate\\Http\\Request), Object(Closure))
#51 C:\\Users\\AMIN\\Desktop\\bigstore\\vendor\\laravel\\framework\\src\\Illuminate\\Foundation\\Http\\Middleware\\PreventRequestsDuringMaintenance.php(99): Illuminate\\Pipeline\\Pipeline->Illuminate\\Pipeline\\{closure}(Object(Illuminate\\Http\\Request))
#52 C:\\Users\\AMIN\\Desktop\\bigstore\\vendor\\laravel\\framework\\src\\Illuminate\\Pipeline\\Pipeline.php(183): Illuminate\\Foundation\\Http\\Middleware\\PreventRequestsDuringMaintenance->handle(Object(Illuminate\\Http\\Request), Object(Closure))
#53 C:\\Users\\AMIN\\Desktop\\bigstore\\vendor\\laravel\\framework\\src\\Illuminate\\Http\\Middleware\\HandleCors.php(49): Illuminate\\Pipeline\\Pipeline->Illuminate\\Pipeline\\{closure}(Object(Illuminate\\Http\\Request))
#54 C:\\Users\\AMIN\\Desktop\\bigstore\\vendor\\laravel\\framework\\src\\Illuminate\\Pipeline\\Pipeline.php(183): Illuminate\\Http\\Middleware\\HandleCors->handle(Object(Illuminate\\Http\\Request), Object(Closure))
#55 C:\\Users\\AMIN\\Desktop\\bigstore\\vendor\\laravel\\framework\\src\\Illuminate\\Http\\Middleware\\TrustProxies.php(39): Illuminate\\Pipeline\\Pipeline->Illuminate\\Pipeline\\{closure}(Object(Illuminate\\Http\\Request))
#56 C:\\Users\\AMIN\\Desktop\\bigstore\\vendor\\laravel\\framework\\src\\Illuminate\\Pipeline\\Pipeline.php(183): Illuminate\\Http\\Middleware\\TrustProxies->handle(Object(Illuminate\\Http\\Request), Object(Closure))
#57 C:\\Users\\AMIN\\Desktop\\bigstore\\vendor\\laravel\\framework\\src\\Illuminate\\Pipeline\\Pipeline.php(119): Illuminate\\Pipeline\\Pipeline->Illuminate\\Pipeline\\{closure}(Object(Illuminate\\Http\\Request))
#58 C:\\Users\\AMIN\\Desktop\\bigstore\\vendor\\laravel\\framework\\src\\Illuminate\\Foundation\\Http\\Kernel.php(175): Illuminate\\Pipeline\\Pipeline->then(Object(Closure))
#59 C:\\Users\\AMIN\\Desktop\\bigstore\\vendor\\laravel\\framework\\src\\Illuminate\\Foundation\\Http\\Kernel.php(144): Illuminate\\Foundation\\Http\\Kernel->sendRequestThroughRouter(Object(Illuminate\\Http\\Request))
#60 C:\\Users\\AMIN\\Desktop\\bigstore\\public\\index.php(51): Illuminate\\Foundation\\Http\\Kernel->handle(Object(Illuminate\\Http\\Request))
#61 C:\\Users\\AMIN\\Desktop\\bigstore\\vendor\\laravel\\framework\\src\\Illuminate\\Foundation\\resources\\server.php(16): require_once('C:\\\\Users\\\\AMIN\\\\D...')
#62 {main}
"} 
[2026-07-16 00:58:29] local.ERROR: Cannot redeclare province_name() (previously declared in C:\Users\AMIN\Desktop\bigstore\app\helpers.php:7) {"exception":"[object] (Symfony\\Component\\ErrorHandler\\Error\\FatalError(code: 0): Cannot redeclare province_name() (previously declared in C:\\Users\\AMIN\\Desktop\\bigstore\\app\\helpers.php:7) at C:\\Users\\AMIN\\Desktop\\bigstore\\app\\helpers.php:9)
[stacktrace]
#0 {main}
"} 
[2026-07-16 00:59:29] local.ERROR: Cannot redeclare province_name() (previously declared in C:\Users\AMIN\Desktop\bigstore\app\helpers.php:7) {"exception":"[object] (Symfony\\Component\\ErrorHandler\\Error\\FatalError(code: 0): Cannot redeclare province_name() (previously declared in C:\\Users\\AMIN\\Desktop\\bigstore\\app\\helpers.php:7) at C:\\Users\\AMIN\\Desktop\\bigstore\\app\\helpers.php:9)
[stacktrace]
#0 {main}
"} 
[2026-07-16 01:00:29] local.ERROR: Cannot redeclare province_name() (previously declared in C:\Users\AMIN\Desktop\bigstore\app\helpers.php:7) {"exception":"[object] (Symfony\\Component\\ErrorHandler\\Error\\FatalError(code: 0): Cannot redeclare province_name() (previously declared in C:\\Users\\AMIN\\Desktop\\bigstore\\app\\helpers.php:7) at C:\\Users\\AMIN\\Desktop\\bigstore\\app\\helpers.php:9)
[stacktrace]
#0 {main}
"} 
[2026-07-16 01:00:35] local.ERROR: View [front.layouts.master] not found. (View: C:\Users\AMIN\Desktop\bigstore\resources\views\front\blog\show.blade.php) {"userId":1,"exception":"[object] (Illuminate\\View\\ViewException(code: 0): View [front.layouts.master] not found. (View: C:\\Users\\AMIN\\Desktop\\bigstore\\resources\\views\\front\\blog\\show.blade.php) at C:\\Users\\AMIN\\Desktop\\bigstore\\vendor\\laravel\\framework\\src\\Illuminate\\View\\FileViewFinder.php:137)
[stacktrace]
#0 C:\\Users\\AMIN\\Desktop\\bigstore\\vendor\\livewire\\livewire\\src\\ComponentConcerns\\RendersLivewireComponents.php(106): Illuminate\\View\\Engines\\CompilerEngine->handleViewException(Object(InvalidArgumentException), 1)
#1 C:\\Users\\AMIN\\Desktop\\bigstore\\vendor\\laravel\\framework\\src\\Illuminate\\View\\Engines\\PhpEngine.php(60): Livewire\\LivewireViewCompilerEngine->handleViewException(Object(InvalidArgumentException), 1)
#2 C:\\Users\\AMIN\\Desktop\\bigstore\\vendor\\livewire\\livewire\\src\\ComponentConcerns\\RendersLivewireComponents.php(69): Illuminate\\View\\Engines\\PhpEngine->evaluatePath('C:\\\\Users\\\\AMIN\\\\D...', Array)
#3 C:\\Users\\AMIN\\Desktop\\bigstore\\vendor\\laravel\\framework\\src\\Illuminate\\View\\Engines\\CompilerEngine.php(72): Livewire\\LivewireViewCompilerEngine->evaluatePath('C:\\\\Users\\\\AMIN\\\\D...', Array)
#4 C:\\Users\\AMIN\\Desktop\\bigstore\\vendor\\livewire\\livewire\\src\\ComponentConcerns\\RendersLivewireComponents.php(35): Illuminate\\View\\Engines\\CompilerEngine->get('C:\\\\Users\\\\AMIN\\\\D...', Array)
#5 C:\\Users\\AMIN\\Desktop\\bigstore\\vendor\\laravel\\framework\\src\\Illuminate\\View\\View.php(207): Livewire\\LivewireViewCompilerEngine->get('C:\\\\Users\\\\AMIN\\\\D...', Array)
#6 C:\\Users\\AMIN\\Desktop\\bigstore\\vendor\\laravel\\framework\\src\\Illuminate\\View\\View.php(190): Illuminate\\View\\View->getContents()
#7 C:\\Users\\AMIN\\Desktop\\bigstore\\vendor\\laravel\\framework\\src\\Illuminate\\View\\View.php(159): Illuminate\\View\\View->renderContents()
#8 C:\\Users\\AMIN\\Desktop\\bigstore\\vendor\\laravel\\framework\\src\\Illuminate\\Http\\Response.php(69): Illuminate\\View\\View->render()
#9 C:\\Users\\AMIN\\Desktop\\bigstore\\vendor\\laravel\\framework\\src\\Illuminate\\Http\\Response.php(35): Illuminate\\Http\\Response->setContent(Object(Illuminate\\View\\View))
#10 C:\\Users\\AMIN\\Desktop\\bigstore\\vendor\\laravel\\framework\\src\\Illuminate\\Routing\\Router.php(918): Illuminate\\Http\\Response->__construct(Object(Illuminate\\View\\View), 200, Array)
#11 C:\\Users\\AMIN\\Desktop\\bigstore\\vendor\\laravel\\framework\\src\\Illuminate\\Routing\\Router.php(885): Illuminate\\Routing\\Router::toResponse(Object(Illuminate\\Http\\Request), Object(Illuminate\\View\\View))
#12 C:\\Users\\AMIN\\Desktop\\bigstore\\vendor\\laravel\\framework\\src\\Illuminate\\Routing\\Router.php(805): Illuminate\\Routing\\Router->prepareResponse(Object(Illuminate\\Http\\Request), Object(Illuminate\\View\\View))
#13 C:\\Users\\AMIN\\Desktop\\bigstore\\vendor\\laravel\\framework\\src\\Illuminate\\Pipeline\\Pipeline.php(144): Illuminate\\Routing\\Router->Illuminate\\Routing\\{closure}(Object(Illuminate\\Http\\Request))
#14 C:\\Users\\AMIN\\Desktop\\bigstore\\vendor\\php-flasher\\flasher-laravel\\Middleware\\FlasherMiddleware.php(34): Illuminate\\Pipeline\\Pipeline->Illuminate\\Pipeline\\{closure}(Object(Illuminate\\Http\\Request))
#15 C:\\Users\\AMIN\\Desktop\\bigstore\\vendor\\laravel\\framework\\src\\Illuminate\\Pipeline\\Pipeline.php(183): Flasher\\Laravel\\Middleware\\FlasherMiddleware->handle(Object(Illuminate\\Http\\Request), Object(Closure))
#16 C:\\Users\\AMIN\\Desktop\\bigstore\\vendor\\php-flasher\\flasher-laravel\\Middleware\\SessionMiddleware.php(34): Illuminate\\Pipeline\\Pipeline->Illuminate\\Pipeline\\{closure}(Object(Illuminate\\Http\\Request))
#17 C:\\Users\\AMIN\\Desktop\\bigstore\\vendor\\laravel\\framework\\src\\Illuminate\\Pipeline\\Pipeline.php(183): Flasher\\Laravel\\Middleware\\SessionMiddleware->handle(Object(Illuminate\\Http\\Request), Object(Closure))
#18 C:\\Users\\AMIN\\Desktop\\bigstore\\vendor\\laravel\\framework\\src\\Illuminate\\Routing\\Middleware\\SubstituteBindings.php(50): Illuminate\\Pipeline\\Pipeline->Illuminate\\Pipeline\\{closure}(Object(Illuminate\\Http\\Request))
#19 C:\\Users\\AMIN\\Desktop\\bigstore\\vendor\\laravel\\framework\\src\\Illuminate\\Pipeline\\Pipeline.php(183): Illuminate\\Routing\\Middleware\\SubstituteBindings->handle(Object(Illuminate\\Http\\Request), Object(Closure))
#20 C:\\Users\\AMIN\\Desktop\\bigstore\\vendor\\laravel\\framework\\src\\Illuminate\\Foundation\\Http\\Middleware\\VerifyCsrfToken.php(78): Illuminate\\Pipeline\\Pipeline->Illuminate\\Pipeline\\{closure}(Object(Illuminate\\Http\\Request))
#21 C:\\Users\\AMIN\\Desktop\\bigstore\\vendor\\laravel\\framework\\src\\Illuminate\\Pipeline\\Pipeline.php(183): Illuminate\\Foundation\\Http\\Middleware\\VerifyCsrfToken->handle(Object(Illuminate\\Http\\Request), Object(Closure))
#22 C:\\Users\\AMIN\\Desktop\\bigstore\\vendor\\laravel\\framework\\src\\Illuminate\\View\\Middleware\\ShareErrorsFromSession.php(49): Illuminate\\Pipeline\\Pipeline->Illuminate\\Pipeline\\{closure}(Object(Illuminate\\Http\\Request))
#23 C:\\Users\\AMIN\\Desktop\\bigstore\\vendor\\laravel\\framework\\src\\Illuminate\\Pipeline\\Pipeline.php(183): Illuminate\\View\\Middleware\\ShareErrorsFromSession->handle(Object(Illuminate\\Http\\Request), Object(Closure))
#24 C:\\Users\\AMIN\\Desktop\\bigstore\\vendor\\laravel\\framework\\src\\Illuminate\\Session\\Middleware\\StartSession.php(121): Illuminate\\Pipeline\\Pipeline->Illuminate\\Pipeline\\{closure}(Object(Illuminate\\Http\\Request))
#25 C:\\Users\\AMIN\\Desktop\\bigstore\\vendor\\laravel\\framework\\src\\Illuminate\\Session\\Middleware\\StartSession.php(64): Illuminate\\Session\\Middleware\\StartSession->handleStatefulRequest(Object(Illuminate\\Http\\Request), Object(Illuminate\\Session\\Store), Object(Closure))
#26 C:\\Users\\AMIN\\Desktop\\bigstore\\vendor\\laravel\\framework\\src\\Illuminate\\Pipeline\\Pipeline.php(183): Illuminate\\Session\\Middleware\\StartSession->handle(Object(Illuminate\\Http\\Request), Object(Closure))
#27 C:\\Users\\AMIN\\Desktop\\bigstore\\vendor\\laravel\\framework\\src\\Illuminate\\Cookie\\Middleware\\AddQueuedCookiesToResponse.php(37): Illuminate\\Pipeline\\Pipeline->Illuminate\\Pipeline\\{closure}(Object(Illuminate\\Http\\Request))
#28 C:\\Users\\AMIN\\Desktop\\bigstore\\vendor\\laravel\\framework\\src\\Illuminate\\Pipeline\\Pipeline.php(183): Illuminate\\Cookie\\Middleware\\AddQueuedCookiesToResponse->handle(Object(Illuminate\\Http\\Request), Object(Closure))
#29 C:\\Users\\AMIN\\Desktop\\bigstore\\vendor\\laravel\\framework\\src\\Illuminate\\Cookie\\Middleware\\EncryptCookies.php(67): Illuminate\\Pipeline\\Pipeline->Illuminate\\Pipeline\\{closure}(Object(Illuminate\\Http\\Request))
#30 C:\\Users\\AMIN\\Desktop\\bigstore\\vendor\\laravel\\framework\\src\\Illuminate\\Pipeline\\Pipeline.php(183): Illuminate\\Cookie\\Middleware\\EncryptCookies->handle(Object(Illuminate\\Http\\Request), Object(Closure))
#31 C:\\Users\\AMIN\\Desktop\\bigstore\\vendor\\laravel\\framework\\src\\Illuminate\\Pipeline\\Pipeline.php(119): Illuminate\\Pipeline\\Pipeline->Illuminate\\Pipeline\\{closure}(Object(Illuminate\\Http\\Request))
#32 C:\\Users\\AMIN\\Desktop\\bigstore\\vendor\\laravel\\framework\\src\\Illuminate\\Routing\\Router.php(805): Illuminate\\Pipeline\\Pipeline->then(Object(Closure))
#33 C:\\Users\\AMIN\\Desktop\\bigstore\\vendor\\laravel\\framework\\src\\Illuminate\\Routing\\Router.php(784): Illuminate\\Routing\\Router->runRouteWithinStack(Object(Illuminate\\Routing\\Route), Object(Illuminate\\Http\\Request))
#34 C:\\Users\\AMIN\\Desktop\\bigstore\\vendor\\laravel\\framework\\src\\Illuminate\\Routing\\Router.php(748): Illuminate\\Routing\\Router->runRoute(Object(Illuminate\\Http\\Request), Object(Illuminate\\Routing\\Route))
#35 C:\\Users\\AMIN\\Desktop\\bigstore\\vendor\\laravel\\framework\\src\\Illuminate\\Routing\\Router.php(737): Illuminate\\Routing\\Router->dispatchToRoute(Object(Illuminate\\Http\\Request))
#36 C:\\Users\\AMIN\\Desktop\\bigstore\\vendor\\laravel\\framework\\src\\Illuminate\\Foundation\\Http\\Kernel.php(200): Illuminate\\Routing\\Router->dispatch(Object(Illuminate\\Http\\Request))
#37 C:\\Users\\AMIN\\Desktop\\bigstore\\vendor\\laravel\\framework\\src\\Illuminate\\Pipeline\\Pipeline.php(144): Illuminate\\Foundation\\Http\\Kernel->Illuminate\\Foundation\\Http\\{closure}(Object(Illuminate\\Http\\Request))
#38 C:\\Users\\AMIN\\Desktop\\bigstore\\vendor\\livewire\\livewire\\src\\DisableBrowserCache.php(19): Illuminate\\Pipeline\\Pipeline->Illuminate\\Pipeline\\{closure}(Object(Illuminate\\Http\\Request))
#39 C:\\Users\\AMIN\\Desktop\\bigstore\\vendor\\laravel\\framework\\src\\Illuminate\\Pipeline\\Pipeline.php(183): Livewire\\DisableBrowserCache->handle(Object(Illuminate\\Http\\Request), Object(Closure))
#40 C:\\Users\\AMIN\\Desktop\\bigstore\\vendor\\laravel\\framework\\src\\Illuminate\\Foundation\\Http\\Middleware\\TransformsRequest.php(21): Illuminate\\Pipeline\\Pipeline->Illuminate\\Pipeline\\{closure}(Object(Illuminate\\Http\\Request))
#41 C:\\Users\\AMIN\\Desktop\\bigstore\\vendor\\laravel\\framework\\src\\Illuminate\\Foundation\\Http\\Middleware\\ConvertEmptyStringsToNull.php(31): Illuminate\\Foundation\\Http\\Middleware\\TransformsRequest->handle(Object(Illuminate\\Http\\Request), Object(Closure))
#42 C:\\Users\\AMIN\\Desktop\\bigstore\\vendor\\laravel\\framework\\src\\Illuminate\\Pipeline\\Pipeline.php(183): Illuminate\\Foundation\\Http\\Middleware\\ConvertEmptyStringsToNull->handle(Object(Illuminate\\Http\\Request), Object(Closure))
#43 C:\\Users\\AMIN\\Desktop\\bigstore\\vendor\\laravel\\framework\\src\\Illuminate\\Foundation\\Http\\Middleware\\TransformsRequest.php(21): Illuminate\\Pipeline\\Pipeline->Illuminate\\Pipeline\\{closure}(Object(Illuminate\\Http\\Request))
#44 C:\\Users\\AMIN\\Desktop\\bigstore\\vendor\\laravel\\framework\\src\\Illuminate\\Foundation\\Http\\Middleware\\TrimStrings.php(40): Illuminate\\Foundation\\Http\\Middleware\\TransformsRequest->handle(Object(Illuminate\\Http\\Request), Object(Closure))
#45 C:\\Users\\AMIN\\Desktop\\bigstore\\vendor\\laravel\\framework\\src\\Illuminate\\Pipeline\\Pipeline.php(183): Illuminate\\Foundation\\Http\\Middleware\\TrimStrings->handle(Object(Illuminate\\Http\\Request), Object(Closure))
#46 C:\\Users\\AMIN\\Desktop\\bigstore\\vendor\\laravel\\framework\\src\\Illuminate\\Foundation\\Http\\Middleware\\ValidatePostSize.php(27): Illuminate\\Pipeline\\Pipeline->Illuminate\\Pipeline\\{closure}(Object(Illuminate\\Http\\Request))
#47 C:\\Users\\AMIN\\Desktop\\bigstore\\vendor\\laravel\\framework\\src\\Illuminate\\Pipeline\\Pipeline.php(183): Illuminate\\Foundation\\Http\\Middleware\\ValidatePostSize->handle(Object(Illuminate\\Http\\Request), Object(Closure))
#48 C:\\Users\\AMIN\\Desktop\\bigstore\\vendor\\laravel\\framework\\src\\Illuminate\\Foundation\\Http\\Middleware\\PreventRequestsDuringMaintenance.php(99): Illuminate\\Pipeline\\Pipeline->Illuminate\\Pipeline\\{closure}(Object(Illuminate\\Http\\Request))
#49 C:\\Users\\AMIN\\Desktop\\bigstore\\vendor\\laravel\\framework\\src\\Illuminate\\Pipeline\\Pipeline.php(183): Illuminate\\Foundation\\Http\\Middleware\\PreventRequestsDuringMaintenance->handle(Object(Illuminate\\Http\\Request), Object(Closure))
#50 C:\\Users\\AMIN\\Desktop\\bigstore\\vendor\\laravel\\framework\\src\\Illuminate\\Http\\Middleware\\HandleCors.php(49): Illuminate\\Pipeline\\Pipeline->Illuminate\\Pipeline\\{closure}(Object(Illuminate\\Http\\Request))
#51 C:\\Users\\AMIN\\Desktop\\bigstore\\vendor\\laravel\\framework\\src\\Illuminate\\Pipeline\\Pipeline.php(183): Illuminate\\Http\\Middleware\\HandleCors->handle(Object(Illuminate\\Http\\Request), Object(Closure))
#52 C:\\Users\\AMIN\\Desktop\\bigstore\\vendor\\laravel\\framework\\src\\Illuminate\\Http\\Middleware\\TrustProxies.php(39): Illuminate\\Pipeline\\Pipeline->Illuminate\\Pipeline\\{closure}(Object(Illuminate\\Http\\Request))
#53 C:\\Users\\AMIN\\Desktop\\bigstore\\vendor\\laravel\\framework\\src\\Illuminate\\Pipeline\\Pipeline.php(183): Illuminate\\Http\\Middleware\\TrustProxies->handle(Object(Illuminate\\Http\\Request), Object(Closure))
#54 C:\\Users\\AMIN\\Desktop\\bigstore\\vendor\\laravel\\framework\\src\\Illuminate\\Pipeline\\Pipeline.php(119): Illuminate\\Pipeline\\Pipeline->Illuminate\\Pipeline\\{closure}(Object(Illuminate\\Http\\Request))
#55 C:\\Users\\AMIN\\Desktop\\bigstore\\vendor\\laravel\\framework\\src\\Illuminate\\Foundation\\Http\\Kernel.php(175): Illuminate\\Pipeline\\Pipeline->then(Object(Closure))
#56 C:\\Users\\AMIN\\Desktop\\bigstore\\vendor\\laravel\\framework\\src\\Illuminate\\Foundation\\Http\\Kernel.php(144): Illuminate\\Foundation\\Http\\Kernel->sendRequestThroughRouter(Object(Illuminate\\Http\\Request))
#57 C:\\Users\\AMIN\\Desktop\\bigstore\\public\\index.php(51): Illuminate\\Foundation\\Http\\Kernel->handle(Object(Illuminate\\Http\\Request))
#58 C:\\Users\\AMIN\\Desktop\\bigstore\\vendor\\laravel\\framework\\src\\Illuminate\\Foundation\\resources\\server.php(16): require_once('C:\\\\Users\\\\AMIN\\\\D...')
#59 {main}

[previous exception] [object] (InvalidArgumentException(code: 0): View [front.layouts.master] not found. at C:\\Users\\AMIN\\Desktop\\bigstore\\vendor\\laravel\\framework\\src\\Illuminate\\View\\FileViewFinder.php:137)
[stacktrace]
#0 C:\\Users\\AMIN\\Desktop\\bigstore\\vendor\\laravel\\framework\\src\\Illuminate\\View\\FileViewFinder.php(79): Illuminate\\View\\FileViewFinder->findInPaths('front.layouts.m...', Array)
#1 C:\\Users\\AMIN\\Desktop\\bigstore\\vendor\\laravel\\framework\\src\\Illuminate\\View\\Factory.php(137): Illuminate\\View\\FileViewFinder->find('front.layouts.m...')
#2 C:\\Users\\AMIN\\Desktop\\bigstore\\storage\\framework\\views\\0ac35e1c1bbffd0a840e186b9ba9f662.php(205): Illuminate\\View\\Factory->make('front.layouts.m...', Array)
#3 C:\\Users\\AMIN\\Desktop\\bigstore\\vendor\\laravel\\framework\\src\\Illuminate\\Filesystem\\Filesystem.php(123): require('C:\\\\Users\\\\AMIN\\\\D...')
#4 C:\\Users\\AMIN\\Desktop\\bigstore\\vendor\\laravel\\framework\\src\\Illuminate\\Filesystem\\Filesystem.php(124): Illuminate\\Filesystem\\Filesystem::Illuminate\\Filesystem\\{closure}()
#5 C:\\Users\\AMIN\\Desktop\\bigstore\\vendor\\laravel\\framework\\src\\Illuminate\\View\\Engines\\PhpEngine.php(58): Illuminate\\Filesystem\\Filesystem->getRequire('C:\\\\Users\\\\AMIN\\\\D...', Array)
#6 C:\\Users\\AMIN\\Desktop\\bigstore\\vendor\\livewire\\livewire\\src\\ComponentConcerns\\RendersLivewireComponents.php(69): Illuminate\\View\\Engines\\PhpEngine->evaluatePath('C:\\\\Users\\\\AMIN\\\\D...', Array)
#7 C:\\Users\\AMIN\\Desktop\\bigstore\\vendor\\laravel\\framework\\src\\Illuminate\\View\\Engines\\CompilerEngine.php(72): Livewire\\LivewireViewCompilerEngine->evaluatePath('C:\\\\Users\\\\AMIN\\\\D...', Array)
#8 C:\\Users\\AMIN\\Desktop\\bigstore\\vendor\\livewire\\livewire\\src\\ComponentConcerns\\RendersLivewireComponents.php(35): Illuminate\\View\\Engines\\CompilerEngine->get('C:\\\\Users\\\\AMIN\\\\D...', Array)
#9 C:\\Users\\AMIN\\Desktop\\bigstore\\vendor\\laravel\\framework\\src\\Illuminate\\View\\View.php(207): Livewire\\LivewireViewCompilerEngine->get('C:\\\\Users\\\\AMIN\\\\D...', Array)
#10 C:\\Users\\AMIN\\Desktop\\bigstore\\vendor\\laravel\\framework\\src\\Illuminate\\View\\View.php(190): Illuminate\\View\\View->getContents()
#11 C:\\Users\\AMIN\\Desktop\\bigstore\\vendor\\laravel\\framework\\src\\Illuminate\\View\\View.php(159): Illuminate\\View\\View->renderContents()
#12 C:\\Users\\AMIN\\Desktop\\bigstore\\vendor\\laravel\\framework\\src\\Illuminate\\Http\\Response.php(69): Illuminate\\View\\View->render()
#13 C:\\Users\\AMIN\\Desktop\\bigstore\\vendor\\laravel\\framework\\src\\Illuminate\\Http\\Response.php(35): Illuminate\\Http\\Response->setContent(Object(Illuminate\\View\\View))
#14 C:\\Users\\AMIN\\Desktop\\bigstore\\vendor\\laravel\\framework\\src\\Illuminate\\Routing\\Router.php(918): Illuminate\\Http\\Response->__construct(Object(Illuminate\\View\\View), 200, Array)
#15 C:\\Users\\AMIN\\Desktop\\bigstore\\vendor\\laravel\\framework\\src\\Illuminate\\Routing\\Router.php(885): Illuminate\\Routing\\Router::toResponse(Object(Illuminate\\Http\\Request), Object(Illuminate\\View\\View))
#16 C:\\Users\\AMIN\\Desktop\\bigstore\\vendor\\laravel\\framework\\src\\Illuminate\\Routing\\Router.php(805): Illuminate\\Routing\\Router->prepareResponse(Object(Illuminate\\Http\\Request), Object(Illuminate\\View\\View))
#17 C:\\Users\\AMIN\\Desktop\\bigstore\\vendor\\laravel\\framework\\src\\Illuminate\\Pipeline\\Pipeline.php(144): Illuminate\\Routing\\Router->Illuminate\\Routing\\{closure}(Object(Illuminate\\Http\\Request))
#18 C:\\Users\\AMIN\\Desktop\\bigstore\\vendor\\php-flasher\\flasher-laravel\\Middleware\\FlasherMiddleware.php(34): Illuminate\\Pipeline\\Pipeline->Illuminate\\Pipeline\\{closure}(Object(Illuminate\\Http\\Request))
#19 C:\\Users\\AMIN\\Desktop\\bigstore\\vendor\\laravel\\framework\\src\\Illuminate\\Pipeline\\Pipeline.php(183): Flasher\\Laravel\\Middleware\\FlasherMiddleware->handle(Object(Illuminate\\Http\\Request), Object(Closure))
#20 C:\\Users\\AMIN\\Desktop\\bigstore\\vendor\\php-flasher\\flasher-laravel\\Middleware\\SessionMiddleware.php(34): Illuminate\\Pipeline\\Pipeline->Illuminate\\Pipeline\\{closure}(Object(Illuminate\\Http\\Request))
#21 C:\\Users\\AMIN\\Desktop\\bigstore\\vendor\\laravel\\framework\\src\\Illuminate\\Pipeline\\Pipeline.php(183): Flasher\\Laravel\\Middleware\\SessionMiddleware->handle(Object(Illuminate\\Http\\Request), Object(Closure))
#22 C:\\Users\\AMIN\\Desktop\\bigstore\\vendor\\laravel\\framework\\src\\Illuminate\\Routing\\Middleware\\SubstituteBindings.php(50): Illuminate\\Pipeline\\Pipeline->Illuminate\\Pipeline\\{closure}(Object(Illuminate\\Http\\Request))
#23 C:\\Users\\AMIN\\Desktop\\bigstore\\vendor\\laravel\\framework\\src\\Illuminate\\Pipeline\\Pipeline.php(183): Illuminate\\Routing\\Middleware\\SubstituteBindings->handle(Object(Illuminate\\Http\\Request), Object(Closure))
#24 C:\\Users\\AMIN\\Desktop\\bigstore\\vendor\\laravel\\framework\\src\\Illuminate\\Foundation\\Http\\Middleware\\VerifyCsrfToken.php(78): Illuminate\\Pipeline\\Pipeline->Illuminate\\Pipeline\\{closure}(Object(Illuminate\\Http\\Request))
#25 C:\\Users\\AMIN\\Desktop\\bigstore\\vendor\\laravel\\framework\\src\\Illuminate\\Pipeline\\Pipeline.php(183): Illuminate\\Foundation\\Http\\Middleware\\VerifyCsrfToken->handle(Object(Illuminate\\Http\\Request), Object(Closure))
#26 C:\\Users\\AMIN\\Desktop\\bigstore\\vendor\\laravel\\framework\\src\\Illuminate\\View\\Middleware\\ShareErrorsFromSession.php(49): Illuminate\\Pipeline\\Pipeline->Illuminate\\Pipeline\\{closure}(Object(Illuminate\\Http\\Request))
#27 C:\\Users\\AMIN\\Desktop\\bigstore\\vendor\\laravel\\framework\\src\\Illuminate\\Pipeline\\Pipeline.php(183): Illuminate\\View\\Middleware\\ShareErrorsFromSession->handle(Object(Illuminate\\Http\\Request), Object(Closure))
#28 C:\\Users\\AMIN\\Desktop\\bigstore\\vendor\\laravel\\framework\\src\\Illuminate\\Session\\Middleware\\StartSession.php(121): Illuminate\\Pipeline\\Pipeline->Illuminate\\Pipeline\\{closure}(Object(Illuminate\\Http\\Request))
#29 C:\\Users\\AMIN\\Desktop\\bigstore\\vendor\\laravel\\framework\\src\\Illuminate\\Session\\Middleware\\StartSession.php(64): Illuminate\\Session\\Middleware\\StartSession->handleStatefulRequest(Object(Illuminate\\Http\\Request), Object(Illuminate\\Session\\Store), Object(Closure))
#30 C:\\Users\\AMIN\\Desktop\\bigstore\\vendor\\laravel\\framework\\src\\Illuminate\\Pipeline\\Pipeline.php(183): Illuminate\\Session\\Middleware\\StartSession->handle(Object(Illuminate\\Http\\Request), Object(Closure))
#31 C:\\Users\\AMIN\\Desktop\\bigstore\\vendor\\laravel\\framework\\src\\Illuminate\\Cookie\\Middleware\\AddQueuedCookiesToResponse.php(37): Illuminate\\Pipeline\\Pipeline->Illuminate\\Pipeline\\{closure}(Object(Illuminate\\Http\\Request))
#32 C:\\Users\\AMIN\\Desktop\\bigstore\\vendor\\laravel\\framework\\src\\Illuminate\\Pipeline\\Pipeline.php(183): Illuminate\\Cookie\\Middleware\\AddQueuedCookiesToResponse->handle(Object(Illuminate\\Http\\Request), Object(Closure))
#33 C:\\Users\\AMIN\\Desktop\\bigstore\\vendor\\laravel\\framework\\src\\Illuminate\\Cookie\\Middleware\\EncryptCookies.php(67): Illuminate\\Pipeline\\Pipeline->Illuminate\\Pipeline\\{closure}(Object(Illuminate\\Http\\Request))
#34 C:\\Users\\AMIN\\Desktop\\bigstore\\vendor\\laravel\\framework\\src\\Illuminate\\Pipeline\\Pipeline.php(183): Illuminate\\Cookie\\Middleware\\EncryptCookies->handle(Object(Illuminate\\Http\\Request), Object(Closure))
#35 C:\\Users\\AMIN\\Desktop\\bigstore\\vendor\\laravel\\framework\\src\\Illuminate\\Pipeline\\Pipeline.php(119): Illuminate\\Pipeline\\Pipeline->Illuminate\\Pipeline\\{closure}(Object(Illuminate\\Http\\Request))
#36 C:\\Users\\AMIN\\Desktop\\bigstore\\vendor\\laravel\\framework\\src\\Illuminate\\Routing\\Router.php(805): Illuminate\\Pipeline\\Pipeline->then(Object(Closure))
#37 C:\\Users\\AMIN\\Desktop\\bigstore\\vendor\\laravel\\framework\\src\\Illuminate\\Routing\\Router.php(784): Illuminate\\Routing\\Router->runRouteWithinStack(Object(Illuminate\\Routing\\Route), Object(Illuminate\\Http\\Request))
#38 C:\\Users\\AMIN\\Desktop\\bigstore\\vendor\\laravel\\framework\\src\\Illuminate\\Routing\\Router.php(748): Illuminate\\Routing\\Router->runRoute(Object(Illuminate\\Http\\Request), Object(Illuminate\\Routing\\Route))
#39 C:\\Users\\AMIN\\Desktop\\bigstore\\vendor\\laravel\\framework\\src\\Illuminate\\Routing\\Router.php(737): Illuminate\\Routing\\Router->dispatchToRoute(Object(Illuminate\\Http\\Request))
#40 C:\\Users\\AMIN\\Desktop\\bigstore\\vendor\\laravel\\framework\\src\\Illuminate\\Foundation\\Http\\Kernel.php(200): Illuminate\\Routing\\Router->dispatch(Object(Illuminate\\Http\\Request))
#41 C:\\Users\\AMIN\\Desktop\\bigstore\\vendor\\laravel\\framework\\src\\Illuminate\\Pipeline\\Pipeline.php(144): Illuminate\\Foundation\\Http\\Kernel->Illuminate\\Foundation\\Http\\{closure}(Object(Illuminate\\Http\\Request))
#42 C:\\Users\\AMIN\\Desktop\\bigstore\\vendor\\livewire\\livewire\\src\\DisableBrowserCache.php(19): Illuminate\\Pipeline\\Pipeline->Illuminate\\Pipeline\\{closure}(Object(Illuminate\\Http\\Request))
#43 C:\\Users\\AMIN\\Desktop\\bigstore\\vendor\\laravel\\framework\\src\\Illuminate\\Pipeline\\Pipeline.php(183): Livewire\\DisableBrowserCache->handle(Object(Illuminate\\Http\\Request), Object(Closure))
#44 C:\\Users\\AMIN\\Desktop\\bigstore\\vendor\\laravel\\framework\\src\\Illuminate\\Foundation\\Http\\Middleware\\TransformsRequest.php(21): Illuminate\\Pipeline\\Pipeline->Illuminate\\Pipeline\\{closure}(Object(Illuminate\\Http\\Request))
#45 C:\\Users\\AMIN\\Desktop\\bigstore\\vendor\\laravel\\framework\\src\\Illuminate\\Foundation\\Http\\Middleware\\ConvertEmptyStringsToNull.php(31): Illuminate\\Foundation\\Http\\Middleware\\TransformsRequest->handle(Object(Illuminate\\Http\\Request), Object(Closure))
#46 C:\\Users\\AMIN\\Desktop\\bigstore\\vendor\\laravel\\framework\\src\\Illuminate\\Pipeline\\Pipeline.php(183): Illuminate\\Foundation\\Http\\Middleware\\ConvertEmptyStringsToNull->handle(Object(Illuminate\\Http\\Request), Object(Closure))
#47 C:\\Users\\AMIN\\Desktop\\bigstore\\vendor\\laravel\\framework\\src\\Illuminate\\Foundation\\Http\\Middleware\\TransformsRequest.php(21): Illuminate\\Pipeline\\Pipeline->Illuminate\\Pipeline\\{closure}(Object(Illuminate\\Http\\Request))
#48 C:\\Users\\AMIN\\Desktop\\bigstore\\vendor\\laravel\\framework\\src\\Illuminate\\Foundation\\Http\\Middleware\\TrimStrings.php(40): Illuminate\\Foundation\\Http\\Middleware\\TransformsRequest->handle(Object(Illuminate\\Http\\Request), Object(Closure))
#49 C:\\Users\\AMIN\\Desktop\\bigstore\\vendor\\laravel\\framework\\src\\Illuminate\\Pipeline\\Pipeline.php(183): Illuminate\\Foundation\\Http\\Middleware\\TrimStrings->handle(Object(Illuminate\\Http\\Request), Object(Closure))
#50 C:\\Users\\AMIN\\Desktop\\bigstore\\vendor\\laravel\\framework\\src\\Illuminate\\Foundation\\Http\\Middleware\\ValidatePostSize.php(27): Illuminate\\Pipeline\\Pipeline->Illuminate\\Pipeline\\{closure}(Object(Illuminate\\Http\\Request))
#51 C:\\Users\\AMIN\\Desktop\\bigstore\\vendor\\laravel\\framework\\src\\Illuminate\\Pipeline\\Pipeline.php(183): Illuminate\\Foundation\\Http\\Middleware\\ValidatePostSize->handle(Object(Illuminate\\Http\\Request), Object(Closure))
#52 C:\\Users\\AMIN\\Desktop\\bigstore\\vendor\\laravel\\framework\\src\\Illuminate\\Foundation\\Http\\Middleware\\PreventRequestsDuringMaintenance.php(99): Illuminate\\Pipeline\\Pipeline->Illuminate\\Pipeline\\{closure}(Object(Illuminate\\Http\\Request))
#53 C:\\Users\\AMIN\\Desktop\\bigstore\\vendor\\laravel\\framework\\src\\Illuminate\\Pipeline\\Pipeline.php(183): Illuminate\\Foundation\\Http\\Middleware\\PreventRequestsDuringMaintenance->handle(Object(Illuminate\\Http\\Request), Object(Closure))
#54 C:\\Users\\AMIN\\Desktop\\bigstore\\vendor\\laravel\\framework\\src\\Illuminate\\Http\\Middleware\\HandleCors.php(49): Illuminate\\Pipeline\\Pipeline->Illuminate\\Pipeline\\{closure}(Object(Illuminate\\Http\\Request))
#55 C:\\Users\\AMIN\\Desktop\\bigstore\\vendor\\laravel\\framework\\src\\Illuminate\\Pipeline\\Pipeline.php(183): Illuminate\\Http\\Middleware\\HandleCors->handle(Object(Illuminate\\Http\\Request), Object(Closure))
#56 C:\\Users\\AMIN\\Desktop\\bigstore\\vendor\\laravel\\framework\\src\\Illuminate\\Http\\Middleware\\TrustProxies.php(39): Illuminate\\Pipeline\\Pipeline->Illuminate\\Pipeline\\{closure}(Object(Illuminate\\Http\\Request))
#57 C:\\Users\\AMIN\\Desktop\\bigstore\\vendor\\laravel\\framework\\src\\Illuminate\\Pipeline\\Pipeline.php(183): Illuminate\\Http\\Middleware\\TrustProxies->handle(Object(Illuminate\\Http\\Request), Object(Closure))
#58 C:\\Users\\AMIN\\Desktop\\bigstore\\vendor\\laravel\\framework\\src\\Illuminate\\Pipeline\\Pipeline.php(119): Illuminate\\Pipeline\\Pipeline->Illuminate\\Pipeline\\{closure}(Object(Illuminate\\Http\\Request))
#59 C:\\Users\\AMIN\\Desktop\\bigstore\\vendor\\laravel\\framework\\src\\Illuminate\\Foundation\\Http\\Kernel.php(175): Illuminate\\Pipeline\\Pipeline->then(Object(Closure))
#60 C:\\Users\\AMIN\\Desktop\\bigstore\\vendor\\laravel\\framework\\src\\Illuminate\\Foundation\\Http\\Kernel.php(144): Illuminate\\Foundation\\Http\\Kernel->sendRequestThroughRouter(Object(Illuminate\\Http\\Request))
#61 C:\\Users\\AMIN\\Desktop\\bigstore\\public\\index.php(51): Illuminate\\Foundation\\Http\\Kernel->handle(Object(Illuminate\\Http\\Request))
#62 C:\\Users\\AMIN\\Desktop\\bigstore\\vendor\\laravel\\framework\\src\\Illuminate\\Foundation\\resources\\server.php(16): require_once('C:\\\\Users\\\\AMIN\\\\D...')
#63 {main}
"} 
[2026-07-16 01:00:59] local.ERROR: Undefined variable $categories (View: C:\Users\AMIN\Desktop\bigstore\resources\views\front\sections\header.blade.php) (View: C:\Users\AMIN\Desktop\bigstore\resources\views\front\sections\header.blade.php) (View: C:\Users\AMIN\Desktop\bigstore\resources\views\front\sections\header.blade.php) {"userId":1,"exception":"[object] (Illuminate\\View\\ViewException(code: 0): Undefined variable $categories (View: C:\\Users\\AMIN\\Desktop\\bigstore\\resources\\views\\front\\sections\\header.blade.php) (View: C:\\Users\\AMIN\\Desktop\\bigstore\\resources\\views\\front\\sections\\header.blade.php) (View: C:\\Users\\AMIN\\Desktop\\bigstore\\resources\\views\\front\\sections\\header.blade.php) at C:\\Users\\AMIN\\Desktop\\bigstore\\storage\\framework\\views\\b17e2d96a9328708007338016ee0fdc2.php:551)
[stacktrace]
#0 C:\\Users\\AMIN\\Desktop\\bigstore\\vendor\\livewire\\livewire\\src\\ComponentConcerns\\RendersLivewireComponents.php(106): Illuminate\\View\\Engines\\CompilerEngine->handleViewException(Object(Illuminate\\View\\ViewException), 1)
#1 C:\\Users\\AMIN\\Desktop\\bigstore\\vendor\\laravel\\framework\\src\\Illuminate\\View\\Engines\\PhpEngine.php(60): Livewire\\LivewireViewCompilerEngine->handleViewException(Object(Illuminate\\View\\ViewException), 1)
#2 C:\\Users\\AMIN\\Desktop\\bigstore\\vendor\\livewire\\livewire\\src\\ComponentConcerns\\RendersLivewireComponents.php(69): Illuminate\\View\\Engines\\PhpEngine->evaluatePath('C:\\\\Users\\\\AMIN\\\\D...', Array)
#3 C:\\Users\\AMIN\\Desktop\\bigstore\\vendor\\laravel\\framework\\src\\Illuminate\\View\\Engines\\CompilerEngine.php(72): Livewire\\LivewireViewCompilerEngine->evaluatePath('C:\\\\Users\\\\AMIN\\\\D...', Array)
#4 C:\\Users\\AMIN\\Desktop\\bigstore\\vendor\\livewire\\livewire\\src\\ComponentConcerns\\RendersLivewireComponents.php(35): Illuminate\\View\\Engines\\CompilerEngine->get('C:\\\\Users\\\\AMIN\\\\D...', Array)
#5 C:\\Users\\AMIN\\Desktop\\bigstore\\vendor\\laravel\\framework\\src\\Illuminate\\View\\View.php(207): Livewire\\LivewireViewCompilerEngine->get('C:\\\\Users\\\\AMIN\\\\D...', Array)
#6 C:\\Users\\AMIN\\Desktop\\bigstore\\vendor\\laravel\\framework\\src\\Illuminate\\View\\View.php(190): Illuminate\\View\\View->getContents()
#7 C:\\Users\\AMIN\\Desktop\\bigstore\\vendor\\laravel\\framework\\src\\Illuminate\\View\\View.php(159): Illuminate\\View\\View->renderContents()
#8 C:\\Users\\AMIN\\Desktop\\bigstore\\vendor\\laravel\\framework\\src\\Illuminate\\Http\\Response.php(69): Illuminate\\View\\View->render()
#9 C:\\Users\\AMIN\\Desktop\\bigstore\\vendor\\laravel\\framework\\src\\Illuminate\\Http\\Response.php(35): Illuminate\\Http\\Response->setContent(Object(Illuminate\\View\\View))
#10 C:\\Users\\AMIN\\Desktop\\bigstore\\vendor\\laravel\\framework\\src\\Illuminate\\Routing\\Router.php(918): Illuminate\\Http\\Response->__construct(Object(Illuminate\\View\\View), 200, Array)
#11 C:\\Users\\AMIN\\Desktop\\bigstore\\vendor\\laravel\\framework\\src\\Illuminate\\Routing\\Router.php(885): Illuminate\\Routing\\Router::toResponse(Object(Illuminate\\Http\\Request), Object(Illuminate\\View\\View))
#12 C:\\Users\\AMIN\\Desktop\\bigstore\\vendor\\laravel\\framework\\src\\Illuminate\\Routing\\Router.php(805): Illuminate\\Routing\\Router->prepareResponse(Object(Illuminate\\Http\\Request), Object(Illuminate\\View\\View))
#13 C:\\Users\\AMIN\\Desktop\\bigstore\\vendor\\laravel\\framework\\src\\Illuminate\\Pipeline\\Pipeline.php(144): Illuminate\\Routing\\Router->Illuminate\\Routing\\{closure}(Object(Illuminate\\Http\\Request))
#14 C:\\Users\\AMIN\\Desktop\\bigstore\\vendor\\php-flasher\\flasher-laravel\\Middleware\\FlasherMiddleware.php(34): Illuminate\\Pipeline\\Pipeline->Illuminate\\Pipeline\\{closure}(Object(Illuminate\\Http\\Request))
#15 C:\\Users\\AMIN\\Desktop\\bigstore\\vendor\\laravel\\framework\\src\\Illuminate\\Pipeline\\Pipeline.php(183): Flasher\\Laravel\\Middleware\\FlasherMiddleware->handle(Object(Illuminate\\Http\\Request), Object(Closure))
#16 C:\\Users\\AMIN\\Desktop\\bigstore\\vendor\\php-flasher\\flasher-laravel\\Middleware\\SessionMiddleware.php(34): Illuminate\\Pipeline\\Pipeline->Illuminate\\Pipeline\\{closure}(Object(Illuminate\\Http\\Request))
#17 C:\\Users\\AMIN\\Desktop\\bigstore\\vendor\\laravel\\framework\\src\\Illuminate\\Pipeline\\Pipeline.php(183): Flasher\\Laravel\\Middleware\\SessionMiddleware->handle(Object(Illuminate\\Http\\Request), Object(Closure))
#18 C:\\Users\\AMIN\\Desktop\\bigstore\\vendor\\laravel\\framework\\src\\Illuminate\\Routing\\Middleware\\SubstituteBindings.php(50): Illuminate\\Pipeline\\Pipeline->Illuminate\\Pipeline\\{closure}(Object(Illuminate\\Http\\Request))
#19 C:\\Users\\AMIN\\Desktop\\bigstore\\vendor\\laravel\\framework\\src\\Illuminate\\Pipeline\\Pipeline.php(183): Illuminate\\Routing\\Middleware\\SubstituteBindings->handle(Object(Illuminate\\Http\\Request), Object(Closure))
#20 C:\\Users\\AMIN\\Desktop\\bigstore\\vendor\\laravel\\framework\\src\\Illuminate\\Foundation\\Http\\Middleware\\VerifyCsrfToken.php(78): Illuminate\\Pipeline\\Pipeline->Illuminate\\Pipeline\\{closure}(Object(Illuminate\\Http\\Request))
#21 C:\\Users\\AMIN\\Desktop\\bigstore\\vendor\\laravel\\framework\\src\\Illuminate\\Pipeline\\Pipeline.php(183): Illuminate\\Foundation\\Http\\Middleware\\VerifyCsrfToken->handle(Object(Illuminate\\Http\\Request), Object(Closure))
#22 C:\\Users\\AMIN\\Desktop\\bigstore\\vendor\\laravel\\framework\\src\\Illuminate\\View\\Middleware\\ShareErrorsFromSession.php(49): Illuminate\\Pipeline\\Pipeline->Illuminate\\Pipeline\\{closure}(Object(Illuminate\\Http\\Request))
#23 C:\\Users\\AMIN\\Desktop\\bigstore\\vendor\\laravel\\framework\\src\\Illuminate\\Pipeline\\Pipeline.php(183): Illuminate\\View\\Middleware\\ShareErrorsFromSession->handle(Object(Illuminate\\Http\\Request), Object(Closure))
#24 C:\\Users\\AMIN\\Desktop\\bigstore\\vendor\\laravel\\framework\\src\\Illuminate\\Session\\Middleware\\StartSession.php(121): Illuminate\\Pipeline\\Pipeline->Illuminate\\Pipeline\\{closure}(Object(Illuminate\\Http\\Request))
#25 C:\\Users\\AMIN\\Desktop\\bigstore\\vendor\\laravel\\framework\\src\\Illuminate\\Session\\Middleware\\StartSession.php(64): Illuminate\\Session\\Middleware\\StartSession->handleStatefulRequest(Object(Illuminate\\Http\\Request), Object(Illuminate\\Session\\Store), Object(Closure))
#26 C:\\Users\\AMIN\\Desktop\\bigstore\\vendor\\laravel\\framework\\src\\Illuminate\\Pipeline\\Pipeline.php(183): Illuminate\\Session\\Middleware\\StartSession->handle(Object(Illuminate\\Http\\Request), Object(Closure))
#27 C:\\Users\\AMIN\\Desktop\\bigstore\\vendor\\laravel\\framework\\src\\Illuminate\\Cookie\\Middleware\\AddQueuedCookiesToResponse.php(37): Illuminate\\Pipeline\\Pipeline->Illuminate\\Pipeline\\{closure}(Object(Illuminate\\Http\\Request))
#28 C:\\Users\\AMIN\\Desktop\\bigstore\\vendor\\laravel\\framework\\src\\Illuminate\\Pipeline\\Pipeline.php(183): Illuminate\\Cookie\\Middleware\\AddQueuedCookiesToResponse->handle(Object(Illuminate\\Http\\Request), Object(Closure))
#29 C:\\Users\\AMIN\\Desktop\\bigstore\\vendor\\laravel\\framework\\src\\Illuminate\\Cookie\\Middleware\\EncryptCookies.php(67): Illuminate\\Pipeline\\Pipeline->Illuminate\\Pipeline\\{closure}(Object(Illuminate\\Http\\Request))
#30 C:\\Users\\AMIN\\Desktop\\bigstore\\vendor\\laravel\\framework\\src\\Illuminate\\Pipeline\\Pipeline.php(183): Illuminate\\Cookie\\Middleware\\EncryptCookies->handle(Object(Illuminate\\Http\\Request), Object(Closure))
#31 C:\\Users\\AMIN\\Desktop\\bigstore\\vendor\\laravel\\framework\\src\\Illuminate\\Pipeline\\Pipeline.php(119): Illuminate\\Pipeline\\Pipeline->Illuminate\\Pipeline\\{closure}(Object(Illuminate\\Http\\Request))
#32 C:\\Users\\AMIN\\Desktop\\bigstore\\vendor\\laravel\\framework\\src\\Illuminate\\Routing\\Router.php(805): Illuminate\\Pipeline\\Pipeline->then(Object(Closure))
#33 C:\\Users\\AMIN\\Desktop\\bigstore\\vendor\\laravel\\framework\\src\\Illuminate\\Routing\\Router.php(784): Illuminate\\Routing\\Router->runRouteWithinStack(Object(Illuminate\\Routing\\Route), Object(Illuminate\\Http\\Request))
#34 C:\\Users\\AMIN\\Desktop\\bigstore\\vendor\\laravel\\framework\\src\\Illuminate\\Routing\\Router.php(748): Illuminate\\Routing\\Router->runRoute(Object(Illuminate\\Http\\Request), Object(Illuminate\\Routing\\Route))
#35 C:\\Users\\AMIN\\Desktop\\bigstore\\vendor\\laravel\\framework\\src\\Illuminate\\Routing\\Router.php(737): Illuminate\\Routing\\Router->dispatchToRoute(Object(Illuminate\\Http\\Request))
#36 C:\\Users\\AMIN\\Desktop\\bigstore\\vendor\\laravel\\framework\\src\\Illuminate\\Foundation\\Http\\Kernel.php(200): Illuminate\\Routing\\Router->dispatch(Object(Illuminate\\Http\\Request))
#37 C:\\Users\\AMIN\\Desktop\\bigstore\\vendor\\laravel\\framework\\src\\Illuminate\\Pipeline\\Pipeline.php(144): Illuminate\\Foundation\\Http\\Kernel->Illuminate\\Foundation\\Http\\{closure}(Object(Illuminate\\Http\\Request))
#38 C:\\Users\\AMIN\\Desktop\\bigstore\\vendor\\livewire\\livewire\\src\\DisableBrowserCache.php(19): Illuminate\\Pipeline\\Pipeline->Illuminate\\Pipeline\\{closure}(Object(Illuminate\\Http\\Request))
#39 C:\\Users\\AMIN\\Desktop\\bigstore\\vendor\\laravel\\framework\\src\\Illuminate\\Pipeline\\Pipeline.php(183): Livewire\\DisableBrowserCache->handle(Object(Illuminate\\Http\\Request), Object(Closure))
#40 C:\\Users\\AMIN\\Desktop\\bigstore\\vendor\\laravel\\framework\\src\\Illuminate\\Foundation\\Http\\Middleware\\TransformsRequest.php(21): Illuminate\\Pipeline\\Pipeline->Illuminate\\Pipeline\\{closure}(Object(Illuminate\\Http\\Request))
#41 C:\\Users\\AMIN\\Desktop\\bigstore\\vendor\\laravel\\framework\\src\\Illuminate\\Foundation\\Http\\Middleware\\ConvertEmptyStringsToNull.php(31): Illuminate\\Foundation\\Http\\Middleware\\TransformsRequest->handle(Object(Illuminate\\Http\\Request), Object(Closure))
#42 C:\\Users\\AMIN\\Desktop\\bigstore\\vendor\\laravel\\framework\\src\\Illuminate\\Pipeline\\Pipeline.php(183): Illuminate\\Foundation\\Http\\Middleware\\ConvertEmptyStringsToNull->handle(Object(Illuminate\\Http\\Request), Object(Closure))
#43 C:\\Users\\AMIN\\Desktop\\bigstore\\vendor\\laravel\\framework\\src\\Illuminate\\Foundation\\Http\\Middleware\\TransformsRequest.php(21): Illuminate\\Pipeline\\Pipeline->Illuminate\\Pipeline\\{closure}(Object(Illuminate\\Http\\Request))
#44 C:\\Users\\AMIN\\Desktop\\bigstore\\vendor\\laravel\\framework\\src\\Illuminate\\Foundation\\Http\\Middleware\\TrimStrings.php(40): Illuminate\\Foundation\\Http\\Middleware\\TransformsRequest->handle(Object(Illuminate\\Http\\Request), Object(Closure))
#45 C:\\Users\\AMIN\\Desktop\\bigstore\\vendor\\laravel\\framework\\src\\Illuminate\\Pipeline\\Pipeline.php(183): Illuminate\\Foundation\\Http\\Middleware\\TrimStrings->handle(Object(Illuminate\\Http\\Request), Object(Closure))
#46 C:\\Users\\AMIN\\Desktop\\bigstore\\vendor\\laravel\\framework\\src\\Illuminate\\Foundation\\Http\\Middleware\\ValidatePostSize.php(27): Illuminate\\Pipeline\\Pipeline->Illuminate\\Pipeline\\{closure}(Object(Illuminate\\Http\\Request))
#47 C:\\Users\\AMIN\\Desktop\\bigstore\\vendor\\laravel\\framework\\src\\Illuminate\\Pipeline\\Pipeline.php(183): Illuminate\\Foundation\\Http\\Middleware\\ValidatePostSize->handle(Object(Illuminate\\Http\\Request), Object(Closure))
#48 C:\\Users\\AMIN\\Desktop\\bigstore\\vendor\\laravel\\framework\\src\\Illuminate\\Foundation\\Http\\Middleware\\PreventRequestsDuringMaintenance.php(99): Illuminate\\Pipeline\\Pipeline->Illuminate\\Pipeline\\{closure}(Object(Illuminate\\Http\\Request))
#49 C:\\Users\\AMIN\\Desktop\\bigstore\\vendor\\laravel\\framework\\src\\Illuminate\\Pipeline\\Pipeline.php(183): Illuminate\\Foundation\\Http\\Middleware\\PreventRequestsDuringMaintenance->handle(Object(Illuminate\\Http\\Request), Object(Closure))
#50 C:\\Users\\AMIN\\Desktop\\bigstore\\vendor\\laravel\\framework\\src\\Illuminate\\Http\\Middleware\\HandleCors.php(49): Illuminate\\Pipeline\\Pipeline->Illuminate\\Pipeline\\{closure}(Object(Illuminate\\Http\\Request))
#51 C:\\Users\\AMIN\\Desktop\\bigstore\\vendor\\laravel\\framework\\src\\Illuminate\\Pipeline\\Pipeline.php(183): Illuminate\\Http\\Middleware\\HandleCors->handle(Object(Illuminate\\Http\\Request), Object(Closure))
#52 C:\\Users\\AMIN\\Desktop\\bigstore\\vendor\\laravel\\framework\\src\\Illuminate\\Http\\Middleware\\TrustProxies.php(39): Illuminate\\Pipeline\\Pipeline->Illuminate\\Pipeline\\{closure}(Object(Illuminate\\Http\\Request))
#53 C:\\Users\\AMIN\\Desktop\\bigstore\\vendor\\laravel\\framework\\src\\Illuminate\\Pipeline\\Pipeline.php(183): Illuminate\\Http\\Middleware\\TrustProxies->handle(Object(Illuminate\\Http\\Request), Object(Closure))
#54 C:\\Users\\AMIN\\Desktop\\bigstore\\vendor\\laravel\\framework\\src\\Illuminate\\Pipeline\\Pipeline.php(119): Illuminate\\Pipeline\\Pipeline->Illuminate\\Pipeline\\{closure}(Object(Illuminate\\Http\\Request))
#55 C:\\Users\\AMIN\\Desktop\\bigstore\\vendor\\laravel\\framework\\src\\Illuminate\\Foundation\\Http\\Kernel.php(175): Illuminate\\Pipeline\\Pipeline->then(Object(Closure))
#56 C:\\Users\\AMIN\\Desktop\\bigstore\\vendor\\laravel\\framework\\src\\Illuminate\\Foundation\\Http\\Kernel.php(144): Illuminate\\Foundation\\Http\\Kernel->sendRequestThroughRouter(Object(Illuminate\\Http\\Request))
#57 C:\\Users\\AMIN\\Desktop\\bigstore\\public\\index.php(51): Illuminate\\Foundation\\Http\\Kernel->handle(Object(Illuminate\\Http\\Request))
#58 C:\\Users\\AMIN\\Desktop\\bigstore\\vendor\\laravel\\framework\\src\\Illuminate\\Foundation\\resources\\server.php(16): require_once('C:\\\\Users\\\\AMIN\\\\D...')
#59 {main}

[previous exception] [object] (Illuminate\\View\\ViewException(code: 0): Undefined variable $categories (View: C:\\Users\\AMIN\\Desktop\\bigstore\\resources\\views\\front\\sections\\header.blade.php) (View: C:\\Users\\AMIN\\Desktop\\bigstore\\resources\\views\\front\\sections\\header.blade.php) at C:\\Users\\AMIN\\Desktop\\bigstore\\storage\\framework\\views\\b17e2d96a9328708007338016ee0fdc2.php:551)
[stacktrace]
#0 C:\\Users\\AMIN\\Desktop\\bigstore\\vendor\\livewire\\livewire\\src\\ComponentConcerns\\RendersLivewireComponents.php(106): Illuminate\\View\\Engines\\CompilerEngine->handleViewException(Object(Illuminate\\View\\ViewException), 2)
#1 C:\\Users\\AMIN\\Desktop\\bigstore\\vendor\\laravel\\framework\\src\\Illuminate\\View\\Engines\\PhpEngine.php(60): Livewire\\LivewireViewCompilerEngine->handleViewException(Object(Illuminate\\View\\ViewException), 2)
#2 C:\\Users\\AMIN\\Desktop\\bigstore\\vendor\\livewire\\livewire\\src\\ComponentConcerns\\RendersLivewireComponents.php(69): Illuminate\\View\\Engines\\PhpEngine->evaluatePath('C:\\\\Users\\\\AMIN\\\\D...', Array)
#3 C:\\Users\\AMIN\\Desktop\\bigstore\\vendor\\laravel\\framework\\src\\Illuminate\\View\\Engines\\CompilerEngine.php(72): Livewire\\LivewireViewCompilerEngine->evaluatePath('C:\\\\Users\\\\AMIN\\\\D...', Array)
#4 C:\\Users\\AMIN\\Desktop\\bigstore\\vendor\\livewire\\livewire\\src\\ComponentConcerns\\RendersLivewireComponents.php(35): Illuminate\\View\\Engines\\CompilerEngine->get('C:\\\\Users\\\\AMIN\\\\D...', Array)
#5 C:\\Users\\AMIN\\Desktop\\bigstore\\vendor\\laravel\\framework\\src\\Illuminate\\View\\View.php(207): Livewire\\LivewireViewCompilerEngine->get('C:\\\\Users\\\\AMIN\\\\D...', Array)
#6 C:\\Users\\AMIN\\Desktop\\bigstore\\vendor\\laravel\\framework\\src\\Illuminate\\View\\View.php(190): Illuminate\\View\\View->getContents()
#7 C:\\Users\\AMIN\\Desktop\\bigstore\\vendor\\laravel\\framework\\src\\Illuminate\\View\\View.php(159): Illuminate\\View\\View->renderContents()
#8 C:\\Users\\AMIN\\Desktop\\bigstore\\storage\\framework\\views\\0ac35e1c1bbffd0a840e186b9ba9f662.php(205): Illuminate\\View\\View->render()
#9 C:\\Users\\AMIN\\Desktop\\bigstore\\vendor\\laravel\\framework\\src\\Illuminate\\Filesystem\\Filesystem.php(123): require('C:\\\\Users\\\\AMIN\\\\D...')
#10 C:\\Users\\AMIN\\Desktop\\bigstore\\vendor\\laravel\\framework\\src\\Illuminate\\Filesystem\\Filesystem.php(124): Illuminate\\Filesystem\\Filesystem::Illuminate\\Filesystem\\{closure}()
#11 C:\\Users\\AMIN\\Desktop\\bigstore\\vendor\\laravel\\framework\\src\\Illuminate\\View\\Engines\\PhpEngine.php(58): Illuminate\\Filesystem\\Filesystem->getRequire('C:\\\\Users\\\\AMIN\\\\D...', Array)
#12 C:\\Users\\AMIN\\Desktop\\bigstore\\vendor\\livewire\\livewire\\src\\ComponentConcerns\\RendersLivewireComponents.php(69): Illuminate\\View\\Engines\\PhpEngine->evaluatePath('C:\\\\Users\\\\AMIN\\\\D...', Array)
#13 C:\\Users\\AMIN\\Desktop\\bigstore\\vendor\\laravel\\framework\\src\\Illuminate\\View\\Engines\\CompilerEngine.php(72): Livewire\\LivewireViewCompilerEngine->evaluatePath('C:\\\\Users\\\\AMIN\\\\D...', Array)
#14 C:\\Users\\AMIN\\Desktop\\bigstore\\vendor\\livewire\\livewire\\src\\ComponentConcerns\\RendersLivewireComponents.php(35): Illuminate\\View\\Engines\\CompilerEngine->get('C:\\\\Users\\\\AMIN\\\\D...', Array)
#15 C:\\Users\\AMIN\\Desktop\\bigstore\\vendor\\laravel\\framework\\src\\Illuminate\\View\\View.php(207): Livewire\\LivewireViewCompilerEngine->get('C:\\\\Users\\\\AMIN\\\\D...', Array)
#16 C:\\Users\\AMIN\\Desktop\\bigstore\\vendor\\laravel\\framework\\src\\Illuminate\\View\\View.php(190): Illuminate\\View\\View->getContents()
#17 C:\\Users\\AMIN\\Desktop\\bigstore\\vendor\\laravel\\framework\\src\\Illuminate\\View\\View.php(159): Illuminate\\View\\View->renderContents()
#18 C:\\Users\\AMIN\\Desktop\\bigstore\\vendor\\laravel\\framework\\src\\Illuminate\\Http\\Response.php(69): Illuminate\\View\\View->render()
#19 C:\\Users\\AMIN\\Desktop\\bigstore\\vendor\\laravel\\framework\\src\\Illuminate\\Http\\Response.php(35): Illuminate\\Http\\Response->setContent(Object(Illuminate\\View\\View))
#20 C:\\Users\\AMIN\\Desktop\\bigstore\\vendor\\laravel\\framework\\src\\Illuminate\\Routing\\Router.php(918): Illuminate\\Http\\Response->__construct(Object(Illuminate\\View\\View), 200, Array)
#21 C:\\Users\\AMIN\\Desktop\\bigstore\\vendor\\laravel\\framework\\src\\Illuminate\\Routing\\Router.php(885): Illuminate\\Routing\\Router::toResponse(Object(Illuminate\\Http\\Request), Object(Illuminate\\View\\View))
#22 C:\\Users\\AMIN\\Desktop\\bigstore\\vendor\\laravel\\framework\\src\\Illuminate\\Routing\\Router.php(805): Illuminate\\Routing\\Router->prepareResponse(Object(Illuminate\\Http\\Request), Object(Illuminate\\View\\View))
#23 C:\\Users\\AMIN\\Desktop\\bigstore\\vendor\\laravel\\framework\\src\\Illuminate\\Pipeline\\Pipeline.php(144): Illuminate\\Routing\\Router->Illuminate\\Routing\\{closure}(Object(Illuminate\\Http\\Request))
#24 C:\\Users\\AMIN\\Desktop\\bigstore\\vendor\\php-flasher\\flasher-laravel\\Middleware\\FlasherMiddleware.php(34): Illuminate\\Pipeline\\Pipeline->Illuminate\\Pipeline\\{closure}(Object(Illuminate\\Http\\Request))
#25 C:\\Users\\AMIN\\Desktop\\bigstore\\vendor\\laravel\\framework\\src\\Illuminate\\Pipeline\\Pipeline.php(183): Flasher\\Laravel\\Middleware\\FlasherMiddleware->handle(Object(Illuminate\\Http\\Request), Object(Closure))
#26 C:\\Users\\AMIN\\Desktop\\bigstore\\vendor\\php-flasher\\flasher-laravel\\Middleware\\SessionMiddleware.php(34): Illuminate\\Pipeline\\Pipeline->Illuminate\\Pipeline\\{closure}(Object(Illuminate\\Http\\Request))
#27 C:\\Users\\AMIN\\Desktop\\bigstore\\vendor\\laravel\\framework\\src\\Illuminate\\Pipeline\\Pipeline.php(183): Flasher\\Laravel\\Middleware\\SessionMiddleware->handle(Object(Illuminate\\Http\\Request), Object(Closure))
#28 C:\\Users\\AMIN\\Desktop\\bigstore\\vendor\\laravel\\framework\\src\\Illuminate\\Routing\\Middleware\\SubstituteBindings.php(50): Illuminate\\Pipeline\\Pipeline->Illuminate\\Pipeline\\{closure}(Object(Illuminate\\Http\\Request))
#29 C:\\Users\\AMIN\\Desktop\\bigstore\\vendor\\laravel\\framework\\src\\Illuminate\\Pipeline\\Pipeline.php(183): Illuminate\\Routing\\Middleware\\SubstituteBindings->handle(Object(Illuminate\\Http\\Request), Object(Closure))
#30 C:\\Users\\AMIN\\Desktop\\bigstore\\vendor\\laravel\\framework\\src\\Illuminate\\Foundation\\Http\\Middleware\\VerifyCsrfToken.php(78): Illuminate\\Pipeline\\Pipeline->Illuminate\\Pipeline\\{closure}(Object(Illuminate\\Http\\Request))
#31 C:\\Users\\AMIN\\Desktop\\bigstore\\vendor\\laravel\\framework\\src\\Illuminate\\Pipeline\\Pipeline.php(183): Illuminate\\Foundation\\Http\\Middleware\\VerifyCsrfToken->handle(Object(Illuminate\\Http\\Request), Object(Closure))
#32 C:\\Users\\AMIN\\Desktop\\bigstore\\vendor\\laravel\\framework\\src\\Illuminate\\View\\Middleware\\ShareErrorsFromSession.php(49): Illuminate\\Pipeline\\Pipeline->Illuminate\\Pipeline\\{closure}(Object(Illuminate\\Http\\Request))
#33 C:\\Users\\AMIN\\Desktop\\bigstore\\vendor\\laravel\\framework\\src\\Illuminate\\Pipeline\\Pipeline.php(183): Illuminate\\View\\Middleware\\ShareErrorsFromSession->handle(Object(Illuminate\\Http\\Request), Object(Closure))
#34 C:\\Users\\AMIN\\Desktop\\bigstore\\vendor\\laravel\\framework\\src\\Illuminate\\Session\\Middleware\\StartSession.php(121): Illuminate\\Pipeline\\Pipeline->Illuminate\\Pipeline\\{closure}(Object(Illuminate\\Http\\Request))
#35 C:\\Users\\AMIN\\Desktop\\bigstore\\vendor\\laravel\\framework\\src\\Illuminate\\Session\\Middleware\\StartSession.php(64): Illuminate\\Session\\Middleware\\StartSession->handleStatefulRequest(Object(Illuminate\\Http\\Request), Object(Illuminate\\Session\\Store), Object(Closure))
#36 C:\\Users\\AMIN\\Desktop\\bigstore\\vendor\\laravel\\framework\\src\\Illuminate\\Pipeline\\Pipeline.php(183): Illuminate\\Session\\Middleware\\StartSession->handle(Object(Illuminate\\Http\\Request), Object(Closure))
#37 C:\\Users\\AMIN\\Desktop\\bigstore\\vendor\\laravel\\framework\\src\\Illuminate\\Cookie\\Middleware\\AddQueuedCookiesToResponse.php(37): Illuminate\\Pipeline\\Pipeline->Illuminate\\Pipeline\\{closure}(Object(Illuminate\\Http\\Request))
#38 C:\\Users\\AMIN\\Desktop\\bigstore\\vendor\\laravel\\framework\\src\\Illuminate\\Pipeline\\Pipeline.php(183): Illuminate\\Cookie\\Middleware\\AddQueuedCookiesToResponse->handle(Object(Illuminate\\Http\\Request), Object(Closure))
#39 C:\\Users\\AMIN\\Desktop\\bigstore\\vendor\\laravel\\framework\\src\\Illuminate\\Cookie\\Middleware\\EncryptCookies.php(67): Illuminate\\Pipeline\\Pipeline->Illuminate\\Pipeline\\{closure}(Object(Illuminate\\Http\\Request))
#40 C:\\Users\\AMIN\\Desktop\\bigstore\\vendor\\laravel\\framework\\src\\Illuminate\\Pipeline\\Pipeline.php(183): Illuminate\\Cookie\\Middleware\\EncryptCookies->handle(Object(Illuminate\\Http\\Request), Object(Closure))
#41 C:\\Users\\AMIN\\Desktop\\bigstore\\vendor\\laravel\\framework\\src\\Illuminate\\Pipeline\\Pipeline.php(119): Illuminate\\Pipeline\\Pipeline->Illuminate\\Pipeline\\{closure}(Object(Illuminate\\Http\\Request))
#42 C:\\Users\\AMIN\\Desktop\\bigstore\\vendor\\laravel\\framework\\src\\Illuminate\\Routing\\Router.php(805): Illuminate\\Pipeline\\Pipeline->then(Object(Closure))
#43 C:\\Users\\AMIN\\Desktop\\bigstore\\vendor\\laravel\\framework\\src\\Illuminate\\Routing\\Router.php(784): Illuminate\\Routing\\Router->runRouteWithinStack(Object(Illuminate\\Routing\\Route), Object(Illuminate\\Http\\Request))
#44 C:\\Users\\AMIN\\Desktop\\bigstore\\vendor\\laravel\\framework\\src\\Illuminate\\Routing\\Router.php(748): Illuminate\\Routing\\Router->runRoute(Object(Illuminate\\Http\\Request), Object(Illuminate\\Routing\\Route))
#45 C:\\Users\\AMIN\\Desktop\\bigstore\\vendor\\laravel\\framework\\src\\Illuminate\\Routing\\Router.php(737): Illuminate\\Routing\\Router->dispatchToRoute(Object(Illuminate\\Http\\Request))
#46 C:\\Users\\AMIN\\Desktop\\bigstore\\vendor\\laravel\\framework\\src\\Illuminate\\Foundation\\Http\\Kernel.php(200): Illuminate\\Routing\\Router->dispatch(Object(Illuminate\\Http\\Request))
#47 C:\\Users\\AMIN\\Desktop\\bigstore\\vendor\\laravel\\framework\\src\\Illuminate\\Pipeline\\Pipeline.php(144): Illuminate\\Foundation\\Http\\Kernel->Illuminate\\Foundation\\Http\\{closure}(Object(Illuminate\\Http\\Request))
#48 C:\\Users\\AMIN\\Desktop\\bigstore\\vendor\\livewire\\livewire\\src\\DisableBrowserCache.php(19): Illuminate\\Pipeline\\Pipeline->Illuminate\\Pipeline\\{closure}(Object(Illuminate\\Http\\Request))
#49 C:\\Users\\AMIN\\Desktop\\bigstore\\vendor\\laravel\\framework\\src\\Illuminate\\Pipeline\\Pipeline.php(183): Livewire\\DisableBrowserCache->handle(Object(Illuminate\\Http\\Request), Object(Closure))
#50 C:\\Users\\AMIN\\Desktop\\bigstore\\vendor\\laravel\\framework\\src\\Illuminate\\Foundation\\Http\\Middleware\\TransformsRequest.php(21): Illuminate\\Pipeline\\Pipeline->Illuminate\\Pipeline\\{closure}(Object(Illuminate\\Http\\Request))
#51 C:\\Users\\AMIN\\Desktop\\bigstore\\vendor\\laravel\\framework\\src\\Illuminate\\Foundation\\Http\\Middleware\\ConvertEmptyStringsToNull.php(31): Illuminate\\Foundation\\Http\\Middleware\\TransformsRequest->handle(Object(Illuminate\\Http\\Request), Object(Closure))
#52 C:\\Users\\AMIN\\Desktop\\bigstore\\vendor\\laravel\\framework\\src\\Illuminate\\Pipeline\\Pipeline.php(183): Illuminate\\Foundation\\Http\\Middleware\\ConvertEmptyStringsToNull->handle(Object(Illuminate\\Http\\Request), Object(Closure))
#53 C:\\Users\\AMIN\\Desktop\\bigstore\\vendor\\laravel\\framework\\src\\Illuminate\\Foundation\\Http\\Middleware\\TransformsRequest.php(21): Illuminate\\Pipeline\\Pipeline->Illuminate\\Pipeline\\{closure}(Object(Illuminate\\Http\\Request))
#54 C:\\Users\\AMIN\\Desktop\\bigstore\\vendor\\laravel\\framework\\src\\Illuminate\\Foundation\\Http\\Middleware\\TrimStrings.php(40): Illuminate\\Foundation\\Http\\Middleware\\TransformsRequest->handle(Object(Illuminate\\Http\\Request), Object(Closure))
#55 C:\\Users\\AMIN\\Desktop\\bigstore\\vendor\\laravel\\framework\\src\\Illuminate\\Pipeline\\Pipeline.php(183): Illuminate\\Foundation\\Http\\Middleware\\TrimStrings->handle(Object(Illuminate\\Http\\Request), Object(Closure))
#56 C:\\Users\\AMIN\\Desktop\\bigstore\\vendor\\laravel\\framework\\src\\Illuminate\\Foundation\\Http\\Middleware\\ValidatePostSize.php(27): Illuminate\\Pipeline\\Pipeline->Illuminate\\Pipeline\\{closure}(Object(Illuminate\\Http\\Request))
#57 C:\\Users\\AMIN\\Desktop\\bigstore\\vendor\\laravel\\framework\\src\\Illuminate\\Pipeline\\Pipeline.php(183): Illuminate\\Foundation\\Http\\Middleware\\ValidatePostSize->handle(Object(Illuminate\\Http\\Request), Object(Closure))
#58 C:\\Users\\AMIN\\Desktop\\bigstore\\vendor\\laravel\\framework\\src\\Illuminate\\Foundation\\Http\\Middleware\\PreventRequestsDuringMaintenance.php(99): Illuminate\\Pipeline\\Pipeline->Illuminate\\Pipeline\\{closure}(Object(Illuminate\\Http\\Request))
#59 C:\\Users\\AMIN\\Desktop\\bigstore\\vendor\\laravel\\framework\\src\\Illuminate\\Pipeline\\Pipeline.php(183): Illuminate\\Foundation\\Http\\Middleware\\PreventRequestsDuringMaintenance->handle(Object(Illuminate\\Http\\Request), Object(Closure))
#60 C:\\Users\\AMIN\\Desktop\\bigstore\\vendor\\laravel\\framework\\src\\Illuminate\\Http\\Middleware\\HandleCors.php(49): Illuminate\\Pipeline\\Pipeline->Illuminate\\Pipeline\\{closure}(Object(Illuminate\\Http\\Request))
#61 C:\\Users\\AMIN\\Desktop\\bigstore\\vendor\\laravel\\framework\\src\\Illuminate\\Pipeline\\Pipeline.php(183): Illuminate\\Http\\Middleware\\HandleCors->handle(Object(Illuminate\\Http\\Request), Object(Closure))
#62 C:\\Users\\AMIN\\Desktop\\bigstore\\vendor\\laravel\\framework\\src\\Illuminate\\Http\\Middleware\\TrustProxies.php(39): Illuminate\\Pipeline\\Pipeline->Illuminate\\Pipeline\\{closure}(Object(Illuminate\\Http\\Request))
#63 C:\\Users\\AMIN\\Desktop\\bigstore\\vendor\\laravel\\framework\\src\\Illuminate\\Pipeline\\Pipeline.php(183): Illuminate\\Http\\Middleware\\TrustProxies->handle(Object(Illuminate\\Http\\Request), Object(Closure))
#64 C:\\Users\\AMIN\\Desktop\\bigstore\\vendor\\laravel\\framework\\src\\Illuminate\\Pipeline\\Pipeline.php(119): Illuminate\\Pipeline\\Pipeline->Illuminate\\Pipeline\\{closure}(Object(Illuminate\\Http\\Request))
#65 C:\\Users\\AMIN\\Desktop\\bigstore\\vendor\\laravel\\framework\\src\\Illuminate\\Foundation\\Http\\Kernel.php(175): Illuminate\\Pipeline\\Pipeline->then(Object(Closure))
#66 C:\\Users\\AMIN\\Desktop\\bigstore\\vendor\\laravel\\framework\\src\\Illuminate\\Foundation\\Http\\Kernel.php(144): Illuminate\\Foundation\\Http\\Kernel->sendRequestThroughRouter(Object(Illuminate\\Http\\Request))
#67 C:\\Users\\AMIN\\Desktop\\bigstore\\public\\index.php(51): Illuminate\\Foundation\\Http\\Kernel->handle(Object(Illuminate\\Http\\Request))
#68 C:\\Users\\AMIN\\Desktop\\bigstore\\vendor\\laravel\\framework\\src\\Illuminate\\Foundation\\resources\\server.php(16): require_once('C:\\\\Users\\\\AMIN\\\\D...')
#69 {main}

[previous exception] [object] (Illuminate\\View\\ViewException(code: 0): Undefined variable $categories (View: C:\\Users\\AMIN\\Desktop\\bigstore\\resources\\views\\front\\sections\\header.blade.php) at C:\\Users\\AMIN\\Desktop\\bigstore\\storage\\framework\\views\\b17e2d96a9328708007338016ee0fdc2.php:551)
[stacktrace]
#0 C:\\Users\\AMIN\\Desktop\\bigstore\\vendor\\livewire\\livewire\\src\\ComponentConcerns\\RendersLivewireComponents.php(106): Illuminate\\View\\Engines\\CompilerEngine->handleViewException(Object(ErrorException), 3)
#1 C:\\Users\\AMIN\\Desktop\\bigstore\\vendor\\laravel\\framework\\src\\Illuminate\\View\\Engines\\PhpEngine.php(60): Livewire\\LivewireViewCompilerEngine->handleViewException(Object(ErrorException), 3)
#2 C:\\Users\\AMIN\\Desktop\\bigstore\\vendor\\livewire\\livewire\\src\\ComponentConcerns\\RendersLivewireComponents.php(69): Illuminate\\View\\Engines\\PhpEngine->evaluatePath('C:\\\\Users\\\\AMIN\\\\D...', Array)
#3 C:\\Users\\AMIN\\Desktop\\bigstore\\vendor\\laravel\\framework\\src\\Illuminate\\View\\Engines\\CompilerEngine.php(72): Livewire\\LivewireViewCompilerEngine->evaluatePath('C:\\\\Users\\\\AMIN\\\\D...', Array)
#4 C:\\Users\\AMIN\\Desktop\\bigstore\\vendor\\livewire\\livewire\\src\\ComponentConcerns\\RendersLivewireComponents.php(35): Illuminate\\View\\Engines\\CompilerEngine->get('C:\\\\Users\\\\AMIN\\\\D...', Array)
#5 C:\\Users\\AMIN\\Desktop\\bigstore\\vendor\\laravel\\framework\\src\\Illuminate\\View\\View.php(207): Livewire\\LivewireViewCompilerEngine->get('C:\\\\Users\\\\AMIN\\\\D...', Array)
#6 C:\\Users\\AMIN\\Desktop\\bigstore\\vendor\\laravel\\framework\\src\\Illuminate\\View\\View.php(190): Illuminate\\View\\View->getContents()
#7 C:\\Users\\AMIN\\Desktop\\bigstore\\vendor\\laravel\\framework\\src\\Illuminate\\View\\View.php(159): Illuminate\\View\\View->renderContents()
#8 C:\\Users\\AMIN\\Desktop\\bigstore\\storage\\framework\\views\\2563bfda7293f990652bbb53e74386a2.php(10): Illuminate\\View\\View->render()
#9 C:\\Users\\AMIN\\Desktop\\bigstore\\vendor\\laravel\\framework\\src\\Illuminate\\Filesystem\\Filesystem.php(123): require('C:\\\\Users\\\\AMIN\\\\D...')
#10 C:\\Users\\AMIN\\Desktop\\bigstore\\vendor\\laravel\\framework\\src\\Illuminate\\Filesystem\\Filesystem.php(124): Illuminate\\Filesystem\\Filesystem::Illuminate\\Filesystem\\{closure}()
#11 C:\\Users\\AMIN\\Desktop\\bigstore\\vendor\\laravel\\framework\\src\\Illuminate\\View\\Engines\\PhpEngine.php(58): Illuminate\\Filesystem\\Filesystem->getRequire('C:\\\\Users\\\\AMIN\\\\D...', Array)
#12 C:\\Users\\AMIN\\Desktop\\bigstore\\vendor\\livewire\\livewire\\src\\ComponentConcerns\\RendersLivewireComponents.php(69): Illuminate\\View\\Engines\\PhpEngine->evaluatePath('C:\\\\Users\\\\AMIN\\\\D...', Array)
#13 C:\\Users\\AMIN\\Desktop\\bigstore\\vendor\\laravel\\framework\\src\\Illuminate\\View\\Engines\\CompilerEngine.php(72): Livewire\\LivewireViewCompilerEngine->evaluatePath('C:\\\\Users\\\\AMIN\\\\D...', Array)
#14 C:\\Users\\AMIN\\Desktop\\bigstore\\vendor\\livewire\\livewire\\src\\ComponentConcerns\\RendersLivewireComponents.php(35): Illuminate\\View\\Engines\\CompilerEngine->get('C:\\\\Users\\\\AMIN\\\\D...', Array)
#15 C:\\Users\\AMIN\\Desktop\\bigstore\\vendor\\laravel\\framework\\src\\Illuminate\\View\\View.php(207): Livewire\\LivewireViewCompilerEngine->get('C:\\\\Users\\\\AMIN\\\\D...', Array)
#16 C:\\Users\\AMIN\\Desktop\\bigstore\\vendor\\laravel\\framework\\src\\Illuminate\\View\\View.php(190): Illuminate\\View\\View->getContents()
#17 C:\\Users\\AMIN\\Desktop\\bigstore\\vendor\\laravel\\framework\\src\\Illuminate\\View\\View.php(159): Illuminate\\View\\View->renderContents()
#18 C:\\Users\\AMIN\\Desktop\\bigstore\\storage\\framework\\views\\0ac35e1c1bbffd0a840e186b9ba9f662.php(205): Illuminate\\View\\View->render()
#19 C:\\Users\\AMIN\\Desktop\\bigstore\\vendor\\laravel\\framework\\src\\Illuminate\\Filesystem\\Filesystem.php(123): require('C:\\\\Users\\\\AMIN\\\\D...')
#20 C:\\Users\\AMIN\\Desktop\\bigstore\\vendor\\laravel\\framework\\src\\Illuminate\\Filesystem\\Filesystem.php(124): Illuminate\\Filesystem\\Filesystem::Illuminate\\Filesystem\\{closure}()
#21 C:\\Users\\AMIN\\Desktop\\bigstore\\vendor\\laravel\\framework\\src\\Illuminate\\View\\Engines\\PhpEngine.php(58): Illuminate\\Filesystem\\Filesystem->getRequire('C:\\\\Users\\\\AMIN\\\\D...', Array)
#22 C:\\Users\\AMIN\\Desktop\\bigstore\\vendor\\livewire\\livewire\\src\\ComponentConcerns\\RendersLivewireComponents.php(69): Illuminate\\View\\Engines\\PhpEngine->evaluatePath('C:\\\\Users\\\\AMIN\\\\D...', Array)
#23 C:\\Users\\AMIN\\Desktop\\bigstore\\vendor\\laravel\\framework\\src\\Illuminate\\View\\Engines\\CompilerEngine.php(72): Livewire\\LivewireViewCompilerEngine->evaluatePath('C:\\\\Users\\\\AMIN\\\\D...', Array)
#24 C:\\Users\\AMIN\\Desktop\\bigstore\\vendor\\livewire\\livewire\\src\\ComponentConcerns\\RendersLivewireComponents.php(35): Illuminate\\View\\Engines\\CompilerEngine->get('C:\\\\Users\\\\AMIN\\\\D...', Array)
#25 C:\\Users\\AMIN\\Desktop\\bigstore\\vendor\\laravel\\framework\\src\\Illuminate\\View\\View.php(207): Livewire\\LivewireViewCompilerEngine->get('C:\\\\Users\\\\AMIN\\\\D...', Array)
#26 C:\\Users\\AMIN\\Desktop\\bigstore\\vendor\\laravel\\framework\\src\\Illuminate\\View\\View.php(190): Illuminate\\View\\View->getContents()
#27 C:\\Users\\AMIN\\Desktop\\bigstore\\vendor\\laravel\\framework\\src\\Illuminate\\View\\View.php(159): Illuminate\\View\\View->renderContents()
#28 C:\\Users\\AMIN\\Desktop\\bigstore\\vendor\\laravel\\framework\\src\\Illuminate\\Http\\Response.php(69): Illuminate\\View\\View->render()
#29 C:\\Users\\AMIN\\Desktop\\bigstore\\vendor\\laravel\\framework\\src\\Illuminate\\Http\\Response.php(35): Illuminate\\Http\\Response->setContent(Object(Illuminate\\View\\View))
#30 C:\\Users\\AMIN\\Desktop\\bigstore\\vendor\\laravel\\framework\\src\\Illuminate\\Routing\\Router.php(918): Illuminate\\Http\\Response->__construct(Object(Illuminate\\View\\View), 200, Array)
#31 C:\\Users\\AMIN\\Desktop\\bigstore\\vendor\\laravel\\framework\\src\\Illuminate\\Routing\\Router.php(885): Illuminate\\Routing\\Router::toResponse(Object(Illuminate\\Http\\Request), Object(Illuminate\\View\\View))
#32 C:\\Users\\AMIN\\Desktop\\bigstore\\vendor\\laravel\\framework\\src\\Illuminate\\Routing\\Router.php(805): Illuminate\\Routing\\Router->prepareResponse(Object(Illuminate\\Http\\Request), Object(Illuminate\\View\\View))
#33 C:\\Users\\AMIN\\Desktop\\bigstore\\vendor\\laravel\\framework\\src\\Illuminate\\Pipeline\\Pipeline.php(144): Illuminate\\Routing\\Router->Illuminate\\Routing\\{closure}(Object(Illuminate\\Http\\Request))
#34 C:\\Users\\AMIN\\Desktop\\bigstore\\vendor\\php-flasher\\flasher-laravel\\Middleware\\FlasherMiddleware.php(34): Illuminate\\Pipeline\\Pipeline->Illuminate\\Pipeline\\{closure}(Object(Illuminate\\Http\\Request))
#35 C:\\Users\\AMIN\\Desktop\\bigstore\\vendor\\laravel\\framework\\src\\Illuminate\\Pipeline\\Pipeline.php(183): Flasher\\Laravel\\Middleware\\FlasherMiddleware->handle(Object(Illuminate\\Http\\Request), Object(Closure))
#36 C:\\Users\\AMIN\\Desktop\\bigstore\\vendor\\php-flasher\\flasher-laravel\\Middleware\\SessionMiddleware.php(34): Illuminate\\Pipeline\\Pipeline->Illuminate\\Pipeline\\{closure}(Object(Illuminate\\Http\\Request))
#37 C:\\Users\\AMIN\\Desktop\\bigstore\\vendor\\laravel\\framework\\src\\Illuminate\\Pipeline\\Pipeline.php(183): Flasher\\Laravel\\Middleware\\SessionMiddleware->handle(Object(Illuminate\\Http\\Request), Object(Closure))
#38 C:\\Users\\AMIN\\Desktop\\bigstore\\vendor\\laravel\\framework\\src\\Illuminate\\Routing\\Middleware\\SubstituteBindings.php(50): Illuminate\\Pipeline\\Pipeline->Illuminate\\Pipeline\\{closure}(Object(Illuminate\\Http\\Request))
#39 C:\\Users\\AMIN\\Desktop\\bigstore\\vendor\\laravel\\framework\\src\\Illuminate\\Pipeline\\Pipeline.php(183): Illuminate\\Routing\\Middleware\\SubstituteBindings->handle(Object(Illuminate\\Http\\Request), Object(Closure))
#40 C:\\Users\\AMIN\\Desktop\\bigstore\\vendor\\laravel\\framework\\src\\Illuminate\\Foundation\\Http\\Middleware\\VerifyCsrfToken.php(78): Illuminate\\Pipeline\\Pipeline->Illuminate\\Pipeline\\{closure}(Object(Illuminate\\Http\\Request))
#41 C:\\Users\\AMIN\\Desktop\\bigstore\\vendor\\laravel\\framework\\src\\Illuminate\\Pipeline\\Pipeline.php(183): Illuminate\\Foundation\\Http\\Middleware\\VerifyCsrfToken->handle(Object(Illuminate\\Http\\Request), Object(Closure))
#42 C:\\Users\\AMIN\\Desktop\\bigstore\\vendor\\laravel\\framework\\src\\Illuminate\\View\\Middleware\\ShareErrorsFromSession.php(49): Illuminate\\Pipeline\\Pipeline->Illuminate\\Pipeline\\{closure}(Object(Illuminate\\Http\\Request))
#43 C:\\Users\\AMIN\\Desktop\\bigstore\\vendor\\laravel\\framework\\src\\Illuminate\\Pipeline\\Pipeline.php(183): Illuminate\\View\\Middleware\\ShareErrorsFromSession->handle(Object(Illuminate\\Http\\Request), Object(Closure))
#44 C:\\Users\\AMIN\\Desktop\\bigstore\\vendor\\laravel\\framework\\src\\Illuminate\\Session\\Middleware\\StartSession.php(121): Illuminate\\Pipeline\\Pipeline->Illuminate\\Pipeline\\{closure}(Object(Illuminate\\Http\\Request))
#45 C:\\Users\\AMIN\\Desktop\\bigstore\\vendor\\laravel\\framework\\src\\Illuminate\\Session\\Middleware\\StartSession.php(64): Illuminate\\Session\\Middleware\\StartSession->handleStatefulRequest(Object(Illuminate\\Http\\Request), Object(Illuminate\\Session\\Store), Object(Closure))
#46 C:\\Users\\AMIN\\Desktop\\bigstore\\vendor\\laravel\\framework\\src\\Illuminate\\Pipeline\\Pipeline.php(183): Illuminate\\Session\\Middleware\\StartSession->handle(Object(Illuminate\\Http\\Request), Object(Closure))
#47 C:\\Users\\AMIN\\Desktop\\bigstore\\vendor\\laravel\\framework\\src\\Illuminate\\Cookie\\Middleware\\AddQueuedCookiesToResponse.php(37): Illuminate\\Pipeline\\Pipeline->Illuminate\\Pipeline\\{closure}(Object(Illuminate\\Http\\Request))
#48 C:\\Users\\AMIN\\Desktop\\bigstore\\vendor\\laravel\\framework\\src\\Illuminate\\Pipeline\\Pipeline.php(183): Illuminate\\Cookie\\Middleware\\AddQueuedCookiesToResponse->handle(Object(Illuminate\\Http\\Request), Object(Closure))
#49 C:\\Users\\AMIN\\Desktop\\bigstore\\vendor\\laravel\\framework\\src\\Illuminate\\Cookie\\Middleware\\EncryptCookies.php(67): Illuminate\\Pipeline\\Pipeline->Illuminate\\Pipeline\\{closure}(Object(Illuminate\\Http\\Request))
#50 C:\\Users\\AMIN\\Desktop\\bigstore\\vendor\\laravel\\framework\\src\\Illuminate\\Pipeline\\Pipeline.php(183): Illuminate\\Cookie\\Middleware\\EncryptCookies->handle(Object(Illuminate\\Http\\Request), Object(Closure))
#51 C:\\Users\\AMIN\\Desktop\\bigstore\\vendor\\laravel\\framework\\src\\Illuminate\\Pipeline\\Pipeline.php(119): Illuminate\\Pipeline\\Pipeline->Illuminate\\Pipeline\\{closure}(Object(Illuminate\\Http\\Request))
#52 C:\\Users\\AMIN\\Desktop\\bigstore\\vendor\\laravel\\framework\\src\\Illuminate\\Routing\\Router.php(805): Illuminate\\Pipeline\\Pipeline->then(Object(Closure))
#53 C:\\Users\\AMIN\\Desktop\\bigstore\\vendor\\laravel\\framework\\src\\Illuminate\\Routing\\Router.php(784): Illuminate\\Routing\\Router->runRouteWithinStack(Object(Illuminate\\Routing\\Route), Object(Illuminate\\Http\\Request))
#54 C:\\Users\\AMIN\\Desktop\\bigstore\\vendor\\laravel\\framework\\src\\Illuminate\\Routing\\Router.php(748): Illuminate\\Routing\\Router->runRoute(Object(Illuminate\\Http\\Request), Object(Illuminate\\Routing\\Route))
#55 C:\\Users\\AMIN\\Desktop\\bigstore\\vendor\\laravel\\framework\\src\\Illuminate\\Routing\\Router.php(737): Illuminate\\Routing\\Router->dispatchToRoute(Object(Illuminate\\Http\\Request))
#56 C:\\Users\\AMIN\\Desktop\\bigstore\\vendor\\laravel\\framework\\src\\Illuminate\\Foundation\\Http\\Kernel.php(200): Illuminate\\Routing\\Router->dispatch(Object(Illuminate\\Http\\Request))
#57 C:\\Users\\AMIN\\Desktop\\bigstore\\vendor\\laravel\\framework\\src\\Illuminate\\Pipeline\\Pipeline.php(144): Illuminate\\Foundation\\Http\\Kernel->Illuminate\\Foundation\\Http\\{closure}(Object(Illuminate\\Http\\Request))
#58 C:\\Users\\AMIN\\Desktop\\bigstore\\vendor\\livewire\\livewire\\src\\DisableBrowserCache.php(19): Illuminate\\Pipeline\\Pipeline->Illuminate\\Pipeline\\{closure}(Object(Illuminate\\Http\\Request))
#59 C:\\Users\\AMIN\\Desktop\\bigstore\\vendor\\laravel\\framework\\src\\Illuminate\\Pipeline\\Pipeline.php(183): Livewire\\DisableBrowserCache->handle(Object(Illuminate\\Http\\Request), Object(Closure))
#60 C:\\Users\\AMIN\\Desktop\\bigstore\\vendor\\laravel\\framework\\src\\Illuminate\\Foundation\\Http\\Middleware\\TransformsRequest.php(21): Illuminate\\Pipeline\\Pipeline->Illuminate\\Pipeline\\{closure}(Object(Illuminate\\Http\\Request))
#61 C:\\Users\\AMIN\\Desktop\\bigstore\\vendor\\laravel\\framework\\src\\Illuminate\\Foundation\\Http\\Middleware\\ConvertEmptyStringsToNull.php(31): Illuminate\\Foundation\\Http\\Middleware\\TransformsRequest->handle(Object(Illuminate\\Http\\Request), Object(Closure))
#62 C:\\Users\\AMIN\\Desktop\\bigstore\\vendor\\laravel\\framework\\src\\Illuminate\\Pipeline\\Pipeline.php(183): Illuminate\\Foundation\\Http\\Middleware\\ConvertEmptyStringsToNull->handle(Object(Illuminate\\Http\\Request), Object(Closure))
#63 C:\\Users\\AMIN\\Desktop\\bigstore\\vendor\\laravel\\framework\\src\\Illuminate\\Foundation\\Http\\Middleware\\TransformsRequest.php(21): Illuminate\\Pipeline\\Pipeline->Illuminate\\Pipeline\\{closure}(Object(Illuminate\\Http\\Request))
#64 C:\\Users\\AMIN\\Desktop\\bigstore\\vendor\\laravel\\framework\\src\\Illuminate\\Foundation\\Http\\Middleware\\TrimStrings.php(40): Illuminate\\Foundation\\Http\\Middleware\\TransformsRequest->handle(Object(Illuminate\\Http\\Request), Object(Closure))
#65 C:\\Users\\AMIN\\Desktop\\bigstore\\vendor\\laravel\\framework\\src\\Illuminate\\Pipeline\\Pipeline.php(183): Illuminate\\Foundation\\Http\\Middleware\\TrimStrings->handle(Object(Illuminate\\Http\\Request), Object(Closure))
#66 C:\\Users\\AMIN\\Desktop\\bigstore\\vendor\\laravel\\framework\\src\\Illuminate\\Foundation\\Http\\Middleware\\ValidatePostSize.php(27): Illuminate\\Pipeline\\Pipeline->Illuminate\\Pipeline\\{closure}(Object(Illuminate\\Http\\Request))
#67 C:\\Users\\AMIN\\Desktop\\bigstore\\vendor\\laravel\\framework\\src\\Illuminate\\Pipeline\\Pipeline.php(183): Illuminate\\Foundation\\Http\\Middleware\\ValidatePostSize->handle(Object(Illuminate\\Http\\Request), Object(Closure))
#68 C:\\Users\\AMIN\\Desktop\\bigstore\\vendor\\laravel\\framework\\src\\Illuminate\\Foundation\\Http\\Middleware\\PreventRequestsDuringMaintenance.php(99): Illuminate\\Pipeline\\Pipeline->Illuminate\\Pipeline\\{closure}(Object(Illuminate\\Http\\Request))
#69 C:\\Users\\AMIN\\Desktop\\bigstore\\vendor\\laravel\\framework\\src\\Illuminate\\Pipeline\\Pipeline.php(183): Illuminate\\Foundation\\Http\\Middleware\\PreventRequestsDuringMaintenance->handle(Object(Illuminate\\Http\\Request), Object(Closure))
#70 C:\\Users\\AMIN\\Desktop\\bigstore\\vendor\\laravel\\framework\\src\\Illuminate\\Http\\Middleware\\HandleCors.php(49): Illuminate\\Pipeline\\Pipeline->Illuminate\\Pipeline\\{closure}(Object(Illuminate\\Http\\Request))
#71 C:\\Users\\AMIN\\Desktop\\bigstore\\vendor\\laravel\\framework\\src\\Illuminate\\Pipeline\\Pipeline.php(183): Illuminate\\Http\\Middleware\\HandleCors->handle(Object(Illuminate\\Http\\Request), Object(Closure))
#72 C:\\Users\\AMIN\\Desktop\\bigstore\\vendor\\laravel\\framework\\src\\Illuminate\\Http\\Middleware\\TrustProxies.php(39): Illuminate\\Pipeline\\Pipeline->Illuminate\\Pipeline\\{closure}(Object(Illuminate\\Http\\Request))
#73 C:\\Users\\AMIN\\Desktop\\bigstore\\vendor\\laravel\\framework\\src\\Illuminate\\Pipeline\\Pipeline.php(183): Illuminate\\Http\\Middleware\\TrustProxies->handle(Object(Illuminate\\Http\\Request), Object(Closure))
#74 C:\\Users\\AMIN\\Desktop\\bigstore\\vendor\\laravel\\framework\\src\\Illuminate\\Pipeline\\Pipeline.php(119): Illuminate\\Pipeline\\Pipeline->Illuminate\\Pipeline\\{closure}(Object(Illuminate\\Http\\Request))
#75 C:\\Users\\AMIN\\Desktop\\bigstore\\vendor\\laravel\\framework\\src\\Illuminate\\Foundation\\Http\\Kernel.php(175): Illuminate\\Pipeline\\Pipeline->then(Object(Closure))
#76 C:\\Users\\AMIN\\Desktop\\bigstore\\vendor\\laravel\\framework\\src\\Illuminate\\Foundation\\Http\\Kernel.php(144): Illuminate\\Foundation\\Http\\Kernel->sendRequestThroughRouter(Object(Illuminate\\Http\\Request))
#77 C:\\Users\\AMIN\\Desktop\\bigstore\\public\\index.php(51): Illuminate\\Foundation\\Http\\Kernel->handle(Object(Illuminate\\Http\\Request))
#78 C:\\Users\\AMIN\\Desktop\\bigstore\\vendor\\laravel\\framework\\src\\Illuminate\\Foundation\\resources\\server.php(16): require_once('C:\\\\Users\\\\AMIN\\\\D...')
#79 {main}

[previous exception] [object] (ErrorException(code: 0): Undefined variable $categories at C:\\Users\\AMIN\\Desktop\\bigstore\\storage\\framework\\views\\b17e2d96a9328708007338016ee0fdc2.php:551)
[stacktrace]
#0 C:\\Users\\AMIN\\Desktop\\bigstore\\vendor\\laravel\\framework\\src\\Illuminate\\Foundation\\Bootstrap\\HandleExceptions.php(255): Illuminate\\Foundation\\Bootstrap\\HandleExceptions->handleError(2, 'Undefined varia...', 'C:\\\\Users\\\\AMIN\\\\D...', 551)
#1 C:\\Users\\AMIN\\Desktop\\bigstore\\storage\\framework\\views\\b17e2d96a9328708007338016ee0fdc2.php(551): Illuminate\\Foundation\\Bootstrap\\HandleExceptions->Illuminate\\Foundation\\Bootstrap\\{closure}(2, 'Undefined varia...', 'C:\\\\Users\\\\AMIN\\\\D...', 551)
#2 C:\\Users\\AMIN\\Desktop\\bigstore\\vendor\\laravel\\framework\\src\\Illuminate\\Filesystem\\Filesystem.php(123): require('C:\\\\Users\\\\AMIN\\\\D...')
#3 C:\\Users\\AMIN\\Desktop\\bigstore\\vendor\\laravel\\framework\\src\\Illuminate\\Filesystem\\Filesystem.php(124): Illuminate\\Filesystem\\Filesystem::Illuminate\\Filesystem\\{closure}()
#4 C:\\Users\\AMIN\\Desktop\\bigstore\\vendor\\laravel\\framework\\src\\Illuminate\\View\\Engines\\PhpEngine.php(58): Illuminate\\Filesystem\\Filesystem->getRequire('C:\\\\Users\\\\AMIN\\\\D...', Array)
#5 C:\\Users\\AMIN\\Desktop\\bigstore\\vendor\\livewire\\livewire\\src\\ComponentConcerns\\RendersLivewireComponents.php(69): Illuminate\\View\\Engines\\PhpEngine->evaluatePath('C:\\\\Users\\\\AMIN\\\\D...', Array)
#6 C:\\Users\\AMIN\\Desktop\\bigstore\\vendor\\laravel\\framework\\src\\Illuminate\\View\\Engines\\CompilerEngine.php(72): Livewire\\LivewireViewCompilerEngine->evaluatePath('C:\\\\Users\\\\AMIN\\\\D...', Array)
#7 C:\\Users\\AMIN\\Desktop\\bigstore\\vendor\\livewire\\livewire\\src\\ComponentConcerns\\RendersLivewireComponents.php(35): Illuminate\\View\\Engines\\CompilerEngine->get('C:\\\\Users\\\\AMIN\\\\D...', Array)
#8 C:\\Users\\AMIN\\Desktop\\bigstore\\vendor\\laravel\\framework\\src\\Illuminate\\View\\View.php(207): Livewire\\LivewireViewCompilerEngine->get('C:\\\\Users\\\\AMIN\\\\D...', Array)
#9 C:\\Users\\AMIN\\Desktop\\bigstore\\vendor\\laravel\\framework\\src\\Illuminate\\View\\View.php(190): Illuminate\\View\\View->getContents()
#10 C:\\Users\\AMIN\\Desktop\\bigstore\\vendor\\laravel\\framework\\src\\Illuminate\\View\\View.php(159): Illuminate\\View\\View->renderContents()
#11 C:\\Users\\AMIN\\Desktop\\bigstore\\storage\\framework\\views\\2563bfda7293f990652bbb53e74386a2.php(10): Illuminate\\View\\View->render()
#12 C:\\Users\\AMIN\\Desktop\\bigstore\\vendor\\laravel\\framework\\src\\Illuminate\\Filesystem\\Filesystem.php(123): require('C:\\\\Users\\\\AMIN\\\\D...')
#13 C:\\Users\\AMIN\\Desktop\\bigstore\\vendor\\laravel\\framework\\src\\Illuminate\\Filesystem\\Filesystem.php(124): Illuminate\\Filesystem\\Filesystem::Illuminate\\Filesystem\\{closure}()
#14 C:\\Users\\AMIN\\Desktop\\bigstore\\vendor\\laravel\\framework\\src\\Illuminate\\View\\Engines\\PhpEngine.php(58): Illuminate\\Filesystem\\Filesystem->getRequire('C:\\\\Users\\\\AMIN\\\\D...', Array)
#15 C:\\Users\\AMIN\\Desktop\\bigstore\\vendor\\livewire\\livewire\\src\\ComponentConcerns\\RendersLivewireComponents.php(69): Illuminate\\View\\Engines\\PhpEngine->evaluatePath('C:\\\\Users\\\\AMIN\\\\D...', Array)
#16 C:\\Users\\AMIN\\Desktop\\bigstore\\vendor\\laravel\\framework\\src\\Illuminate\\View\\Engines\\CompilerEngine.php(72): Livewire\\LivewireViewCompilerEngine->evaluatePath('C:\\\\Users\\\\AMIN\\\\D...', Array)
#17 C:\\Users\\AMIN\\Desktop\\bigstore\\vendor\\livewire\\livewire\\src\\ComponentConcerns\\RendersLivewireComponents.php(35): Illuminate\\View\\Engines\\CompilerEngine->get('C:\\\\Users\\\\AMIN\\\\D...', Array)
#18 C:\\Users\\AMIN\\Desktop\\bigstore\\vendor\\laravel\\framework\\src\\Illuminate\\View\\View.php(207): Livewire\\LivewireViewCompilerEngine->get('C:\\\\Users\\\\AMIN\\\\D...', Array)
#19 C:\\Users\\AMIN\\Desktop\\bigstore\\vendor\\laravel\\framework\\src\\Illuminate\\View\\View.php(190): Illuminate\\View\\View->getContents()
#20 C:\\Users\\AMIN\\Desktop\\bigstore\\vendor\\laravel\\framework\\src\\Illuminate\\View\\View.php(159): Illuminate\\View\\View->renderContents()
#21 C:\\Users\\AMIN\\Desktop\\bigstore\\storage\\framework\\views\\0ac35e1c1bbffd0a840e186b9ba9f662.php(205): Illuminate\\View\\View->render()
#22 C:\\Users\\AMIN\\Desktop\\bigstore\\vendor\\laravel\\framework\\src\\Illuminate\\Filesystem\\Filesystem.php(123): require('C:\\\\Users\\\\AMIN\\\\D...')
#23 C:\\Users\\AMIN\\Desktop\\bigstore\\vendor\\laravel\\framework\\src\\Illuminate\\Filesystem\\Filesystem.php(124): Illuminate\\Filesystem\\Filesystem::Illuminate\\Filesystem\\{closure}()
#24 C:\\Users\\AMIN\\Desktop\\bigstore\\vendor\\laravel\\framework\\src\\Illuminate\\View\\Engines\\PhpEngine.php(58): Illuminate\\Filesystem\\Filesystem->getRequire('C:\\\\Users\\\\AMIN\\\\D...', Array)
#25 C:\\Users\\AMIN\\Desktop\\bigstore\\vendor\\livewire\\livewire\\src\\ComponentConcerns\\RendersLivewireComponents.php(69): Illuminate\\View\\Engines\\PhpEngine->evaluatePath('C:\\\\Users\\\\AMIN\\\\D...', Array)
#26 C:\\Users\\AMIN\\Desktop\\bigstore\\vendor\\laravel\\framework\\src\\Illuminate\\View\\Engines\\CompilerEngine.php(72): Livewire\\LivewireViewCompilerEngine->evaluatePath('C:\\\\Users\\\\AMIN\\\\D...', Array)
#27 C:\\Users\\AMIN\\Desktop\\bigstore\\vendor\\livewire\\livewire\\src\\ComponentConcerns\\RendersLivewireComponents.php(35): Illuminate\\View\\Engines\\CompilerEngine->get('C:\\\\Users\\\\AMIN\\\\D...', Array)
#28 C:\\Users\\AMIN\\Desktop\\bigstore\\vendor\\laravel\\framework\\src\\Illuminate\\View\\View.php(207): Livewire\\LivewireViewCompilerEngine->get('C:\\\\Users\\\\AMIN\\\\D...', Array)
#29 C:\\Users\\AMIN\\Desktop\\bigstore\\vendor\\laravel\\framework\\src\\Illuminate\\View\\View.php(190): Illuminate\\View\\View->getContents()
#30 C:\\Users\\AMIN\\Desktop\\bigstore\\vendor\\laravel\\framework\\src\\Illuminate\\View\\View.php(159): Illuminate\\View\\View->renderContents()
#31 C:\\Users\\AMIN\\Desktop\\bigstore\\vendor\\laravel\\framework\\src\\Illuminate\\Http\\Response.php(69): Illuminate\\View\\View->render()
#32 C:\\Users\\AMIN\\Desktop\\bigstore\\vendor\\laravel\\framework\\src\\Illuminate\\Http\\Response.php(35): Illuminate\\Http\\Response->setContent(Object(Illuminate\\View\\View))
#33 C:\\Users\\AMIN\\Desktop\\bigstore\\vendor\\laravel\\framework\\src\\Illuminate\\Routing\\Router.php(918): Illuminate\\Http\\Response->__construct(Object(Illuminate\\View\\View), 200, Array)
#34 C:\\Users\\AMIN\\Desktop\\bigstore\\vendor\\laravel\\framework\\src\\Illuminate\\Routing\\Router.php(885): Illuminate\\Routing\\Router::toResponse(Object(Illuminate\\Http\\Request), Object(Illuminate\\View\\View))
#35 C:\\Users\\AMIN\\Desktop\\bigstore\\vendor\\laravel\\framework\\src\\Illuminate\\Routing\\Router.php(805): Illuminate\\Routing\\Router->prepareResponse(Object(Illuminate\\Http\\Request), Object(Illuminate\\View\\View))
#36 C:\\Users\\AMIN\\Desktop\\bigstore\\vendor\\laravel\\framework\\src\\Illuminate\\Pipeline\\Pipeline.php(144): Illuminate\\Routing\\Router->Illuminate\\Routing\\{closure}(Object(Illuminate\\Http\\Request))
#37 C:\\Users\\AMIN\\Desktop\\bigstore\\vendor\\php-flasher\\flasher-laravel\\Middleware\\FlasherMiddleware.php(34): Illuminate\\Pipeline\\Pipeline->Illuminate\\Pipeline\\{closure}(Object(Illuminate\\Http\\Request))
#38 C:\\Users\\AMIN\\Desktop\\bigstore\\vendor\\laravel\\framework\\src\\Illuminate\\Pipeline\\Pipeline.php(183): Flasher\\Laravel\\Middleware\\FlasherMiddleware->handle(Object(Illuminate\\Http\\Request), Object(Closure))
#39 C:\\Users\\AMIN\\Desktop\\bigstore\\vendor\\php-flasher\\flasher-laravel\\Middleware\\SessionMiddleware.php(34): Illuminate\\Pipeline\\Pipeline->Illuminate\\Pipeline\\{closure}(Object(Illuminate\\Http\\Request))
#40 C:\\Users\\AMIN\\Desktop\\bigstore\\vendor\\laravel\\framework\\src\\Illuminate\\Pipeline\\Pipeline.php(183): Flasher\\Laravel\\Middleware\\SessionMiddleware->handle(Object(Illuminate\\Http\\Request), Object(Closure))
#41 C:\\Users\\AMIN\\Desktop\\bigstore\\vendor\\laravel\\framework\\src\\Illuminate\\Routing\\Middleware\\SubstituteBindings.php(50): Illuminate\\Pipeline\\Pipeline->Illuminate\\Pipeline\\{closure}(Object(Illuminate\\Http\\Request))
#42 C:\\Users\\AMIN\\Desktop\\bigstore\\vendor\\laravel\\framework\\src\\Illuminate\\Pipeline\\Pipeline.php(183): Illuminate\\Routing\\Middleware\\SubstituteBindings->handle(Object(Illuminate\\Http\\Request), Object(Closure))
#43 C:\\Users\\AMIN\\Desktop\\bigstore\\vendor\\laravel\\framework\\src\\Illuminate\\Foundation\\Http\\Middleware\\VerifyCsrfToken.php(78): Illuminate\\Pipeline\\Pipeline->Illuminate\\Pipeline\\{closure}(Object(Illuminate\\Http\\Request))
#44 C:\\Users\\AMIN\\Desktop\\bigstore\\vendor\\laravel\\framework\\src\\Illuminate\\Pipeline\\Pipeline.php(183): Illuminate\\Foundation\\Http\\Middleware\\VerifyCsrfToken->handle(Object(Illuminate\\Http\\Request), Object(Closure))
#45 C:\\Users\\AMIN\\Desktop\\bigstore\\vendor\\laravel\\framework\\src\\Illuminate\\View\\Middleware\\ShareErrorsFromSession.php(49): Illuminate\\Pipeline\\Pipeline->Illuminate\\Pipeline\\{closure}(Object(Illuminate\\Http\\Request))
#46 C:\\Users\\AMIN\\Desktop\\bigstore\\vendor\\laravel\\framework\\src\\Illuminate\\Pipeline\\Pipeline.php(183): Illuminate\\View\\Middleware\\ShareErrorsFromSession->handle(Object(Illuminate\\Http\\Request), Object(Closure))
#47 C:\\Users\\AMIN\\Desktop\\bigstore\\vendor\\laravel\\framework\\src\\Illuminate\\Session\\Middleware\\StartSession.php(121): Illuminate\\Pipeline\\Pipeline->Illuminate\\Pipeline\\{closure}(Object(Illuminate\\Http\\Request))
#48 C:\\Users\\AMIN\\Desktop\\bigstore\\vendor\\laravel\\framework\\src\\Illuminate\\Session\\Middleware\\StartSession.php(64): Illuminate\\Session\\Middleware\\StartSession->handleStatefulRequest(Object(Illuminate\\Http\\Request), Object(Illuminate\\Session\\Store), Object(Closure))
#49 C:\\Users\\AMIN\\Desktop\\bigstore\\vendor\\laravel\\framework\\src\\Illuminate\\Pipeline\\Pipeline.php(183): Illuminate\\Session\\Middleware\\StartSession->handle(Object(Illuminate\\Http\\Request), Object(Closure))
#50 C:\\Users\\AMIN\\Desktop\\bigstore\\vendor\\laravel\\framework\\src\\Illuminate\\Cookie\\Middleware\\AddQueuedCookiesToResponse.php(37): Illuminate\\Pipeline\\Pipeline->Illuminate\\Pipeline\\{closure}(Object(Illuminate\\Http\\Request))
#51 C:\\Users\\AMIN\\Desktop\\bigstore\\vendor\\laravel\\framework\\src\\Illuminate\\Pipeline\\Pipeline.php(183): Illuminate\\Cookie\\Middleware\\AddQueuedCookiesToResponse->handle(Object(Illuminate\\Http\\Request), Object(Closure))
#52 C:\\Users\\AMIN\\Desktop\\bigstore\\vendor\\laravel\\framework\\src\\Illuminate\\Cookie\\Middleware\\EncryptCookies.php(67): Illuminate\\Pipeline\\Pipeline->Illuminate\\Pipeline\\{closure}(Object(Illuminate\\Http\\Request))
#53 C:\\Users\\AMIN\\Desktop\\bigstore\\vendor\\laravel\\framework\\src\\Illuminate\\Pipeline\\Pipeline.php(183): Illuminate\\Cookie\\Middleware\\EncryptCookies->handle(Object(Illuminate\\Http\\Request), Object(Closure))
#54 C:\\Users\\AMIN\\Desktop\\bigstore\\vendor\\laravel\\framework\\src\\Illuminate\\Pipeline\\Pipeline.php(119): Illuminate\\Pipeline\\Pipeline->Illuminate\\Pipeline\\{closure}(Object(Illuminate\\Http\\Request))
#55 C:\\Users\\AMIN\\Desktop\\bigstore\\vendor\\laravel\\framework\\src\\Illuminate\\Routing\\Router.php(805): Illuminate\\Pipeline\\Pipeline->then(Object(Closure))
#56 C:\\Users\\AMIN\\Desktop\\bigstore\\vendor\\laravel\\framework\\src\\Illuminate\\Routing\\Router.php(784): Illuminate\\Routing\\Router->runRouteWithinStack(Object(Illuminate\\Routing\\Route), Object(Illuminate\\Http\\Request))
#57 C:\\Users\\AMIN\\Desktop\\bigstore\\vendor\\laravel\\framework\\src\\Illuminate\\Routing\\Router.php(748): Illuminate\\Routing\\Router->runRoute(Object(Illuminate\\Http\\Request), Object(Illuminate\\Routing\\Route))
#58 C:\\Users\\AMIN\\Desktop\\bigstore\\vendor\\laravel\\framework\\src\\Illuminate\\Routing\\Router.php(737): Illuminate\\Routing\\Router->dispatchToRoute(Object(Illuminate\\Http\\Request))
#59 C:\\Users\\AMIN\\Desktop\\bigstore\\vendor\\laravel\\framework\\src\\Illuminate\\Foundation\\Http\\Kernel.php(200): Illuminate\\Routing\\Router->dispatch(Object(Illuminate\\Http\\Request))
#60 C:\\Users\\AMIN\\Desktop\\bigstore\\vendor\\laravel\\framework\\src\\Illuminate\\Pipeline\\Pipeline.php(144): Illuminate\\Foundation\\Http\\Kernel->Illuminate\\Foundation\\Http\\{closure}(Object(Illuminate\\Http\\Request))
#61 C:\\Users\\AMIN\\Desktop\\bigstore\\vendor\\livewire\\livewire\\src\\DisableBrowserCache.php(19): Illuminate\\Pipeline\\Pipeline->Illuminate\\Pipeline\\{closure}(Object(Illuminate\\Http\\Request))
#62 C:\\Users\\AMIN\\Desktop\\bigstore\\vendor\\laravel\\framework\\src\\Illuminate\\Pipeline\\Pipeline.php(183): Livewire\\DisableBrowserCache->handle(Object(Illuminate\\Http\\Request), Object(Closure))
#63 C:\\Users\\AMIN\\Desktop\\bigstore\\vendor\\laravel\\framework\\src\\Illuminate\\Foundation\\Http\\Middleware\\TransformsRequest.php(21): Illuminate\\Pipeline\\Pipeline->Illuminate\\Pipeline\\{closure}(Object(Illuminate\\Http\\Request))
#64 C:\\Users\\AMIN\\Desktop\\bigstore\\vendor\\laravel\\framework\\src\\Illuminate\\Foundation\\Http\\Middleware\\ConvertEmptyStringsToNull.php(31): Illuminate\\Foundation\\Http\\Middleware\\TransformsRequest->handle(Object(Illuminate\\Http\\Request), Object(Closure))
#65 C:\\Users\\AMIN\\Desktop\\bigstore\\vendor\\laravel\\framework\\src\\Illuminate\\Pipeline\\Pipeline.php(183): Illuminate\\Foundation\\Http\\Middleware\\ConvertEmptyStringsToNull->handle(Object(Illuminate\\Http\\Request), Object(Closure))
#66 C:\\Users\\AMIN\\Desktop\\bigstore\\vendor\\laravel\\framework\\src\\Illuminate\\Foundation\\Http\\Middleware\\TransformsRequest.php(21): Illuminate\\Pipeline\\Pipeline->Illuminate\\Pipeline\\{closure}(Object(Illuminate\\Http\\Request))
#67 C:\\Users\\AMIN\\Desktop\\bigstore\\vendor\\laravel\\framework\\src\\Illuminate\\Foundation\\Http\\Middleware\\TrimStrings.php(40): Illuminate\\Foundation\\Http\\Middleware\\TransformsRequest->handle(Object(Illuminate\\Http\\Request), Object(Closure))
#68 C:\\Users\\AMIN\\Desktop\\bigstore\\vendor\\laravel\\framework\\src\\Illuminate\\Pipeline\\Pipeline.php(183): Illuminate\\Foundation\\Http\\Middleware\\TrimStrings->handle(Object(Illuminate\\Http\\Request), Object(Closure))
#69 C:\\Users\\AMIN\\Desktop\\bigstore\\vendor\\laravel\\framework\\src\\Illuminate\\Foundation\\Http\\Middleware\\ValidatePostSize.php(27): Illuminate\\Pipeline\\Pipeline->Illuminate\\Pipeline\\{closure}(Object(Illuminate\\Http\\Request))
#70 C:\\Users\\AMIN\\Desktop\\bigstore\\vendor\\laravel\\framework\\src\\Illuminate\\Pipeline\\Pipeline.php(183): Illuminate\\Foundation\\Http\\Middleware\\ValidatePostSize->handle(Object(Illuminate\\Http\\Request), Object(Closure))
#71 C:\\Users\\AMIN\\Desktop\\bigstore\\vendor\\laravel\\framework\\src\\Illuminate\\Foundation\\Http\\Middleware\\PreventRequestsDuringMaintenance.php(99): Illuminate\\Pipeline\\Pipeline->Illuminate\\Pipeline\\{closure}(Object(Illuminate\\Http\\Request))
#72 C:\\Users\\AMIN\\Desktop\\bigstore\\vendor\\laravel\\framework\\src\\Illuminate\\Pipeline\\Pipeline.php(183): Illuminate\\Foundation\\Http\\Middleware\\PreventRequestsDuringMaintenance->handle(Object(Illuminate\\Http\\Request), Object(Closure))
#73 C:\\Users\\AMIN\\Desktop\\bigstore\\vendor\\laravel\\framework\\src\\Illuminate\\Http\\Middleware\\HandleCors.php(49): Illuminate\\Pipeline\\Pipeline->Illuminate\\Pipeline\\{closure}(Object(Illuminate\\Http\\Request))
#74 C:\\Users\\AMIN\\Desktop\\bigstore\\vendor\\laravel\\framework\\src\\Illuminate\\Pipeline\\Pipeline.php(183): Illuminate\\Http\\Middleware\\HandleCors->handle(Object(Illuminate\\Http\\Request), Object(Closure))
#75 C:\\Users\\AMIN\\Desktop\\bigstore\\vendor\\laravel\\framework\\src\\Illuminate\\Http\\Middleware\\TrustProxies.php(39): Illuminate\\Pipeline\\Pipeline->Illuminate\\Pipeline\\{closure}(Object(Illuminate\\Http\\Request))
#76 C:\\Users\\AMIN\\Desktop\\bigstore\\vendor\\laravel\\framework\\src\\Illuminate\\Pipeline\\Pipeline.php(183): Illuminate\\Http\\Middleware\\TrustProxies->handle(Object(Illuminate\\Http\\Request), Object(Closure))
#77 C:\\Users\\AMIN\\Desktop\\bigstore\\vendor\\laravel\\framework\\src\\Illuminate\\Pipeline\\Pipeline.php(119): Illuminate\\Pipeline\\Pipeline->Illuminate\\Pipeline\\{closure}(Object(Illuminate\\Http\\Request))
#78 C:\\Users\\AMIN\\Desktop\\bigstore\\vendor\\laravel\\framework\\src\\Illuminate\\Foundation\\Http\\Kernel.php(175): Illuminate\\Pipeline\\Pipeline->then(Object(Closure))
#79 C:\\Users\\AMIN\\Desktop\\bigstore\\vendor\\laravel\\framework\\src\\Illuminate\\Foundation\\Http\\Kernel.php(144): Illuminate\\Foundation\\Http\\Kernel->sendRequestThroughRouter(Object(Illuminate\\Http\\Request))
#80 C:\\Users\\AMIN\\Desktop\\bigstore\\public\\index.php(51): Illuminate\\Foundation\\Http\\Kernel->handle(Object(Illuminate\\Http\\Request))
#81 C:\\Users\\AMIN\\Desktop\\bigstore\\vendor\\laravel\\framework\\src\\Illuminate\\Foundation\\resources\\server.php(16): require_once('C:\\\\Users\\\\AMIN\\\\D...')
#82 {main}
"} 
[2026-07-16 01:01:29] local.ERROR: Cannot redeclare province_name() (previously declared in C:\Users\AMIN\Desktop\bigstore\app\helpers.php:7) {"exception":"[object] (Symfony\\Component\\ErrorHandler\\Error\\FatalError(code: 0): Cannot redeclare province_name() (previously declared in C:\\Users\\AMIN\\Desktop\\bigstore\\app\\helpers.php:7) at C:\\Users\\AMIN\\Desktop\\bigstore\\app\\helpers.php:9)
[stacktrace]
#0 {main}
"} 
[2026-07-16 01:02:29] local.ERROR: Cannot redeclare province_name() (previously declared in C:\Users\AMIN\Desktop\bigstore\app\helpers.php:7) {"exception":"[object] (Symfony\\Component\\ErrorHandler\\Error\\FatalError(code: 0): Cannot redeclare province_name() (previously declared in C:\\Users\\AMIN\\Desktop\\bigstore\\app\\helpers.php:7) at C:\\Users\\AMIN\\Desktop\\bigstore\\app\\helpers.php:9)
[stacktrace]
#0 {main}
"} 
[2026-07-16 01:03:29] local.ERROR: Cannot redeclare province_name() (previously declared in C:\Users\AMIN\Desktop\bigstore\app\helpers.php:7) {"exception":"[object] (Symfony\\Component\\ErrorHandler\\Error\\FatalError(code: 0): Cannot redeclare province_name() (previously declared in C:\\Users\\AMIN\\Desktop\\bigstore\\app\\helpers.php:7) at C:\\Users\\AMIN\\Desktop\\bigstore\\app\\helpers.php:9)
[stacktrace]
#0 {main}
"} 
[2026-07-16 01:04:29] local.ERROR: Cannot redeclare province_name() (previously declared in C:\Users\AMIN\Desktop\bigstore\app\helpers.php:7) {"exception":"[object] (Symfony\\Component\\ErrorHandler\\Error\\FatalError(code: 0): Cannot redeclare province_name() (previously declared in C:\\Users\\AMIN\\Desktop\\bigstore\\app\\helpers.php:7) at C:\\Users\\AMIN\\Desktop\\bigstore\\app\\helpers.php:9)
[stacktrace]
#0 {main}
"} 
[2026-07-16 01:05:29] local.ERROR: Cannot redeclare province_name() (previously declared in C:\Users\AMIN\Desktop\bigstore\app\helpers.php:7) {"exception":"[object] (Symfony\\Component\\ErrorHandler\\Error\\FatalError(code: 0): Cannot redeclare province_name() (previously declared in C:\\Users\\AMIN\\Desktop\\bigstore\\app\\helpers.php:7) at C:\\Users\\AMIN\\Desktop\\bigstore\\app\\helpers.php:9)
[stacktrace]
#0 {main}
"} 
[2026-07-16 01:06:29] local.ERROR: Cannot redeclare province_name() (previously declared in C:\Users\AMIN\Desktop\bigstore\app\helpers.php:7) {"exception":"[object] (Symfony\\Component\\ErrorHandler\\Error\\FatalError(code: 0): Cannot redeclare province_name() (previously declared in C:\\Users\\AMIN\\Desktop\\bigstore\\app\\helpers.php:7) at C:\\Users\\AMIN\\Desktop\\bigstore\\app\\helpers.php:9)
[stacktrace]
#0 {main}
"} 
[2026-07-16 01:07:29] local.ERROR: Cannot redeclare province_name() (previously declared in C:\Users\AMIN\Desktop\bigstore\app\helpers.php:7) {"exception":"[object] (Symfony\\Component\\ErrorHandler\\Error\\FatalError(code: 0): Cannot redeclare province_name() (previously declared in C:\\Users\\AMIN\\Desktop\\bigstore\\app\\helpers.php:7) at C:\\Users\\AMIN\\Desktop\\bigstore\\app\\helpers.php:9)
[stacktrace]
#0 {main}
"} 
[2026-07-16 01:08:29] local.ERROR: Cannot redeclare province_name() (previously declared in C:\Users\AMIN\Desktop\bigstore\app\helpers.php:7) {"exception":"[object] (Symfony\\Component\\ErrorHandler\\Error\\FatalError(code: 0): Cannot redeclare province_name() (previously declared in C:\\Users\\AMIN\\Desktop\\bigstore\\app\\helpers.php:7) at C:\\Users\\AMIN\\Desktop\\bigstore\\app\\helpers.php:9)
[stacktrace]
#0 {main}
"} 
[2026-07-16 01:09:29] local.ERROR: Cannot redeclare province_name() (previously declared in C:\Users\AMIN\Desktop\bigstore\app\helpers.php:7) {"exception":"[object] (Symfony\\Component\\ErrorHandler\\Error\\FatalError(code: 0): Cannot redeclare province_name() (previously declared in C:\\Users\\AMIN\\Desktop\\bigstore\\app\\helpers.php:7) at C:\\Users\\AMIN\\Desktop\\bigstore\\app\\helpers.php:9)
[stacktrace]
#0 {main}
"} 
[2026-07-16 01:10:29] local.ERROR: Cannot redeclare province_name() (previously declared in C:\Users\AMIN\Desktop\bigstore\app\helpers.php:7) {"exception":"[object] (Symfony\\Component\\ErrorHandler\\Error\\FatalError(code: 0): Cannot redeclare province_name() (previously declared in C:\\Users\\AMIN\\Desktop\\bigstore\\app\\helpers.php:7) at C:\\Users\\AMIN\\Desktop\\bigstore\\app\\helpers.php:9)
[stacktrace]
#0 {main}
"} 
[2026-07-16 01:11:29] local.ERROR: Cannot redeclare province_name() (previously declared in C:\Users\AMIN\Desktop\bigstore\app\helpers.php:7) {"exception":"[object] (Symfony\\Component\\ErrorHandler\\Error\\FatalError(code: 0): Cannot redeclare province_name() (previously declared in C:\\Users\\AMIN\\Desktop\\bigstore\\app\\helpers.php:7) at C:\\Users\\AMIN\\Desktop\\bigstore\\app\\helpers.php:9)
[stacktrace]
#0 {main}
"} 
